host,method,use_hindsighttag,seed,T_tag,W_capture,theta_capture,theta_rescue,omega_assoc,E_window,theta_link,delta_rescue,retention_threshold,rescue_recall,false_rescue_rate,retention_lift,coallocation_recall_at_k,heterosynaptic_recall,n_rescued_precursor,n_false_rescue,n_coalloc,mem0_library_available,conversation,config_id
mem0,mem0,False,0,21600.0,3024000.0,0.7,0.1,0.0,14400.0,0.1,1.0,0.35,0.0,0.0,0.0,,0.0,8,8,0,True,conv-26,baseline
mem0,mem0+HindsightTag,True,0,21600.0,3024000.0,0.7,0.1,0.0,14400.0,0.1,1.0,0.35,0.0,0.0,0.0,1.0,0.0,8,8,4,True,conv-26,ablation_0
mem0,mem0+HindsightTag,True,0,21600.0,3024000.0,0.7,0.1,0.25,14400.0,0.1,1.0,0.35,0.0,0.0,0.0,1.0,0.0,8,8,4,True,conv-26,ablation_1
mem0,mem0+HindsightTag,True,0,21600.0,3024000.0,0.7,0.1,0.5,14400.0,0.1,1.0,0.35,0.0,0.0,0.0,1.0,0.0,8,8,4,True,conv-26,ablation_2
mem0,mem0+HindsightTag,True,0,21600.0,3024000.0,0.7,0.1,0.75,14400.0,0.1,1.0,0.35,0.0,0.0,0.0,1.0,0.0,8,8,4,True,conv-26,ablation_3
mem0,mem0+HindsightTag,True,0,21600.0,3024000.0,0.7,0.1,1.0,14400.0,0.1,1.0,0.35,0.0,0.0,0.0,1.0,0.0,8,8,4,True,conv-26,ablation_4
mem0,mem0+HindsightTag,True,0,21600.0,756000.0,0.5,0.05,0.0,7200.0,0.1,1.0,0.35,0.0,0.0,0.0,1.0,0.0,8,8,4,True,conv-26,ablation_5
mem0,mem0+HindsightTag,True,0,21600.0,756000.0,0.5,0.15,0.0,7200.0,0.1,1.0,0.35,0.0,0.0,0.0,1.0,0.0,8,8,4,True,conv-26,ablation_6
mem0,mem0+HindsightTag,True,0,21600.0,756000.0,0.5,0.3,0.0,7200.0,0.1,1.0,0.35,0.0,0.0,0.0,1.0,0.0,8,8,4,True,conv-26,ablation_7
mem0,mem0+HindsightTag,True,0,21600.0,756000.0,0.7,0.05,0.0,7200.0,0.1,1.0,0.35,0.0,0.0,0.0,1.0,0.0,8,8,4,True,conv-26,ablation_8
mem0,mem0+HindsightTag,True,0,21600.0,756000.0,0.7,0.15,0.0,7200.0,0.1,1.0,0.35,0.0,0.0,0.0,1.0,0.0,8,8,4,True,conv-26,ablation_9
mem0,mem0+HindsightTag,True,0,21600.0,756000.0,0.7,0.3,0.0,7200.0,0.1,1.0,0.35,0.0,0.0,0.0,1.0,0.0,8,8,4,True,conv-26,ablation_10
mem0,mem0+HindsightTag,True,0,21600.0,756000.0,0.9,0.05,0.0,7200.0,0.1,1.0,0.35,0.0,0.0,0.0,1.0,0.0,8,8,4,True,conv-26,ablation_11
mem0,mem0+HindsightTag,True,0,21600.0,756000.0,0.9,0.15,0.0,7200.0,0.1,1.0,0.35,0.0,0.0,0.0,1.0,0.0,8,8,4,True,conv-26,ablation_12
mem0,mem0+HindsightTag,True,0,21600.0,756000.0,0.9,0.3,0.0,7200.0,0.1,1.0,0.35,0.0,0.0,0.0,1.0,0.0,8,8,4,True,conv-26,ablation_13
mem0,mem0+HindsightTag,True,0,21600.0,756000.0,0.5,0.05,0.0,14400.0,0.1,1.0,0.35,0.0,0.0,0.0,1.0,0.0,8,8,4,True,conv-26,ablation_14
mem0,mem0+HindsightTag,True,0,21600.0,756000.0,0.5,0.15,0.0,14400.0,0.1,1.0,0.35,0.0,0.0,0.0,1.0,0.0,8,8,4,True,conv-26,ablation_15
mem0,mem0+HindsightTag,True,0,21600.0,756000.0,0.5,0.3,0.0,14400.0,0.1,1.0,0.35,0.0,0.0,0.0,1.0,0.0,8,8,4,True,conv-26,ablation_16
mem0,mem0+HindsightTag,True,0,21600.0,756000.0,0.7,0.05,0.0,14400.0,0.1,1.0,0.35,0.0,0.0,0.0,1.0,0.0,8,8,4,True,conv-26,ablation_17
mem0,mem0+HindsightTag,True,0,21600.0,756000.0,0.7,0.15,0.0,14400.0,0.1,1.0,0.35,0.0,0.0,0.0,1.0,0.0,8,8,4,True,conv-26,ablation_18
mem0,mem0+HindsightTag,True,0,21600.0,756000.0,0.7,0.3,0.0,14400.0,0.1,1.0,0.35,0.0,0.0,0.0,1.0,0.0,8,8,4,True,conv-26,ablation_19
mem0,mem0+HindsightTag,True,0,21600.0,756000.0,0.9,0.05,0.0,14400.0,0.1,1.0,0.35,0.0,0.0,0.0,1.0,0.0,8,8,4,True,conv-26,ablation_20
mem0,mem0+HindsightTag,True,0,21600.0,756000.0,0.9,0.15,0.0,14400.0,0.1,1.0,0.35,0.0,0.0,0.0,1.0,0.0,8,8,4,True,conv-26,ablation_21
mem0,mem0+HindsightTag,True,0,21600.0,756000.0,0.9,0.3,0.0,14400.0,0.1,1.0,0.35,0.0,0.0,0.0,1.0,0.0,8,8,4,True,conv-26,ablation_22
mem0,mem0+HindsightTag,True,0,21600.0,756000.0,0.5,0.05,0.0,28800.0,0.1,1.0,0.35,0.0,0.0,0.0,1.0,0.0,8,8,4,True,conv-26,ablation_23
mem0,mem0+HindsightTag,True,0,21600.0,756000.0,0.5,0.15,0.0,28800.0,0.1,1.0,0.35,0.0,0.0,0.0,1.0,0.0,8,8,4,True,conv-26,ablation_24
mem0,mem0+HindsightTag,True,0,21600.0,756000.0,0.5,0.3,0.0,28800.0,0.1,1.0,0.35,0.0,0.0,0.0,1.0,0.0,8,8,4,True,conv-26,ablation_25
mem0,mem0+HindsightTag,True,0,21600.0,756000.0,0.7,0.05,0.0,28800.0,0.1,1.0,0.35,0.0,0.0,0.0,1.0,0.0,8,8,4,True,conv-26,ablation_26
mem0,mem0+HindsightTag,True,0,21600.0,756000.0,0.7,0.15,0.0,28800.0,0.1,1.0,0.35,0.0,0.0,0.0,1.0,0.0,8,8,4,True,conv-26,ablation_27
mem0,mem0+HindsightTag,True,0,21600.0,756000.0,0.7,0.3,0.0,28800.0,0.1,1.0,0.35,0.0,0.0,0.0,1.0,0.0,8,8,4,True,conv-26,ablation_28
mem0,mem0+HindsightTag,True,0,21600.0,756000.0,0.9,0.05,0.0,28800.0,0.1,1.0,0.35,0.0,0.0,0.0,1.0,0.0,8,8,4,True,conv-26,ablation_29
mem0,mem0+HindsightTag,True,0,21600.0,756000.0,0.9,0.15,0.0,28800.0,0.1,1.0,0.35,0.0,0.0,0.0,1.0,0.0,8,8,4,True,conv-26,ablation_30
mem0,mem0+HindsightTag,True,0,21600.0,756000.0,0.9,0.3,0.0,28800.0,0.1,1.0,0.35,0.0,0.0,0.0,1.0,0.0,8,8,4,True,conv-26,ablation_31
mem0,mem0+HindsightTag,True,0,21600.0,3024000.0,0.5,0.05,0.0,7200.0,0.1,1.0,0.35,0.0,0.0,0.0,1.0,0.0,8,8,4,True,conv-26,ablation_32
mem0,mem0+HindsightTag,True,0,21600.0,3024000.0,0.5,0.15,0.0,7200.0,0.1,1.0,0.35,0.0,0.0,0.0,1.0,0.0,8,8,4,True,conv-26,ablation_33
mem0,mem0+HindsightTag,True,0,21600.0,3024000.0,0.5,0.3,0.0,7200.0,0.1,1.0,0.35,0.0,0.0,0.0,1.0,0.0,8,8,4,True,conv-26,ablation_34
mem0,mem0+HindsightTag,True,0,21600.0,3024000.0,0.7,0.05,0.0,7200.0,0.1,1.0,0.35,0.0,0.0,0.0,1.0,0.0,8,8,4,True,conv-26,ablation_35
mem0,mem0+HindsightTag,True,0,21600.0,3024000.0,0.7,0.15,0.0,7200.0,0.1,1.0,0.35,0.0,0.0,0.0,1.0,0.0,8,8,4,True,conv-26,ablation_36
mem0,mem0+HindsightTag,True,0,21600.0,3024000.0,0.7,0.3,0.0,7200.0,0.1,1.0,0.35,0.0,0.0,0.0,1.0,0.0,8,8,4,True,conv-26,ablation_37
mem0,mem0+HindsightTag,True,0,21600.0,3024000.0,0.9,0.05,0.0,7200.0,0.1,1.0,0.35,0.0,0.0,0.0,1.0,0.0,8,8,4,True,conv-26,ablation_38
mem0,mem0+HindsightTag,True,0,21600.0,3024000.0,0.9,0.15,0.0,7200.0,0.1,1.0,0.35,0.0,0.0,0.0,1.0,0.0,8,8,4,True,conv-26,ablation_39
mem0,mem0+HindsightTag,True,0,21600.0,3024000.0,0.9,0.3,0.0,7200.0,0.1,1.0,0.35,0.0,0.0,0.0,1.0,0.0,8,8,4,True,conv-26,ablation_40
mem0,mem0+HindsightTag,True,0,21600.0,3024000.0,0.5,0.05,0.0,14400.0,0.1,1.0,0.35,0.0,0.0,0.0,1.0,0.0,8,8,4,True,conv-26,ablation_41
mem0,mem0+HindsightTag,True,0,21600.0,3024000.0,0.5,0.15,0.0,14400.0,0.1,1.0,0.35,0.0,0.0,0.0,1.0,0.0,8,8,4,True,conv-26,ablation_42
mem0,mem0+HindsightTag,True,0,21600.0,3024000.0,0.5,0.3,0.0,14400.0,0.1,1.0,0.35,0.0,0.0,0.0,1.0,0.0,8,8,4,True,conv-26,ablation_43
mem0,mem0+HindsightTag,True,0,21600.0,3024000.0,0.7,0.05,0.0,14400.0,0.1,1.0,0.35,0.0,0.0,0.0,1.0,0.0,8,8,4,True,conv-26,ablation_44
mem0,mem0+HindsightTag,True,0,21600.0,3024000.0,0.7,0.15,0.0,14400.0,0.1,1.0,0.35,0.0,0.0,0.0,1.0,0.0,8,8,4,True,conv-26,ablation_45
mem0,mem0+HindsightTag,True,0,21600.0,3024000.0,0.7,0.3,0.0,14400.0,0.1,1.0,0.35,0.0,0.0,0.0,1.0,0.0,8,8,4,True,conv-26,ablation_46
mem0,mem0+HindsightTag,True,0,21600.0,3024000.0,0.9,0.05,0.0,14400.0,0.1,1.0,0.35,0.0,0.0,0.0,1.0,0.0,8,8,4,True,conv-26,ablation_47
mem0,mem0+HindsightTag,True,0,21600.0,3024000.0,0.9,0.15,0.0,14400.0,0.1,1.0,0.35,0.0,0.0,0.0,1.0,0.0,8,8,4,True,conv-26,ablation_48
mem0,mem0+HindsightTag,True,0,21600.0,3024000.0,0.9,0.3,0.0,14400.0,0.1,1.0,0.35,0.0,0.0,0.0,1.0,0.0,8,8,4,True,conv-26,ablation_49
mem0,mem0+HindsightTag,True,0,21600.0,3024000.0,0.5,0.05,0.0,28800.0,0.1,1.0,0.35,0.0,0.0,0.0,1.0,0.0,8,8,4,True,conv-26,ablation_50
mem0,mem0+HindsightTag,True,0,21600.0,3024000.0,0.5,0.15,0.0,28800.0,0.1,1.0,0.35,0.0,0.0,0.0,1.0,0.0,8,8,4,True,conv-26,ablation_51
mem0,mem0+HindsightTag,True,0,21600.0,3024000.0,0.5,0.3,0.0,28800.0,0.1,1.0,0.35,0.0,0.0,0.0,1.0,0.0,8,8,4,True,conv-26,ablation_52
mem0,mem0+HindsightTag,True,0,21600.0,3024000.0,0.7,0.05,0.0,28800.0,0.1,1.0,0.35,0.0,0.0,0.0,1.0,0.0,8,8,4,True,conv-26,ablation_53
mem0,mem0+HindsightTag,True,0,21600.0,3024000.0,0.7,0.15,0.0,28800.0,0.1,1.0,0.35,0.0,0.0,0.0,1.0,0.0,8,8,4,True,conv-26,ablation_54
mem0,mem0+HindsightTag,True,0,21600.0,3024000.0,0.7,0.3,0.0,28800.0,0.1,1.0,0.35,0.0,0.0,0.0,1.0,0.0,8,8,4,True,conv-26,ablation_55
mem0,mem0+HindsightTag,True,0,21600.0,3024000.0,0.9,0.05,0.0,28800.0,0.1,1.0,0.35,0.0,0.0,0.0,1.0,0.0,8,8,4,True,conv-26,ablation_56
mem0,mem0+HindsightTag,True,0,21600.0,3024000.0,0.9,0.15,0.0,28800.0,0.1,1.0,0.35,0.0,0.0,0.0,1.0,0.0,8,8,4,True,conv-26,ablation_57
mem0,mem0+HindsightTag,True,0,21600.0,3024000.0,0.9,0.3,0.0,28800.0,0.1,1.0,0.35,0.0,0.0,0.0,1.0,0.0,8,8,4,True,conv-26,ablation_58
mem0,mem0+HindsightTag,True,0,21600.0,6048000.0,0.5,0.05,0.0,7200.0,0.1,1.0,0.35,0.0,0.0,0.0,1.0,0.0,8,8,4,True,conv-26,ablation_59
mem0,mem0+HindsightTag,True,0,21600.0,6048000.0,0.5,0.15,0.0,7200.0,0.1,1.0,0.35,0.0,0.0,0.0,1.0,0.0,8,8,4,True,conv-26,ablation_60
mem0,mem0+HindsightTag,True,0,21600.0,6048000.0,0.5,0.3,0.0,7200.0,0.1,1.0,0.35,0.0,0.0,0.0,1.0,0.0,8,8,4,True,conv-26,ablation_61
mem0,mem0+HindsightTag,True,0,21600.0,6048000.0,0.7,0.05,0.0,7200.0,0.1,1.0,0.35,0.0,0.0,0.0,1.0,0.0,8,8,4,True,conv-26,ablation_62
mem0,mem0+HindsightTag,True,0,21600.0,6048000.0,0.7,0.15,0.0,7200.0,0.1,1.0,0.35,0.0,0.0,0.0,1.0,0.0,8,8,4,True,conv-26,ablation_63
mem0,mem0+HindsightTag,True,0,21600.0,6048000.0,0.7,0.3,0.0,7200.0,0.1,1.0,0.35,0.0,0.0,0.0,1.0,0.0,8,8,4,True,conv-26,ablation_64
mem0,mem0+HindsightTag,True,0,21600.0,6048000.0,0.9,0.05,0.0,7200.0,0.1,1.0,0.35,0.0,0.0,0.0,1.0,0.0,8,8,4,True,conv-26,ablation_65
mem0,mem0+HindsightTag,True,0,21600.0,6048000.0,0.9,0.15,0.0,7200.0,0.1,1.0,0.35,0.0,0.0,0.0,1.0,0.0,8,8,4,True,conv-26,ablation_66
mem0,mem0+HindsightTag,True,0,21600.0,6048000.0,0.9,0.3,0.0,7200.0,0.1,1.0,0.35,0.0,0.0,0.0,1.0,0.0,8,8,4,True,conv-26,ablation_67
mem0,mem0+HindsightTag,True,0,21600.0,6048000.0,0.5,0.05,0.0,14400.0,0.1,1.0,0.35,0.0,0.0,0.0,1.0,0.0,8,8,4,True,conv-26,ablation_68
mem0,mem0+HindsightTag,True,0,21600.0,6048000.0,0.5,0.15,0.0,14400.0,0.1,1.0,0.35,0.0,0.0,0.0,1.0,0.0,8,8,4,True,conv-26,ablation_69
mem0,mem0+HindsightTag,True,0,21600.0,6048000.0,0.5,0.3,0.0,14400.0,0.1,1.0,0.35,0.0,0.0,0.0,1.0,0.0,8,8,4,True,conv-26,ablation_70
mem0,mem0+HindsightTag,True,0,21600.0,6048000.0,0.7,0.05,0.0,14400.0,0.1,1.0,0.35,0.0,0.0,0.0,1.0,0.0,8,8,4,True,conv-26,ablation_71
mem0,mem0+HindsightTag,True,0,21600.0,6048000.0,0.7,0.15,0.0,14400.0,0.1,1.0,0.35,0.0,0.0,0.0,1.0,0.0,8,8,4,True,conv-26,ablation_72
mem0,mem0+HindsightTag,True,0,21600.0,6048000.0,0.7,0.3,0.0,14400.0,0.1,1.0,0.35,0.0,0.0,0.0,1.0,0.0,8,8,4,True,conv-26,ablation_73
mem0,mem0+HindsightTag,True,0,21600.0,6048000.0,0.9,0.05,0.0,14400.0,0.1,1.0,0.35,0.0,0.0,0.0,1.0,0.0,8,8,4,True,conv-26,ablation_74
mem0,mem0+HindsightTag,True,0,21600.0,6048000.0,0.9,0.15,0.0,14400.0,0.1,1.0,0.35,0.0,0.0,0.0,1.0,0.0,8,8,4,True,conv-26,ablation_75
mem0,mem0+HindsightTag,True,0,21600.0,6048000.0,0.9,0.3,0.0,14400.0,0.1,1.0,0.35,0.0,0.0,0.0,1.0,0.0,8,8,4,True,conv-26,ablation_76
mem0,mem0+HindsightTag,True,0,21600.0,6048000.0,0.5,0.05,0.0,28800.0,0.1,1.0,0.35,0.0,0.0,0.0,1.0,0.0,8,8,4,True,conv-26,ablation_77
mem0,mem0+HindsightTag,True,0,21600.0,6048000.0,0.5,0.15,0.0,28800.0,0.1,1.0,0.35,0.0,0.0,0.0,1.0,0.0,8,8,4,True,conv-26,ablation_78
mem0,mem0+HindsightTag,True,0,21600.0,6048000.0,0.5,0.3,0.0,28800.0,0.1,1.0,0.35,0.0,0.0,0.0,1.0,0.0,8,8,4,True,conv-26,ablation_79
mem0,mem0+HindsightTag,True,0,21600.0,6048000.0,0.7,0.05,0.0,28800.0,0.1,1.0,0.35,0.0,0.0,0.0,1.0,0.0,8,8,4,True,conv-26,ablation_80
mem0,mem0+HindsightTag,True,0,21600.0,6048000.0,0.7,0.15,0.0,28800.0,0.1,1.0,0.35,0.0,0.0,0.0,1.0,0.0,8,8,4,True,conv-26,ablation_81
mem0,mem0+HindsightTag,True,0,21600.0,6048000.0,0.7,0.3,0.0,28800.0,0.1,1.0,0.35,0.0,0.0,0.0,1.0,0.0,8,8,4,True,conv-26,ablation_82
mem0,mem0+HindsightTag,True,0,21600.0,6048000.0,0.9,0.05,0.0,28800.0,0.1,1.0,0.35,0.0,0.0,0.0,1.0,0.0,8,8,4,True,conv-26,ablation_83
mem0,mem0+HindsightTag,True,0,21600.0,6048000.0,0.9,0.15,0.0,28800.0,0.1,1.0,0.35,0.0,0.0,0.0,1.0,0.0,8,8,4,True,conv-26,ablation_84
mem0,mem0+HindsightTag,True,0,21600.0,6048000.0,0.9,0.3,0.0,28800.0,0.1,1.0,0.35,0.0,0.0,0.0,1.0,0.0,8,8,4,True,conv-26,ablation_85
vector_store,vector_store,False,0,21600.0,3024000.0,0.7,0.1,0.0,14400.0,0.1,1.0,0.35,0.0,0.0,0.0,,0.0,8,8,0,,conv-26,baseline
vector_store,vector_store+HindsightTag,True,0,21600.0,3024000.0,0.7,0.1,0.0,14400.0,0.1,1.0,0.35,0.125,0.0,0.125,1.0,0.375,8,8,4,,conv-26,ablation_0
vector_store,vector_store+HindsightTag,True,0,21600.0,3024000.0,0.7,0.1,0.25,14400.0,0.1,1.0,0.35,0.125,0.0,0.125,1.0,0.375,8,8,4,,conv-26,ablation_1
vector_store,vector_store+HindsightTag,True,0,21600.0,3024000.0,0.7,0.1,0.5,14400.0,0.1,1.0,0.35,0.125,0.0,0.125,1.0,0.375,8,8,4,,conv-26,ablation_2
vector_store,vector_store+HindsightTag,True,0,21600.0,3024000.0,0.7,0.1,0.75,14400.0,0.1,1.0,0.35,0.125,0.0,0.125,1.0,0.375,8,8,4,,conv-26,ablation_3
vector_store,vector_store+HindsightTag,True,0,21600.0,3024000.0,0.7,0.1,1.0,14400.0,0.1,1.0,0.35,0.125,0.0,0.125,1.0,0.25,8,8,4,,conv-26,ablation_4
vector_store,vector_store+HindsightTag,True,0,21600.0,756000.0,0.5,0.05,0.0,7200.0,0.1,1.0,0.35,0.125,0.0,0.125,1.0,0.375,8,8,4,,conv-26,ablation_5
vector_store,vector_store+HindsightTag,True,0,21600.0,756000.0,0.5,0.15,0.0,7200.0,0.1,1.0,0.35,0.125,0.0,0.125,1.0,0.375,8,8,4,,conv-26,ablation_6
vector_store,vector_store+HindsightTag,True,0,21600.0,756000.0,0.5,0.3,0.0,7200.0,0.1,1.0,0.35,0.0,0.0,0.0,1.0,0.0,8,8,4,,conv-26,ablation_7
vector_store,vector_store+HindsightTag,True,0,21600.0,756000.0,0.7,0.05,0.0,7200.0,0.1,1.0,0.35,0.125,0.0,0.125,1.0,0.375,8,8,4,,conv-26,ablation_8
vector_store,vector_store+HindsightTag,True,0,21600.0,756000.0,0.7,0.15,0.0,7200.0,0.1,1.0,0.35,0.125,0.0,0.125,1.0,0.375,8,8,4,,conv-26,ablation_9
vector_store,vector_store+HindsightTag,True,0,21600.0,756000.0,0.7,0.3,0.0,7200.0,0.1,1.0,0.35,0.0,0.0,0.0,1.0,0.0,8,8,4,,conv-26,ablation_10
vector_store,vector_store+HindsightTag,True,0,21600.0,756000.0,0.9,0.05,0.0,7200.0,0.1,1.0,0.35,0.125,0.0,0.125,1.0,0.375,8,8,4,,conv-26,ablation_11
vector_store,vector_store+HindsightTag,True,0,21600.0,756000.0,0.9,0.15,0.0,7200.0,0.1,1.0,0.35,0.125,0.0,0.125,1.0,0.375,8,8,4,,conv-26,ablation_12
vector_store,vector_store+HindsightTag,True,0,21600.0,756000.0,0.9,0.3,0.0,7200.0,0.1,1.0,0.35,0.0,0.0,0.0,1.0,0.0,8,8,4,,conv-26,ablation_13
vector_store,vector_store+HindsightTag,True,0,21600.0,756000.0,0.5,0.05,0.0,14400.0,0.1,1.0,0.35,0.125,0.0,0.125,1.0,0.375,8,8,4,,conv-26,ablation_14
vector_store,vector_store+HindsightTag,True,0,21600.0,756000.0,0.5,0.15,0.0,14400.0,0.1,1.0,0.35,0.125,0.0,0.125,1.0,0.375,8,8,4,,conv-26,ablation_15
vector_store,vector_store+HindsightTag,True,0,21600.0,756000.0,0.5,0.3,0.0,14400.0,0.1,1.0,0.35,0.0,0.0,0.0,1.0,0.0,8,8,4,,conv-26,ablation_16
vector_store,vector_store+HindsightTag,True,0,21600.0,756000.0,0.7,0.05,0.0,14400.0,0.1,1.0,0.35,0.125,0.0,0.125,1.0,0.375,8,8,4,,conv-26,ablation_17
vector_store,vector_store+HindsightTag,True,0,21600.0,756000.0,0.7,0.15,0.0,14400.0,0.1,1.0,0.35,0.125,0.0,0.125,1.0,0.375,8,8,4,,conv-26,ablation_18
vector_store,vector_store+HindsightTag,True,0,21600.0,756000.0,0.7,0.3,0.0,14400.0,0.1,1.0,0.35,0.0,0.0,0.0,1.0,0.0,8,8,4,,conv-26,ablation_19
vector_store,vector_store+HindsightTag,True,0,21600.0,756000.0,0.9,0.05,0.0,14400.0,0.1,1.0,0.35,0.125,0.0,0.125,1.0,0.375,8,8,4,,conv-26,ablation_20
vector_store,vector_store+HindsightTag,True,0,21600.0,756000.0,0.9,0.15,0.0,14400.0,0.1,1.0,0.35,0.125,0.0,0.125,1.0,0.375,8,8,4,,conv-26,ablation_21
vector_store,vector_store+HindsightTag,True,0,21600.0,756000.0,0.9,0.3,0.0,14400.0,0.1,1.0,0.35,0.0,0.0,0.0,1.0,0.0,8,8,4,,conv-26,ablation_22
vector_store,vector_store+HindsightTag,True,0,21600.0,756000.0,0.5,0.05,0.0,28800.0,0.1,1.0,0.35,0.125,0.0,0.125,1.0,0.375,8,8,4,,conv-26,ablation_23
vector_store,vector_store+HindsightTag,True,0,21600.0,756000.0,0.5,0.15,0.0,28800.0,0.1,1.0,0.35,0.125,0.0,0.125,1.0,0.375,8,8,4,,conv-26,ablation_24
vector_store,vector_store+HindsightTag,True,0,21600.0,756000.0,0.5,0.3,0.0,28800.0,0.1,1.0,0.35,0.0,0.0,0.0,1.0,0.0,8,8,4,,conv-26,ablation_25
vector_store,vector_store+HindsightTag,True,0,21600.0,756000.0,0.7,0.05,0.0,28800.0,0.1,1.0,0.35,0.125,0.0,0.125,1.0,0.375,8,8,4,,conv-26,ablation_26
vector_store,vector_store+HindsightTag,True,0,21600.0,756000.0,0.7,0.15,0.0,28800.0,0.1,1.0,0.35,0.125,0.0,0.125,1.0,0.375,8,8,4,,conv-26,ablation_27
vector_store,vector_store+HindsightTag,True,0,21600.0,756000.0,0.7,0.3,0.0,28800.0,0.1,1.0,0.35,0.0,0.0,0.0,1.0,0.0,8,8,4,,conv-26,ablation_28
vector_store,vector_store+HindsightTag,True,0,21600.0,756000.0,0.9,0.05,0.0,28800.0,0.1,1.0,0.35,0.125,0.0,0.125,1.0,0.375,8,8,4,,conv-26,ablation_29
vector_store,vector_store+HindsightTag,True,0,21600.0,756000.0,0.9,0.15,0.0,28800.0,0.1,1.0,0.35,0.125,0.0,0.125,1.0,0.375,8,8,4,,conv-26,ablation_30
vector_store,vector_store+HindsightTag,True,0,21600.0,756000.0,0.9,0.3,0.0,28800.0,0.1,1.0,0.35,0.0,0.0,0.0,1.0,0.0,8,8,4,,conv-26,ablation_31
vector_store,vector_store+HindsightTag,True,0,21600.0,3024000.0,0.5,0.05,0.0,7200.0,0.1,1.0,0.35,0.125,0.0,0.125,1.0,0.375,8,8,4,,conv-26,ablation_32
vector_store,vector_store+HindsightTag,True,0,21600.0,3024000.0,0.5,0.15,0.0,7200.0,0.1,1.0,0.35,0.125,0.0,0.125,1.0,0.375,8,8,4,,conv-26,ablation_33
vector_store,vector_store+HindsightTag,True,0,21600.0,3024000.0,0.5,0.3,0.0,7200.0,0.1,1.0,0.35,0.0,0.0,0.0,1.0,0.0,8,8,4,,conv-26,ablation_34
vector_store,vector_store+HindsightTag,True,0,21600.0,3024000.0,0.7,0.05,0.0,7200.0,0.1,1.0,0.35,0.125,0.0,0.125,1.0,0.375,8,8,4,,conv-26,ablation_35
vector_store,vector_store+HindsightTag,True,0,21600.0,3024000.0,0.7,0.15,0.0,7200.0,0.1,1.0,0.35,0.125,0.0,0.125,1.0,0.375,8,8,4,,conv-26,ablation_36
vector_store,vector_store+HindsightTag,True,0,21600.0,3024000.0,0.7,0.3,0.0,7200.0,0.1,1.0,0.35,0.0,0.0,0.0,1.0,0.0,8,8,4,,conv-26,ablation_37
vector_store,vector_store+HindsightTag,True,0,21600.0,3024000.0,0.9,0.05,0.0,7200.0,0.1,1.0,0.35,0.125,0.0,0.125,1.0,0.375,8,8,4,,conv-26,ablation_38
vector_store,vector_store+HindsightTag,True,0,21600.0,3024000.0,0.9,0.15,0.0,7200.0,0.1,1.0,0.35,0.125,0.0,0.125,1.0,0.375,8,8,4,,conv-26,ablation_39
vector_store,vector_store+HindsightTag,True,0,21600.0,3024000.0,0.9,0.3,0.0,7200.0,0.1,1.0,0.35,0.0,0.0,0.0,1.0,0.0,8,8,4,,conv-26,ablation_40
vector_store,vector_store+HindsightTag,True,0,21600.0,3024000.0,0.5,0.05,0.0,14400.0,0.1,1.0,0.35,0.125,0.0,0.125,1.0,0.375,8,8,4,,conv-26,ablation_41
vector_store,vector_store+HindsightTag,True,0,21600.0,3024000.0,0.5,0.15,0.0,14400.0,0.1,1.0,0.35,0.125,0.0,0.125,1.0,0.375,8,8,4,,conv-26,ablation_42
vector_store,vector_store+HindsightTag,True,0,21600.0,3024000.0,0.5,0.3,0.0,14400.0,0.1,1.0,0.35,0.0,0.0,0.0,1.0,0.0,8,8,4,,conv-26,ablation_43
vector_store,vector_store+HindsightTag,True,0,21600.0,3024000.0,0.7,0.05,0.0,14400.0,0.1,1.0,0.35,0.125,0.0,0.125,1.0,0.375,8,8,4,,conv-26,ablation_44
vector_store,vector_store+HindsightTag,True,0,21600.0,3024000.0,0.7,0.15,0.0,14400.0,0.1,1.0,0.35,0.125,0.0,0.125,1.0,0.375,8,8,4,,conv-26,ablation_45
vector_store,vector_store+HindsightTag,True,0,21600.0,3024000.0,0.7,0.3,0.0,14400.0,0.1,1.0,0.35,0.0,0.0,0.0,1.0,0.0,8,8,4,,conv-26,ablation_46
vector_store,vector_store+HindsightTag,True,0,21600.0,3024000.0,0.9,0.05,0.0,14400.0,0.1,1.0,0.35,0.125,0.0,0.125,1.0,0.375,8,8,4,,conv-26,ablation_47
vector_store,vector_store+HindsightTag,True,0,21600.0,3024000.0,0.9,0.15,0.0,14400.0,0.1,1.0,0.35,0.125,0.0,0.125,1.0,0.375,8,8,4,,conv-26,ablation_48
vector_store,vector_store+HindsightTag,True,0,21600.0,3024000.0,0.9,0.3,0.0,14400.0,0.1,1.0,0.35,0.0,0.0,0.0,1.0,0.0,8,8,4,,conv-26,ablation_49
vector_store,vector_store+HindsightTag,True,0,21600.0,3024000.0,0.5,0.05,0.0,28800.0,0.1,1.0,0.35,0.125,0.0,0.125,1.0,0.375,8,8,4,,conv-26,ablation_50
vector_store,vector_store+HindsightTag,True,0,21600.0,3024000.0,0.5,0.15,0.0,28800.0,0.1,1.0,0.35,0.125,0.0,0.125,1.0,0.375,8,8,4,,conv-26,ablation_51
vector_store,vector_store+HindsightTag,True,0,21600.0,3024000.0,0.5,0.3,0.0,28800.0,0.1,1.0,0.35,0.0,0.0,0.0,1.0,0.0,8,8,4,,conv-26,ablation_52
vector_store,vector_store+HindsightTag,True,0,21600.0,3024000.0,0.7,0.05,0.0,28800.0,0.1,1.0,0.35,0.125,0.0,0.125,1.0,0.375,8,8,4,,conv-26,ablation_53
vector_store,vector_store+HindsightTag,True,0,21600.0,3024000.0,0.7,0.15,0.0,28800.0,0.1,1.0,0.35,0.125,0.0,0.125,1.0,0.375,8,8,4,,conv-26,ablation_54
vector_store,vector_store+HindsightTag,True,0,21600.0,3024000.0,0.7,0.3,0.0,28800.0,0.1,1.0,0.35,0.0,0.0,0.0,1.0,0.0,8,8,4,,conv-26,ablation_55
vector_store,vector_store+HindsightTag,True,0,21600.0,3024000.0,0.9,0.05,0.0,28800.0,0.1,1.0,0.35,0.125,0.0,0.125,1.0,0.375,8,8,4,,conv-26,ablation_56
vector_store,vector_store+HindsightTag,True,0,21600.0,3024000.0,0.9,0.15,0.0,28800.0,0.1,1.0,0.35,0.125,0.0,0.125,1.0,0.375,8,8,4,,conv-26,ablation_57
vector_store,vector_store+HindsightTag,True,0,21600.0,3024000.0,0.9,0.3,0.0,28800.0,0.1,1.0,0.35,0.0,0.0,0.0,1.0,0.0,8,8,4,,conv-26,ablation_58
vector_store,vector_store+HindsightTag,True,0,21600.0,6048000.0,0.5,0.05,0.0,7200.0,0.1,1.0,0.35,0.125,0.0,0.125,1.0,0.375,8,8,4,,conv-26,ablation_59
vector_store,vector_store+HindsightTag,True,0,21600.0,6048000.0,0.5,0.15,0.0,7200.0,0.1,1.0,0.35,0.125,0.0,0.125,1.0,0.375,8,8,4,,conv-26,ablation_60
vector_store,vector_store+HindsightTag,True,0,21600.0,6048000.0,0.5,0.3,0.0,7200.0,0.1,1.0,0.35,0.0,0.0,0.0,1.0,0.0,8,8,4,,conv-26,ablation_61
vector_store,vector_store+HindsightTag,True,0,21600.0,6048000.0,0.7,0.05,0.0,7200.0,0.1,1.0,0.35,0.125,0.0,0.125,1.0,0.375,8,8,4,,conv-26,ablation_62
vector_store,vector_store+HindsightTag,True,0,21600.0,6048000.0,0.7,0.15,0.0,7200.0,0.1,1.0,0.35,0.125,0.0,0.125,1.0,0.375,8,8,4,,conv-26,ablation_63
vector_store,vector_store+HindsightTag,True,0,21600.0,6048000.0,0.7,0.3,0.0,7200.0,0.1,1.0,0.35,0.0,0.0,0.0,1.0,0.0,8,8,4,,conv-26,ablation_64
vector_store,vector_store+HindsightTag,True,0,21600.0,6048000.0,0.9,0.05,0.0,7200.0,0.1,1.0,0.35,0.125,0.0,0.125,1.0,0.375,8,8,4,,conv-26,ablation_65
vector_store,vector_store+HindsightTag,True,0,21600.0,6048000.0,0.9,0.15,0.0,7200.0,0.1,1.0,0.35,0.125,0.0,0.125,1.0,0.375,8,8,4,,conv-26,ablation_66
vector_store,vector_store+HindsightTag,True,0,21600.0,6048000.0,0.9,0.3,0.0,7200.0,0.1,1.0,0.35,0.0,0.0,0.0,1.0,0.0,8,8,4,,conv-26,ablation_67
vector_store,vector_store+HindsightTag,True,0,21600.0,6048000.0,0.5,0.05,0.0,14400.0,0.1,1.0,0.35,0.125,0.0,0.125,1.0,0.375,8,8,4,,conv-26,ablation_68
vector_store,vector_store+HindsightTag,True,0,21600.0,6048000.0,0.5,0.15,0.0,14400.0,0.1,1.0,0.35,0.125,0.0,0.125,1.0,0.375,8,8,4,,conv-26,ablation_69
vector_store,vector_store+HindsightTag,True,0,21600.0,6048000.0,0.5,0.3,0.0,14400.0,0.1,1.0,0.35,0.0,0.0,0.0,1.0,0.0,8,8,4,,conv-26,ablation_70
vector_store,vector_store+HindsightTag,True,0,21600.0,6048000.0,0.7,0.05,0.0,14400.0,0.1,1.0,0.35,0.125,0.0,0.125,1.0,0.375,8,8,4,,conv-26,ablation_71
vector_store,vector_store+HindsightTag,True,0,21600.0,6048000.0,0.7,0.15,0.0,14400.0,0.1,1.0,0.35,0.125,0.0,0.125,1.0,0.375,8,8,4,,conv-26,ablation_72
vector_store,vector_store+HindsightTag,True,0,21600.0,6048000.0,0.7,0.3,0.0,14400.0,0.1,1.0,0.35,0.0,0.0,0.0,1.0,0.0,8,8,4,,conv-26,ablation_73
vector_store,vector_store+HindsightTag,True,0,21600.0,6048000.0,0.9,0.05,0.0,14400.0,0.1,1.0,0.35,0.125,0.0,0.125,1.0,0.375,8,8,4,,conv-26,ablation_74
vector_store,vector_store+HindsightTag,True,0,21600.0,6048000.0,0.9,0.15,0.0,14400.0,0.1,1.0,0.35,0.125,0.0,0.125,1.0,0.375,8,8,4,,conv-26,ablation_75
vector_store,vector_store+HindsightTag,True,0,21600.0,6048000.0,0.9,0.3,0.0,14400.0,0.1,1.0,0.35,0.0,0.0,0.0,1.0,0.0,8,8,4,,conv-26,ablation_76
vector_store,vector_store+HindsightTag,True,0,21600.0,6048000.0,0.5,0.05,0.0,28800.0,0.1,1.0,0.35,0.125,0.0,0.125,1.0,0.375,8,8,4,,conv-26,ablation_77
vector_store,vector_store+HindsightTag,True,0,21600.0,6048000.0,0.5,0.15,0.0,28800.0,0.1,1.0,0.35,0.125,0.0,0.125,1.0,0.375,8,8,4,,conv-26,ablation_78
vector_store,vector_store+HindsightTag,True,0,21600.0,6048000.0,0.5,0.3,0.0,28800.0,0.1,1.0,0.35,0.0,0.0,0.0,1.0,0.0,8,8,4,,conv-26,ablation_79
vector_store,vector_store+HindsightTag,True,0,21600.0,6048000.0,0.7,0.05,0.0,28800.0,0.1,1.0,0.35,0.125,0.0,0.125,1.0,0.375,8,8,4,,conv-26,ablation_80
vector_store,vector_store+HindsightTag,True,0,21600.0,6048000.0,0.7,0.15,0.0,28800.0,0.1,1.0,0.35,0.125,0.0,0.125,1.0,0.375,8,8,4,,conv-26,ablation_81
vector_store,vector_store+HindsightTag,True,0,21600.0,6048000.0,0.7,0.3,0.0,28800.0,0.1,1.0,0.35,0.0,0.0,0.0,1.0,0.0,8,8,4,,conv-26,ablation_82
vector_store,vector_store+HindsightTag,True,0,21600.0,6048000.0,0.9,0.05,0.0,28800.0,0.1,1.0,0.35,0.125,0.0,0.125,1.0,0.375,8,8,4,,conv-26,ablation_83
vector_store,vector_store+HindsightTag,True,0,21600.0,6048000.0,0.9,0.15,0.0,28800.0,0.1,1.0,0.35,0.125,0.0,0.125,1.0,0.375,8,8,4,,conv-26,ablation_84
vector_store,vector_store+HindsightTag,True,0,21600.0,6048000.0,0.9,0.3,0.0,28800.0,0.1,1.0,0.35,0.0,0.0,0.0,1.0,0.0,8,8,4,,conv-26,ablation_85
mem0,mem0,False,1,21600.0,3024000.0,0.7,0.1,0.0,14400.0,0.1,1.0,0.35,0.0,0.0,0.0,,0.0,8,8,0,True,conv-26,baseline
mem0,mem0+HindsightTag,True,1,21600.0,3024000.0,0.7,0.1,0.0,14400.0,0.1,1.0,0.35,0.0,0.0,0.0,1.0,0.0,8,8,4,True,conv-26,ablation_0
mem0,mem0+HindsightTag,True,1,21600.0,3024000.0,0.7,0.1,0.25,14400.0,0.1,1.0,0.35,0.0,0.0,0.0,1.0,0.0,8,8,4,True,conv-26,ablation_1
mem0,mem0+HindsightTag,True,1,21600.0,3024000.0,0.7,0.1,0.5,14400.0,0.1,1.0,0.35,0.0,0.0,0.0,1.0,0.0,8,8,4,True,conv-26,ablation_2
mem0,mem0+HindsightTag,True,1,21600.0,3024000.0,0.7,0.1,0.75,14400.0,0.1,1.0,0.35,0.0,0.0,0.0,1.0,0.0,8,8,4,True,conv-26,ablation_3
mem0,mem0+HindsightTag,True,1,21600.0,3024000.0,0.7,0.1,1.0,14400.0,0.1,1.0,0.35,0.0,0.0,0.0,1.0,0.0,8,8,4,True,conv-26,ablation_4
mem0,mem0+HindsightTag,True,1,21600.0,756000.0,0.5,0.05,0.0,7200.0,0.1,1.0,0.35,0.0,0.0,0.0,1.0,0.0,8,8,4,True,conv-26,ablation_5
mem0,mem0+HindsightTag,True,1,21600.0,756000.0,0.5,0.15,0.0,7200.0,0.1,1.0,0.35,0.0,0.0,0.0,1.0,0.0,8,8,4,True,conv-26,ablation_6
mem0,mem0+HindsightTag,True,1,21600.0,756000.0,0.5,0.3,0.0,7200.0,0.1,1.0,0.35,0.0,0.0,0.0,1.0,0.0,8,8,4,True,conv-26,ablation_7
mem0,mem0+HindsightTag,True,1,21600.0,756000.0,0.7,0.05,0.0,7200.0,0.1,1.0,0.35,0.0,0.0,0.0,1.0,0.0,8,8,4,True,conv-26,ablation_8
mem0,mem0+HindsightTag,True,1,21600.0,756000.0,0.7,0.15,0.0,7200.0,0.1,1.0,0.35,0.0,0.0,0.0,1.0,0.0,8,8,4,True,conv-26,ablation_9
mem0,mem0+HindsightTag,True,1,21600.0,756000.0,0.7,0.3,0.0,7200.0,0.1,1.0,0.35,0.0,0.0,0.0,1.0,0.0,8,8,4,True,conv-26,ablation_10
mem0,mem0+HindsightTag,True,1,21600.0,756000.0,0.9,0.05,0.0,7200.0,0.1,1.0,0.35,0.0,0.0,0.0,1.0,0.0,8,8,4,True,conv-26,ablation_11
mem0,mem0+HindsightTag,True,1,21600.0,756000.0,0.9,0.15,0.0,7200.0,0.1,1.0,0.35,0.0,0.0,0.0,1.0,0.0,8,8,4,True,conv-26,ablation_12
mem0,mem0+HindsightTag,True,1,21600.0,756000.0,0.9,0.3,0.0,7200.0,0.1,1.0,0.35,0.0,0.0,0.0,1.0,0.0,8,8,4,True,conv-26,ablation_13
mem0,mem0+HindsightTag,True,1,21600.0,756000.0,0.5,0.05,0.0,14400.0,0.1,1.0,0.35,0.0,0.0,0.0,1.0,0.0,8,8,4,True,conv-26,ablation_14
mem0,mem0+HindsightTag,True,1,21600.0,756000.0,0.5,0.15,0.0,14400.0,0.1,1.0,0.35,0.0,0.0,0.0,1.0,0.0,8,8,4,True,conv-26,ablation_15
mem0,mem0+HindsightTag,True,1,21600.0,756000.0,0.5,0.3,0.0,14400.0,0.1,1.0,0.35,0.0,0.0,0.0,1.0,0.0,8,8,4,True,conv-26,ablation_16
mem0,mem0+HindsightTag,True,1,21600.0,756000.0,0.7,0.05,0.0,14400.0,0.1,1.0,0.35,0.0,0.0,0.0,1.0,0.0,8,8,4,True,conv-26,ablation_17
mem0,mem0+HindsightTag,True,1,21600.0,756000.0,0.7,0.15,0.0,14400.0,0.1,1.0,0.35,0.0,0.0,0.0,1.0,0.0,8,8,4,True,conv-26,ablation_18
mem0,mem0+HindsightTag,True,1,21600.0,756000.0,0.7,0.3,0.0,14400.0,0.1,1.0,0.35,0.0,0.0,0.0,1.0,0.0,8,8,4,True,conv-26,ablation_19
mem0,mem0+HindsightTag,True,1,21600.0,756000.0,0.9,0.05,0.0,14400.0,0.1,1.0,0.35,0.0,0.0,0.0,1.0,0.0,8,8,4,True,conv-26,ablation_20
mem0,mem0+HindsightTag,True,1,21600.0,756000.0,0.9,0.15,0.0,14400.0,0.1,1.0,0.35,0.0,0.0,0.0,1.0,0.0,8,8,4,True,conv-26,ablation_21
mem0,mem0+HindsightTag,True,1,21600.0,756000.0,0.9,0.3,0.0,14400.0,0.1,1.0,0.35,0.0,0.0,0.0,1.0,0.0,8,8,4,True,conv-26,ablation_22
mem0,mem0+HindsightTag,True,1,21600.0,756000.0,0.5,0.05,0.0,28800.0,0.1,1.0,0.35,0.0,0.0,0.0,1.0,0.0,8,8,4,True,conv-26,ablation_23
mem0,mem0+HindsightTag,True,1,21600.0,756000.0,0.5,0.15,0.0,28800.0,0.1,1.0,0.35,0.0,0.0,0.0,1.0,0.0,8,8,4,True,conv-26,ablation_24
mem0,mem0+HindsightTag,True,1,21600.0,756000.0,0.5,0.3,0.0,28800.0,0.1,1.0,0.35,0.0,0.0,0.0,1.0,0.0,8,8,4,True,conv-26,ablation_25
mem0,mem0+HindsightTag,True,1,21600.0,756000.0,0.7,0.05,0.0,28800.0,0.1,1.0,0.35,0.0,0.0,0.0,1.0,0.0,8,8,4,True,conv-26,ablation_26
mem0,mem0+HindsightTag,True,1,21600.0,756000.0,0.7,0.15,0.0,28800.0,0.1,1.0,0.35,0.0,0.0,0.0,1.0,0.0,8,8,4,True,conv-26,ablation_27
mem0,mem0+HindsightTag,True,1,21600.0,756000.0,0.7,0.3,0.0,28800.0,0.1,1.0,0.35,0.0,0.0,0.0,1.0,0.0,8,8,4,True,conv-26,ablation_28
mem0,mem0+HindsightTag,True,1,21600.0,756000.0,0.9,0.05,0.0,28800.0,0.1,1.0,0.35,0.0,0.0,0.0,1.0,0.0,8,8,4,True,conv-26,ablation_29
mem0,mem0+HindsightTag,True,1,21600.0,756000.0,0.9,0.15,0.0,28800.0,0.1,1.0,0.35,0.0,0.0,0.0,1.0,0.0,8,8,4,True,conv-26,ablation_30
mem0,mem0+HindsightTag,True,1,21600.0,756000.0,0.9,0.3,0.0,28800.0,0.1,1.0,0.35,0.0,0.0,0.0,1.0,0.0,8,8,4,True,conv-26,ablation_31
mem0,mem0+HindsightTag,True,1,21600.0,3024000.0,0.5,0.05,0.0,7200.0,0.1,1.0,0.35,0.0,0.0,0.0,1.0,0.0,8,8,4,True,conv-26,ablation_32
mem0,mem0+HindsightTag,True,1,21600.0,3024000.0,0.5,0.15,0.0,7200.0,0.1,1.0,0.35,0.0,0.0,0.0,1.0,0.0,8,8,4,True,conv-26,ablation_33
mem0,mem0+HindsightTag,True,1,21600.0,3024000.0,0.5,0.3,0.0,7200.0,0.1,1.0,0.35,0.0,0.0,0.0,1.0,0.0,8,8,4,True,conv-26,ablation_34
mem0,mem0+HindsightTag,True,1,21600.0,3024000.0,0.7,0.05,0.0,7200.0,0.1,1.0,0.35,0.0,0.0,0.0,1.0,0.0,8,8,4,True,conv-26,ablation_35
mem0,mem0+HindsightTag,True,1,21600.0,3024000.0,0.7,0.15,0.0,7200.0,0.1,1.0,0.35,0.0,0.0,0.0,1.0,0.0,8,8,4,True,conv-26,ablation_36
mem0,mem0+HindsightTag,True,1,21600.0,3024000.0,0.7,0.3,0.0,7200.0,0.1,1.0,0.35,0.0,0.0,0.0,1.0,0.0,8,8,4,True,conv-26,ablation_37
mem0,mem0+HindsightTag,True,1,21600.0,3024000.0,0.9,0.05,0.0,7200.0,0.1,1.0,0.35,0.0,0.0,0.0,1.0,0.0,8,8,4,True,conv-26,ablation_38
mem0,mem0+HindsightTag,True,1,21600.0,3024000.0,0.9,0.15,0.0,7200.0,0.1,1.0,0.35,0.0,0.0,0.0,1.0,0.0,8,8,4,True,conv-26,ablation_39
mem0,mem0+HindsightTag,True,1,21600.0,3024000.0,0.9,0.3,0.0,7200.0,0.1,1.0,0.35,0.0,0.0,0.0,1.0,0.0,8,8,4,True,conv-26,ablation_40
mem0,mem0+HindsightTag,True,1,21600.0,3024000.0,0.5,0.05,0.0,14400.0,0.1,1.0,0.35,0.0,0.0,0.0,1.0,0.0,8,8,4,True,conv-26,ablation_41
mem0,mem0+HindsightTag,True,1,21600.0,3024000.0,0.5,0.15,0.0,14400.0,0.1,1.0,0.35,0.0,0.0,0.0,1.0,0.0,8,8,4,True,conv-26,ablation_42
mem0,mem0+HindsightTag,True,1,21600.0,3024000.0,0.5,0.3,0.0,14400.0,0.1,1.0,0.35,0.0,0.0,0.0,1.0,0.0,8,8,4,True,conv-26,ablation_43
mem0,mem0+HindsightTag,True,1,21600.0,3024000.0,0.7,0.05,0.0,14400.0,0.1,1.0,0.35,0.0,0.0,0.0,1.0,0.0,8,8,4,True,conv-26,ablation_44
mem0,mem0+HindsightTag,True,1,21600.0,3024000.0,0.7,0.15,0.0,14400.0,0.1,1.0,0.35,0.0,0.0,0.0,1.0,0.0,8,8,4,True,conv-26,ablation_45
mem0,mem0+HindsightTag,True,1,21600.0,3024000.0,0.7,0.3,0.0,14400.0,0.1,1.0,0.35,0.0,0.0,0.0,1.0,0.0,8,8,4,True,conv-26,ablation_46
mem0,mem0+HindsightTag,True,1,21600.0,3024000.0,0.9,0.05,0.0,14400.0,0.1,1.0,0.35,0.0,0.0,0.0,1.0,0.0,8,8,4,True,conv-26,ablation_47
mem0,mem0+HindsightTag,True,1,21600.0,3024000.0,0.9,0.15,0.0,14400.0,0.1,1.0,0.35,0.0,0.0,0.0,1.0,0.0,8,8,4,True,conv-26,ablation_48
mem0,mem0+HindsightTag,True,1,21600.0,3024000.0,0.9,0.3,0.0,14400.0,0.1,1.0,0.35,0.0,0.0,0.0,1.0,0.0,8,8,4,True,conv-26,ablation_49
mem0,mem0+HindsightTag,True,1,21600.0,3024000.0,0.5,0.05,0.0,28800.0,0.1,1.0,0.35,0.0,0.0,0.0,1.0,0.0,8,8,4,True,conv-26,ablation_50
mem0,mem0+HindsightTag,True,1,21600.0,3024000.0,0.5,0.15,0.0,28800.0,0.1,1.0,0.35,0.0,0.0,0.0,1.0,0.0,8,8,4,True,conv-26,ablation_51
mem0,mem0+HindsightTag,True,1,21600.0,3024000.0,0.5,0.3,0.0,28800.0,0.1,1.0,0.35,0.0,0.0,0.0,1.0,0.0,8,8,4,True,conv-26,ablation_52
mem0,mem0+HindsightTag,True,1,21600.0,3024000.0,0.7,0.05,0.0,28800.0,0.1,1.0,0.35,0.0,0.0,0.0,1.0,0.0,8,8,4,True,conv-26,ablation_53
mem0,mem0+HindsightTag,True,1,21600.0,3024000.0,0.7,0.15,0.0,28800.0,0.1,1.0,0.35,0.0,0.0,0.0,1.0,0.0,8,8,4,True,conv-26,ablation_54
mem0,mem0+HindsightTag,True,1,21600.0,3024000.0,0.7,0.3,0.0,28800.0,0.1,1.0,0.35,0.0,0.0,0.0,1.0,0.0,8,8,4,True,conv-26,ablation_55
mem0,mem0+HindsightTag,True,1,21600.0,3024000.0,0.9,0.05,0.0,28800.0,0.1,1.0,0.35,0.0,0.0,0.0,1.0,0.0,8,8,4,True,conv-26,ablation_56
mem0,mem0+HindsightTag,True,1,21600.0,3024000.0,0.9,0.15,0.0,28800.0,0.1,1.0,0.35,0.0,0.0,0.0,1.0,0.0,8,8,4,True,conv-26,ablation_57
mem0,mem0+HindsightTag,True,1,21600.0,3024000.0,0.9,0.3,0.0,28800.0,0.1,1.0,0.35,0.0,0.0,0.0,1.0,0.0,8,8,4,True,conv-26,ablation_58
mem0,mem0+HindsightTag,True,1,21600.0,6048000.0,0.5,0.05,0.0,7200.0,0.1,1.0,0.35,0.0,0.0,0.0,1.0,0.0,8,8,4,True,conv-26,ablation_59
mem0,mem0+HindsightTag,True,1,21600.0,6048000.0,0.5,0.15,0.0,7200.0,0.1,1.0,0.35,0.0,0.0,0.0,1.0,0.0,8,8,4,True,conv-26,ablation_60
mem0,mem0+HindsightTag,True,1,21600.0,6048000.0,0.5,0.3,0.0,7200.0,0.1,1.0,0.35,0.0,0.0,0.0,1.0,0.0,8,8,4,True,conv-26,ablation_61
mem0,mem0+HindsightTag,True,1,21600.0,6048000.0,0.7,0.05,0.0,7200.0,0.1,1.0,0.35,0.0,0.0,0.0,1.0,0.0,8,8,4,True,conv-26,ablation_62
mem0,mem0+HindsightTag,True,1,21600.0,6048000.0,0.7,0.15,0.0,7200.0,0.1,1.0,0.35,0.0,0.0,0.0,1.0,0.0,8,8,4,True,conv-26,ablation_63
mem0,mem0+HindsightTag,True,1,21600.0,6048000.0,0.7,0.3,0.0,7200.0,0.1,1.0,0.35,0.0,0.0,0.0,1.0,0.0,8,8,4,True,conv-26,ablation_64
mem0,mem0+HindsightTag,True,1,21600.0,6048000.0,0.9,0.05,0.0,7200.0,0.1,1.0,0.35,0.0,0.0,0.0,1.0,0.0,8,8,4,True,conv-26,ablation_65
mem0,mem0+HindsightTag,True,1,21600.0,6048000.0,0.9,0.15,0.0,7200.0,0.1,1.0,0.35,0.0,0.0,0.0,1.0,0.0,8,8,4,True,conv-26,ablation_66
mem0,mem0+HindsightTag,True,1,21600.0,6048000.0,0.9,0.3,0.0,7200.0,0.1,1.0,0.35,0.0,0.0,0.0,1.0,0.0,8,8,4,True,conv-26,ablation_67
mem0,mem0+HindsightTag,True,1,21600.0,6048000.0,0.5,0.05,0.0,14400.0,0.1,1.0,0.35,0.0,0.0,0.0,1.0,0.0,8,8,4,True,conv-26,ablation_68
mem0,mem0+HindsightTag,True,1,21600.0,6048000.0,0.5,0.15,0.0,14400.0,0.1,1.0,0.35,0.0,0.0,0.0,1.0,0.0,8,8,4,True,conv-26,ablation_69
mem0,mem0+HindsightTag,True,1,21600.0,6048000.0,0.5,0.3,0.0,14400.0,0.1,1.0,0.35,0.0,0.0,0.0,1.0,0.0,8,8,4,True,conv-26,ablation_70
mem0,mem0+HindsightTag,True,1,21600.0,6048000.0,0.7,0.05,0.0,14400.0,0.1,1.0,0.35,0.0,0.0,0.0,1.0,0.0,8,8,4,True,conv-26,ablation_71
mem0,mem0+HindsightTag,True,1,21600.0,6048000.0,0.7,0.15,0.0,14400.0,0.1,1.0,0.35,0.0,0.0,0.0,1.0,0.0,8,8,4,True,conv-26,ablation_72
mem0,mem0+HindsightTag,True,1,21600.0,6048000.0,0.7,0.3,0.0,14400.0,0.1,1.0,0.35,0.0,0.0,0.0,1.0,0.0,8,8,4,True,conv-26,ablation_73
mem0,mem0+HindsightTag,True,1,21600.0,6048000.0,0.9,0.05,0.0,14400.0,0.1,1.0,0.35,0.0,0.0,0.0,1.0,0.0,8,8,4,True,conv-26,ablation_74
mem0,mem0+HindsightTag,True,1,21600.0,6048000.0,0.9,0.15,0.0,14400.0,0.1,1.0,0.35,0.0,0.0,0.0,1.0,0.0,8,8,4,True,conv-26,ablation_75
mem0,mem0+HindsightTag,True,1,21600.0,6048000.0,0.9,0.3,0.0,14400.0,0.1,1.0,0.35,0.0,0.0,0.0,1.0,0.0,8,8,4,True,conv-26,ablation_76
mem0,mem0+HindsightTag,True,1,21600.0,6048000.0,0.5,0.05,0.0,28800.0,0.1,1.0,0.35,0.0,0.0,0.0,1.0,0.0,8,8,4,True,conv-26,ablation_77
mem0,mem0+HindsightTag,True,1,21600.0,6048000.0,0.5,0.15,0.0,28800.0,0.1,1.0,0.35,0.0,0.0,0.0,1.0,0.0,8,8,4,True,conv-26,ablation_78
mem0,mem0+HindsightTag,True,1,21600.0,6048000.0,0.5,0.3,0.0,28800.0,0.1,1.0,0.35,0.0,0.0,0.0,1.0,0.0,8,8,4,True,conv-26,ablation_79
mem0,mem0+HindsightTag,True,1,21600.0,6048000.0,0.7,0.05,0.0,28800.0,0.1,1.0,0.35,0.0,0.0,0.0,1.0,0.0,8,8,4,True,conv-26,ablation_80
mem0,mem0+HindsightTag,True,1,21600.0,6048000.0,0.7,0.15,0.0,28800.0,0.1,1.0,0.35,0.0,0.0,0.0,1.0,0.0,8,8,4,True,conv-26,ablation_81
mem0,mem0+HindsightTag,True,1,21600.0,6048000.0,0.7,0.3,0.0,28800.0,0.1,1.0,0.35,0.0,0.0,0.0,1.0,0.0,8,8,4,True,conv-26,ablation_82
mem0,mem0+HindsightTag,True,1,21600.0,6048000.0,0.9,0.05,0.0,28800.0,0.1,1.0,0.35,0.0,0.0,0.0,1.0,0.0,8,8,4,True,conv-26,ablation_83
mem0,mem0+HindsightTag,True,1,21600.0,6048000.0,0.9,0.15,0.0,28800.0,0.1,1.0,0.35,0.0,0.0,0.0,1.0,0.0,8,8,4,True,conv-26,ablation_84
mem0,mem0+HindsightTag,True,1,21600.0,6048000.0,0.9,0.3,0.0,28800.0,0.1,1.0,0.35,0.0,0.0,0.0,1.0,0.0,8,8,4,True,conv-26,ablation_85
vector_store,vector_store,False,1,21600.0,3024000.0,0.7,0.1,0.0,14400.0,0.1,1.0,0.35,0.0,0.0,0.0,,0.0,8,8,0,,conv-26,baseline
vector_store,vector_store+HindsightTag,True,1,21600.0,3024000.0,0.7,0.1,0.0,14400.0,0.1,1.0,0.35,0.25,0.0,0.25,1.0,0.125,8,8,4,,conv-26,ablation_0
vector_store,vector_store+HindsightTag,True,1,21600.0,3024000.0,0.7,0.1,0.25,14400.0,0.1,1.0,0.35,0.25,0.0,0.25,1.0,0.125,8,8,4,,conv-26,ablation_1
vector_store,vector_store+HindsightTag,True,1,21600.0,3024000.0,0.7,0.1,0.5,14400.0,0.1,1.0,0.35,0.25,0.0,0.25,1.0,0.125,8,8,4,,conv-26,ablation_2
vector_store,vector_store+HindsightTag,True,1,21600.0,3024000.0,0.7,0.1,0.75,14400.0,0.1,1.0,0.35,0.25,0.0,0.25,1.0,0.125,8,8,4,,conv-26,ablation_3
vector_store,vector_store+HindsightTag,True,1,21600.0,3024000.0,0.7,0.1,1.0,14400.0,0.1,1.0,0.35,0.25,0.0,0.25,1.0,0.0,8,8,4,,conv-26,ablation_4
vector_store,vector_store+HindsightTag,True,1,21600.0,756000.0,0.5,0.05,0.0,7200.0,0.1,1.0,0.35,0.25,0.0,0.25,1.0,0.125,8,8,4,,conv-26,ablation_5
vector_store,vector_store+HindsightTag,True,1,21600.0,756000.0,0.5,0.15,0.0,7200.0,0.1,1.0,0.35,0.25,0.0,0.25,1.0,0.125,8,8,4,,conv-26,ablation_6
vector_store,vector_store+HindsightTag,True,1,21600.0,756000.0,0.5,0.3,0.0,7200.0,0.1,1.0,0.35,0.0,0.0,0.0,1.0,0.0,8,8,4,,conv-26,ablation_7
vector_store,vector_store+HindsightTag,True,1,21600.0,756000.0,0.7,0.05,0.0,7200.0,0.1,1.0,0.35,0.25,0.0,0.25,1.0,0.125,8,8,4,,conv-26,ablation_8
vector_store,vector_store+HindsightTag,True,1,21600.0,756000.0,0.7,0.15,0.0,7200.0,0.1,1.0,0.35,0.25,0.0,0.25,1.0,0.125,8,8,4,,conv-26,ablation_9
vector_store,vector_store+HindsightTag,True,1,21600.0,756000.0,0.7,0.3,0.0,7200.0,0.1,1.0,0.35,0.0,0.0,0.0,1.0,0.0,8,8,4,,conv-26,ablation_10
vector_store,vector_store+HindsightTag,True,1,21600.0,756000.0,0.9,0.05,0.0,7200.0,0.1,1.0,0.35,0.25,0.0,0.25,1.0,0.125,8,8,4,,conv-26,ablation_11
vector_store,vector_store+HindsightTag,True,1,21600.0,756000.0,0.9,0.15,0.0,7200.0,0.1,1.0,0.35,0.25,0.0,0.25,1.0,0.125,8,8,4,,conv-26,ablation_12
vector_store,vector_store+HindsightTag,True,1,21600.0,756000.0,0.9,0.3,0.0,7200.0,0.1,1.0,0.35,0.0,0.0,0.0,1.0,0.0,8,8,4,,conv-26,ablation_13
vector_store,vector_store+HindsightTag,True,1,21600.0,756000.0,0.5,0.05,0.0,14400.0,0.1,1.0,0.35,0.25,0.0,0.25,1.0,0.125,8,8,4,,conv-26,ablation_14
vector_store,vector_store+HindsightTag,True,1,21600.0,756000.0,0.5,0.15,0.0,14400.0,0.1,1.0,0.35,0.25,0.0,0.25,1.0,0.125,8,8,4,,conv-26,ablation_15
vector_store,vector_store+HindsightTag,True,1,21600.0,756000.0,0.5,0.3,0.0,14400.0,0.1,1.0,0.35,0.0,0.0,0.0,1.0,0.0,8,8,4,,conv-26,ablation_16
vector_store,vector_store+HindsightTag,True,1,21600.0,756000.0,0.7,0.05,0.0,14400.0,0.1,1.0,0.35,0.25,0.0,0.25,1.0,0.125,8,8,4,,conv-26,ablation_17
vector_store,vector_store+HindsightTag,True,1,21600.0,756000.0,0.7,0.15,0.0,14400.0,0.1,1.0,0.35,0.25,0.0,0.25,1.0,0.125,8,8,4,,conv-26,ablation_18
vector_store,vector_store+HindsightTag,True,1,21600.0,756000.0,0.7,0.3,0.0,14400.0,0.1,1.0,0.35,0.0,0.0,0.0,1.0,0.0,8,8,4,,conv-26,ablation_19
vector_store,vector_store+HindsightTag,True,1,21600.0,756000.0,0.9,0.05,0.0,14400.0,0.1,1.0,0.35,0.25,0.0,0.25,1.0,0.125,8,8,4,,conv-26,ablation_20
vector_store,vector_store+HindsightTag,True,1,21600.0,756000.0,0.9,0.15,0.0,14400.0,0.1,1.0,0.35,0.25,0.0,0.25,1.0,0.125,8,8,4,,conv-26,ablation_21
vector_store,vector_store+HindsightTag,True,1,21600.0,756000.0,0.9,0.3,0.0,14400.0,0.1,1.0,0.35,0.0,0.0,0.0,1.0,0.0,8,8,4,,conv-26,ablation_22
vector_store,vector_store+HindsightTag,True,1,21600.0,756000.0,0.5,0.05,0.0,28800.0,0.1,1.0,0.35,0.25,0.0,0.25,1.0,0.125,8,8,4,,conv-26,ablation_23
vector_store,vector_store+HindsightTag,True,1,21600.0,756000.0,0.5,0.15,0.0,28800.0,0.1,1.0,0.35,0.25,0.0,0.25,1.0,0.125,8,8,4,,conv-26,ablation_24
vector_store,vector_store+HindsightTag,True,1,21600.0,756000.0,0.5,0.3,0.0,28800.0,0.1,1.0,0.35,0.0,0.0,0.0,1.0,0.0,8,8,4,,conv-26,ablation_25
vector_store,vector_store+HindsightTag,True,1,21600.0,756000.0,0.7,0.05,0.0,28800.0,0.1,1.0,0.35,0.25,0.0,0.25,1.0,0.125,8,8,4,,conv-26,ablation_26
vector_store,vector_store+HindsightTag,True,1,21600.0,756000.0,0.7,0.15,0.0,28800.0,0.1,1.0,0.35,0.25,0.0,0.25,1.0,0.125,8,8,4,,conv-26,ablation_27
vector_store,vector_store+HindsightTag,True,1,21600.0,756000.0,0.7,0.3,0.0,28800.0,0.1,1.0,0.35,0.0,0.0,0.0,1.0,0.0,8,8,4,,conv-26,ablation_28
vector_store,vector_store+HindsightTag,True,1,21600.0,756000.0,0.9,0.05,0.0,28800.0,0.1,1.0,0.35,0.25,0.0,0.25,1.0,0.125,8,8,4,,conv-26,ablation_29
vector_store,vector_store+HindsightTag,True,1,21600.0,756000.0,0.9,0.15,0.0,28800.0,0.1,1.0,0.35,0.25,0.0,0.25,1.0,0.125,8,8,4,,conv-26,ablation_30
vector_store,vector_store+HindsightTag,True,1,21600.0,756000.0,0.9,0.3,0.0,28800.0,0.1,1.0,0.35,0.0,0.0,0.0,1.0,0.0,8,8,4,,conv-26,ablation_31
vector_store,vector_store+HindsightTag,True,1,21600.0,3024000.0,0.5,0.05,0.0,7200.0,0.1,1.0,0.35,0.25,0.0,0.25,1.0,0.125,8,8,4,,conv-26,ablation_32
vector_store,vector_store+HindsightTag,True,1,21600.0,3024000.0,0.5,0.15,0.0,7200.0,0.1,1.0,0.35,0.25,0.0,0.25,1.0,0.125,8,8,4,,conv-26,ablation_33
vector_store,vector_store+HindsightTag,True,1,21600.0,3024000.0,0.5,0.3,0.0,7200.0,0.1,1.0,0.35,0.0,0.0,0.0,1.0,0.0,8,8,4,,conv-26,ablation_34
vector_store,vector_store+HindsightTag,True,1,21600.0,3024000.0,0.7,0.05,0.0,7200.0,0.1,1.0,0.35,0.25,0.0,0.25,1.0,0.125,8,8,4,,conv-26,ablation_35
vector_store,vector_store+HindsightTag,True,1,21600.0,3024000.0,0.7,0.15,0.0,7200.0,0.1,1.0,0.35,0.25,0.0,0.25,1.0,0.125,8,8,4,,conv-26,ablation_36
vector_store,vector_store+HindsightTag,True,1,21600.0,3024000.0,0.7,0.3,0.0,7200.0,0.1,1.0,0.35,0.0,0.0,0.0,1.0,0.0,8,8,4,,conv-26,ablation_37
vector_store,vector_store+HindsightTag,True,1,21600.0,3024000.0,0.9,0.05,0.0,7200.0,0.1,1.0,0.35,0.25,0.0,0.25,1.0,0.125,8,8,4,,conv-26,ablation_38
vector_store,vector_store+HindsightTag,True,1,21600.0,3024000.0,0.9,0.15,0.0,7200.0,0.1,1.0,0.35,0.25,0.0,0.25,1.0,0.125,8,8,4,,conv-26,ablation_39
vector_store,vector_store+HindsightTag,True,1,21600.0,3024000.0,0.9,0.3,0.0,7200.0,0.1,1.0,0.35,0.0,0.0,0.0,1.0,0.0,8,8,4,,conv-26,ablation_40
vector_store,vector_store+HindsightTag,True,1,21600.0,3024000.0,0.5,0.05,0.0,14400.0,0.1,1.0,0.35,0.25,0.0,0.25,1.0,0.125,8,8,4,,conv-26,ablation_41
vector_store,vector_store+HindsightTag,True,1,21600.0,3024000.0,0.5,0.15,0.0,14400.0,0.1,1.0,0.35,0.25,0.0,0.25,1.0,0.125,8,8,4,,conv-26,ablation_42
vector_store,vector_store+HindsightTag,True,1,21600.0,3024000.0,0.5,0.3,0.0,14400.0,0.1,1.0,0.35,0.0,0.0,0.0,1.0,0.0,8,8,4,,conv-26,ablation_43
vector_store,vector_store+HindsightTag,True,1,21600.0,3024000.0,0.7,0.05,0.0,14400.0,0.1,1.0,0.35,0.25,0.0,0.25,1.0,0.125,8,8,4,,conv-26,ablation_44
vector_store,vector_store+HindsightTag,True,1,21600.0,3024000.0,0.7,0.15,0.0,14400.0,0.1,1.0,0.35,0.25,0.0,0.25,1.0,0.125,8,8,4,,conv-26,ablation_45
vector_store,vector_store+HindsightTag,True,1,21600.0,3024000.0,0.7,0.3,0.0,14400.0,0.1,1.0,0.35,0.0,0.0,0.0,1.0,0.0,8,8,4,,conv-26,ablation_46
vector_store,vector_store+HindsightTag,True,1,21600.0,3024000.0,0.9,0.05,0.0,14400.0,0.1,1.0,0.35,0.25,0.0,0.25,1.0,0.125,8,8,4,,conv-26,ablation_47
vector_store,vector_store+HindsightTag,True,1,21600.0,3024000.0,0.9,0.15,0.0,14400.0,0.1,1.0,0.35,0.25,0.0,0.25,1.0,0.125,8,8,4,,conv-26,ablation_48
vector_store,vector_store+HindsightTag,True,1,21600.0,3024000.0,0.9,0.3,0.0,14400.0,0.1,1.0,0.35,0.0,0.0,0.0,1.0,0.0,8,8,4,,conv-26,ablation_49
vector_store,vector_store+HindsightTag,True,1,21600.0,3024000.0,0.5,0.05,0.0,28800.0,0.1,1.0,0.35,0.25,0.0,0.25,1.0,0.125,8,8,4,,conv-26,ablation_50
vector_store,vector_store+HindsightTag,True,1,21600.0,3024000.0,0.5,0.15,0.0,28800.0,0.1,1.0,0.35,0.25,0.0,0.25,1.0,0.125,8,8,4,,conv-26,ablation_51
vector_store,vector_store+HindsightTag,True,1,21600.0,3024000.0,0.5,0.3,0.0,28800.0,0.1,1.0,0.35,0.0,0.0,0.0,1.0,0.0,8,8,4,,conv-26,ablation_52
vector_store,vector_store+HindsightTag,True,1,21600.0,3024000.0,0.7,0.05,0.0,28800.0,0.1,1.0,0.35,0.25,0.0,0.25,1.0,0.125,8,8,4,,conv-26,ablation_53
vector_store,vector_store+HindsightTag,True,1,21600.0,3024000.0,0.7,0.15,0.0,28800.0,0.1,1.0,0.35,0.25,0.0,0.25,1.0,0.125,8,8,4,,conv-26,ablation_54
vector_store,vector_store+HindsightTag,True,1,21600.0,3024000.0,0.7,0.3,0.0,28800.0,0.1,1.0,0.35,0.0,0.0,0.0,1.0,0.0,8,8,4,,conv-26,ablation_55
vector_store,vector_store+HindsightTag,True,1,21600.0,3024000.0,0.9,0.05,0.0,28800.0,0.1,1.0,0.35,0.25,0.0,0.25,1.0,0.125,8,8,4,,conv-26,ablation_56
vector_store,vector_store+HindsightTag,True,1,21600.0,3024000.0,0.9,0.15,0.0,28800.0,0.1,1.0,0.35,0.25,0.0,0.25,1.0,0.125,8,8,4,,conv-26,ablation_57
vector_store,vector_store+HindsightTag,True,1,21600.0,3024000.0,0.9,0.3,0.0,28800.0,0.1,1.0,0.35,0.0,0.0,0.0,1.0,0.0,8,8,4,,conv-26,ablation_58
vector_store,vector_store+HindsightTag,True,1,21600.0,6048000.0,0.5,0.05,0.0,7200.0,0.1,1.0,0.35,0.25,0.0,0.25,1.0,0.125,8,8,4,,conv-26,ablation_59
vector_store,vector_store+HindsightTag,True,1,21600.0,6048000.0,0.5,0.15,0.0,7200.0,0.1,1.0,0.35,0.25,0.0,0.25,1.0,0.125,8,8,4,,conv-26,ablation_60
vector_store,vector_store+HindsightTag,True,1,21600.0,6048000.0,0.5,0.3,0.0,7200.0,0.1,1.0,0.35,0.0,0.0,0.0,1.0,0.0,8,8,4,,conv-26,ablation_61
vector_store,vector_store+HindsightTag,True,1,21600.0,6048000.0,0.7,0.05,0.0,7200.0,0.1,1.0,0.35,0.25,0.0,0.25,1.0,0.125,8,8,4,,conv-26,ablation_62
vector_store,vector_store+HindsightTag,True,1,21600.0,6048000.0,0.7,0.15,0.0,7200.0,0.1,1.0,0.35,0.25,0.0,0.25,1.0,0.125,8,8,4,,conv-26,ablation_63
vector_store,vector_store+HindsightTag,True,1,21600.0,6048000.0,0.7,0.3,0.0,7200.0,0.1,1.0,0.35,0.0,0.0,0.0,1.0,0.0,8,8,4,,conv-26,ablation_64
vector_store,vector_store+HindsightTag,True,1,21600.0,6048000.0,0.9,0.05,0.0,7200.0,0.1,1.0,0.35,0.25,0.0,0.25,1.0,0.125,8,8,4,,conv-26,ablation_65
vector_store,vector_store+HindsightTag,True,1,21600.0,6048000.0,0.9,0.15,0.0,7200.0,0.1,1.0,0.35,0.25,0.0,0.25,1.0,0.125,8,8,4,,conv-26,ablation_66
vector_store,vector_store+HindsightTag,True,1,21600.0,6048000.0,0.9,0.3,0.0,7200.0,0.1,1.0,0.35,0.0,0.0,0.0,1.0,0.0,8,8,4,,conv-26,ablation_67
vector_store,vector_store+HindsightTag,True,1,21600.0,6048000.0,0.5,0.05,0.0,14400.0,0.1,1.0,0.35,0.25,0.0,0.25,1.0,0.125,8,8,4,,conv-26,ablation_68
vector_store,vector_store+HindsightTag,True,1,21600.0,6048000.0,0.5,0.15,0.0,14400.0,0.1,1.0,0.35,0.25,0.0,0.25,1.0,0.125,8,8,4,,conv-26,ablation_69
vector_store,vector_store+HindsightTag,True,1,21600.0,6048000.0,0.5,0.3,0.0,14400.0,0.1,1.0,0.35,0.0,0.0,0.0,1.0,0.0,8,8,4,,conv-26,ablation_70
vector_store,vector_store+HindsightTag,True,1,21600.0,6048000.0,0.7,0.05,0.0,14400.0,0.1,1.0,0.35,0.25,0.0,0.25,1.0,0.125,8,8,4,,conv-26,ablation_71
vector_store,vector_store+HindsightTag,True,1,21600.0,6048000.0,0.7,0.15,0.0,14400.0,0.1,1.0,0.35,0.25,0.0,0.25,1.0,0.125,8,8,4,,conv-26,ablation_72
vector_store,vector_store+HindsightTag,True,1,21600.0,6048000.0,0.7,0.3,0.0,14400.0,0.1,1.0,0.35,0.0,0.0,0.0,1.0,0.0,8,8,4,,conv-26,ablation_73
vector_store,vector_store+HindsightTag,True,1,21600.0,6048000.0,0.9,0.05,0.0,14400.0,0.1,1.0,0.35,0.25,0.0,0.25,1.0,0.125,8,8,4,,conv-26,ablation_74
vector_store,vector_store+HindsightTag,True,1,21600.0,6048000.0,0.9,0.15,0.0,14400.0,0.1,1.0,0.35,0.25,0.0,0.25,1.0,0.125,8,8,4,,conv-26,ablation_75
vector_store,vector_store+HindsightTag,True,1,21600.0,6048000.0,0.9,0.3,0.0,14400.0,0.1,1.0,0.35,0.0,0.0,0.0,1.0,0.0,8,8,4,,conv-26,ablation_76
vector_store,vector_store+HindsightTag,True,1,21600.0,6048000.0,0.5,0.05,0.0,28800.0,0.1,1.0,0.35,0.25,0.0,0.25,1.0,0.125,8,8,4,,conv-26,ablation_77
vector_store,vector_store+HindsightTag,True,1,21600.0,6048000.0,0.5,0.15,0.0,28800.0,0.1,1.0,0.35,0.25,0.0,0.25,1.0,0.125,8,8,4,,conv-26,ablation_78
vector_store,vector_store+HindsightTag,True,1,21600.0,6048000.0,0.5,0.3,0.0,28800.0,0.1,1.0,0.35,0.0,0.0,0.0,1.0,0.0,8,8,4,,conv-26,ablation_79
vector_store,vector_store+HindsightTag,True,1,21600.0,6048000.0,0.7,0.05,0.0,28800.0,0.1,1.0,0.35,0.25,0.0,0.25,1.0,0.125,8,8,4,,conv-26,ablation_80
vector_store,vector_store+HindsightTag,True,1,21600.0,6048000.0,0.7,0.15,0.0,28800.0,0.1,1.0,0.35,0.25,0.0,0.25,1.0,0.125,8,8,4,,conv-26,ablation_81
vector_store,vector_store+HindsightTag,True,1,21600.0,6048000.0,0.7,0.3,0.0,28800.0,0.1,1.0,0.35,0.0,0.0,0.0,1.0,0.0,8,8,4,,conv-26,ablation_82
vector_store,vector_store+HindsightTag,True,1,21600.0,6048000.0,0.9,0.05,0.0,28800.0,0.1,1.0,0.35,0.25,0.0,0.25,1.0,0.125,8,8,4,,conv-26,ablation_83
vector_store,vector_store+HindsightTag,True,1,21600.0,6048000.0,0.9,0.15,0.0,28800.0,0.1,1.0,0.35,0.25,0.0,0.25,1.0,0.125,8,8,4,,conv-26,ablation_84
vector_store,vector_store+HindsightTag,True,1,21600.0,6048000.0,0.9,0.3,0.0,28800.0,0.1,1.0,0.35,0.0,0.0,0.0,1.0,0.0,8,8,4,,conv-26,ablation_85
mem0,mem0,False,2,21600.0,3024000.0,0.7,0.1,0.0,14400.0,0.1,1.0,0.35,0.0,0.0,0.0,,0.0,8,8,0,True,conv-26,baseline
mem0,mem0+HindsightTag,True,2,21600.0,3024000.0,0.7,0.1,0.0,14400.0,0.1,1.0,0.35,0.0,0.0,0.0,1.0,0.0,8,8,4,True,conv-26,ablation_0
mem0,mem0+HindsightTag,True,2,21600.0,3024000.0,0.7,0.1,0.25,14400.0,0.1,1.0,0.35,0.0,0.0,0.0,1.0,0.0,8,8,4,True,conv-26,ablation_1
mem0,mem0+HindsightTag,True,2,21600.0,3024000.0,0.7,0.1,0.5,14400.0,0.1,1.0,0.35,0.0,0.0,0.0,1.0,0.0,8,8,4,True,conv-26,ablation_2
mem0,mem0+HindsightTag,True,2,21600.0,3024000.0,0.7,0.1,0.75,14400.0,0.1,1.0,0.35,0.0,0.0,0.0,1.0,0.0,8,8,4,True,conv-26,ablation_3
mem0,mem0+HindsightTag,True,2,21600.0,3024000.0,0.7,0.1,1.0,14400.0,0.1,1.0,0.35,0.0,0.0,0.0,1.0,0.0,8,8,4,True,conv-26,ablation_4
mem0,mem0+HindsightTag,True,2,21600.0,756000.0,0.5,0.05,0.0,7200.0,0.1,1.0,0.35,0.0,0.0,0.0,1.0,0.0,8,8,4,True,conv-26,ablation_5
mem0,mem0+HindsightTag,True,2,21600.0,756000.0,0.5,0.15,0.0,7200.0,0.1,1.0,0.35,0.0,0.0,0.0,1.0,0.0,8,8,4,True,conv-26,ablation_6
mem0,mem0+HindsightTag,True,2,21600.0,756000.0,0.5,0.3,0.0,7200.0,0.1,1.0,0.35,0.0,0.0,0.0,1.0,0.0,8,8,4,True,conv-26,ablation_7
mem0,mem0+HindsightTag,True,2,21600.0,756000.0,0.7,0.05,0.0,7200.0,0.1,1.0,0.35,0.0,0.0,0.0,1.0,0.0,8,8,4,True,conv-26,ablation_8
mem0,mem0+HindsightTag,True,2,21600.0,756000.0,0.7,0.15,0.0,7200.0,0.1,1.0,0.35,0.0,0.0,0.0,1.0,0.0,8,8,4,True,conv-26,ablation_9
mem0,mem0+HindsightTag,True,2,21600.0,756000.0,0.7,0.3,0.0,7200.0,0.1,1.0,0.35,0.0,0.0,0.0,1.0,0.0,8,8,4,True,conv-26,ablation_10
mem0,mem0+HindsightTag,True,2,21600.0,756000.0,0.9,0.05,0.0,7200.0,0.1,1.0,0.35,0.0,0.0,0.0,1.0,0.0,8,8,4,True,conv-26,ablation_11
mem0,mem0+HindsightTag,True,2,21600.0,756000.0,0.9,0.15,0.0,7200.0,0.1,1.0,0.35,0.0,0.0,0.0,1.0,0.0,8,8,4,True,conv-26,ablation_12
mem0,mem0+HindsightTag,True,2,21600.0,756000.0,0.9,0.3,0.0,7200.0,0.1,1.0,0.35,0.0,0.0,0.0,1.0,0.0,8,8,4,True,conv-26,ablation_13
mem0,mem0+HindsightTag,True,2,21600.0,756000.0,0.5,0.05,0.0,14400.0,0.1,1.0,0.35,0.0,0.0,0.0,1.0,0.0,8,8,4,True,conv-26,ablation_14
mem0,mem0+HindsightTag,True,2,21600.0,756000.0,0.5,0.15,0.0,14400.0,0.1,1.0,0.35,0.0,0.0,0.0,1.0,0.0,8,8,4,True,conv-26,ablation_15
mem0,mem0+HindsightTag,True,2,21600.0,756000.0,0.5,0.3,0.0,14400.0,0.1,1.0,0.35,0.0,0.0,0.0,1.0,0.0,8,8,4,True,conv-26,ablation_16
mem0,mem0+HindsightTag,True,2,21600.0,756000.0,0.7,0.05,0.0,14400.0,0.1,1.0,0.35,0.0,0.0,0.0,1.0,0.0,8,8,4,True,conv-26,ablation_17
mem0,mem0+HindsightTag,True,2,21600.0,756000.0,0.7,0.15,0.0,14400.0,0.1,1.0,0.35,0.0,0.0,0.0,1.0,0.0,8,8,4,True,conv-26,ablation_18
mem0,mem0+HindsightTag,True,2,21600.0,756000.0,0.7,0.3,0.0,14400.0,0.1,1.0,0.35,0.0,0.0,0.0,1.0,0.0,8,8,4,True,conv-26,ablation_19
mem0,mem0+HindsightTag,True,2,21600.0,756000.0,0.9,0.05,0.0,14400.0,0.1,1.0,0.35,0.0,0.0,0.0,1.0,0.0,8,8,4,True,conv-26,ablation_20
mem0,mem0+HindsightTag,True,2,21600.0,756000.0,0.9,0.15,0.0,14400.0,0.1,1.0,0.35,0.0,0.0,0.0,1.0,0.0,8,8,4,True,conv-26,ablation_21
mem0,mem0+HindsightTag,True,2,21600.0,756000.0,0.9,0.3,0.0,14400.0,0.1,1.0,0.35,0.0,0.0,0.0,1.0,0.0,8,8,4,True,conv-26,ablation_22
mem0,mem0+HindsightTag,True,2,21600.0,756000.0,0.5,0.05,0.0,28800.0,0.1,1.0,0.35,0.0,0.0,0.0,1.0,0.0,8,8,4,True,conv-26,ablation_23
mem0,mem0+HindsightTag,True,2,21600.0,756000.0,0.5,0.15,0.0,28800.0,0.1,1.0,0.35,0.0,0.0,0.0,1.0,0.0,8,8,4,True,conv-26,ablation_24
mem0,mem0+HindsightTag,True,2,21600.0,756000.0,0.5,0.3,0.0,28800.0,0.1,1.0,0.35,0.0,0.0,0.0,1.0,0.0,8,8,4,True,conv-26,ablation_25
mem0,mem0+HindsightTag,True,2,21600.0,756000.0,0.7,0.05,0.0,28800.0,0.1,1.0,0.35,0.0,0.0,0.0,1.0,0.0,8,8,4,True,conv-26,ablation_26
mem0,mem0+HindsightTag,True,2,21600.0,756000.0,0.7,0.15,0.0,28800.0,0.1,1.0,0.35,0.0,0.0,0.0,1.0,0.0,8,8,4,True,conv-26,ablation_27
mem0,mem0+HindsightTag,True,2,21600.0,756000.0,0.7,0.3,0.0,28800.0,0.1,1.0,0.35,0.0,0.0,0.0,1.0,0.0,8,8,4,True,conv-26,ablation_28
mem0,mem0+HindsightTag,True,2,21600.0,756000.0,0.9,0.05,0.0,28800.0,0.1,1.0,0.35,0.0,0.0,0.0,1.0,0.0,8,8,4,True,conv-26,ablation_29
mem0,mem0+HindsightTag,True,2,21600.0,756000.0,0.9,0.15,0.0,28800.0,0.1,1.0,0.35,0.0,0.0,0.0,1.0,0.0,8,8,4,True,conv-26,ablation_30
mem0,mem0+HindsightTag,True,2,21600.0,756000.0,0.9,0.3,0.0,28800.0,0.1,1.0,0.35,0.0,0.0,0.0,1.0,0.0,8,8,4,True,conv-26,ablation_31
mem0,mem0+HindsightTag,True,2,21600.0,3024000.0,0.5,0.05,0.0,7200.0,0.1,1.0,0.35,0.0,0.0,0.0,1.0,0.0,8,8,4,True,conv-26,ablation_32
mem0,mem0+HindsightTag,True,2,21600.0,3024000.0,0.5,0.15,0.0,7200.0,0.1,1.0,0.35,0.0,0.0,0.0,1.0,0.0,8,8,4,True,conv-26,ablation_33
mem0,mem0+HindsightTag,True,2,21600.0,3024000.0,0.5,0.3,0.0,7200.0,0.1,1.0,0.35,0.0,0.0,0.0,1.0,0.0,8,8,4,True,conv-26,ablation_34
mem0,mem0+HindsightTag,True,2,21600.0,3024000.0,0.7,0.05,0.0,7200.0,0.1,1.0,0.35,0.0,0.0,0.0,1.0,0.0,8,8,4,True,conv-26,ablation_35
mem0,mem0+HindsightTag,True,2,21600.0,3024000.0,0.7,0.15,0.0,7200.0,0.1,1.0,0.35,0.0,0.0,0.0,1.0,0.0,8,8,4,True,conv-26,ablation_36
mem0,mem0+HindsightTag,True,2,21600.0,3024000.0,0.7,0.3,0.0,7200.0,0.1,1.0,0.35,0.0,0.0,0.0,1.0,0.0,8,8,4,True,conv-26,ablation_37
mem0,mem0+HindsightTag,True,2,21600.0,3024000.0,0.9,0.05,0.0,7200.0,0.1,1.0,0.35,0.0,0.0,0.0,1.0,0.0,8,8,4,True,conv-26,ablation_38
mem0,mem0+HindsightTag,True,2,21600.0,3024000.0,0.9,0.15,0.0,7200.0,0.1,1.0,0.35,0.0,0.0,0.0,1.0,0.0,8,8,4,True,conv-26,ablation_39
mem0,mem0+HindsightTag,True,2,21600.0,3024000.0,0.9,0.3,0.0,7200.0,0.1,1.0,0.35,0.0,0.0,0.0,1.0,0.0,8,8,4,True,conv-26,ablation_40
mem0,mem0+HindsightTag,True,2,21600.0,3024000.0,0.5,0.05,0.0,14400.0,0.1,1.0,0.35,0.0,0.0,0.0,1.0,0.0,8,8,4,True,conv-26,ablation_41
mem0,mem0+HindsightTag,True,2,21600.0,3024000.0,0.5,0.15,0.0,14400.0,0.1,1.0,0.35,0.0,0.0,0.0,1.0,0.0,8,8,4,True,conv-26,ablation_42
mem0,mem0+HindsightTag,True,2,21600.0,3024000.0,0.5,0.3,0.0,14400.0,0.1,1.0,0.35,0.0,0.0,0.0,1.0,0.0,8,8,4,True,conv-26,ablation_43
mem0,mem0+HindsightTag,True,2,21600.0,3024000.0,0.7,0.05,0.0,14400.0,0.1,1.0,0.35,0.0,0.0,0.0,1.0,0.0,8,8,4,True,conv-26,ablation_44
mem0,mem0+HindsightTag,True,2,21600.0,3024000.0,0.7,0.15,0.0,14400.0,0.1,1.0,0.35,0.0,0.0,0.0,1.0,0.0,8,8,4,True,conv-26,ablation_45
mem0,mem0+HindsightTag,True,2,21600.0,3024000.0,0.7,0.3,0.0,14400.0,0.1,1.0,0.35,0.0,0.0,0.0,1.0,0.0,8,8,4,True,conv-26,ablation_46
mem0,mem0+HindsightTag,True,2,21600.0,3024000.0,0.9,0.05,0.0,14400.0,0.1,1.0,0.35,0.0,0.0,0.0,1.0,0.0,8,8,4,True,conv-26,ablation_47
mem0,mem0+HindsightTag,True,2,21600.0,3024000.0,0.9,0.15,0.0,14400.0,0.1,1.0,0.35,0.0,0.0,0.0,1.0,0.0,8,8,4,True,conv-26,ablation_48
mem0,mem0+HindsightTag,True,2,21600.0,3024000.0,0.9,0.3,0.0,14400.0,0.1,1.0,0.35,0.0,0.0,0.0,1.0,0.0,8,8,4,True,conv-26,ablation_49
mem0,mem0+HindsightTag,True,2,21600.0,3024000.0,0.5,0.05,0.0,28800.0,0.1,1.0,0.35,0.0,0.0,0.0,1.0,0.0,8,8,4,True,conv-26,ablation_50
mem0,mem0+HindsightTag,True,2,21600.0,3024000.0,0.5,0.15,0.0,28800.0,0.1,1.0,0.35,0.0,0.0,0.0,1.0,0.0,8,8,4,True,conv-26,ablation_51
mem0,mem0+HindsightTag,True,2,21600.0,3024000.0,0.5,0.3,0.0,28800.0,0.1,1.0,0.35,0.0,0.0,0.0,1.0,0.0,8,8,4,True,conv-26,ablation_52
mem0,mem0+HindsightTag,True,2,21600.0,3024000.0,0.7,0.05,0.0,28800.0,0.1,1.0,0.35,0.0,0.0,0.0,1.0,0.0,8,8,4,True,conv-26,ablation_53
mem0,mem0+HindsightTag,True,2,21600.0,3024000.0,0.7,0.15,0.0,28800.0,0.1,1.0,0.35,0.0,0.0,0.0,1.0,0.0,8,8,4,True,conv-26,ablation_54
mem0,mem0+HindsightTag,True,2,21600.0,3024000.0,0.7,0.3,0.0,28800.0,0.1,1.0,0.35,0.0,0.0,0.0,1.0,0.0,8,8,4,True,conv-26,ablation_55
mem0,mem0+HindsightTag,True,2,21600.0,3024000.0,0.9,0.05,0.0,28800.0,0.1,1.0,0.35,0.0,0.0,0.0,1.0,0.0,8,8,4,True,conv-26,ablation_56
mem0,mem0+HindsightTag,True,2,21600.0,3024000.0,0.9,0.15,0.0,28800.0,0.1,1.0,0.35,0.0,0.0,0.0,1.0,0.0,8,8,4,True,conv-26,ablation_57
mem0,mem0+HindsightTag,True,2,21600.0,3024000.0,0.9,0.3,0.0,28800.0,0.1,1.0,0.35,0.0,0.0,0.0,1.0,0.0,8,8,4,True,conv-26,ablation_58
mem0,mem0+HindsightTag,True,2,21600.0,6048000.0,0.5,0.05,0.0,7200.0,0.1,1.0,0.35,0.0,0.0,0.0,1.0,0.0,8,8,4,True,conv-26,ablation_59
mem0,mem0+HindsightTag,True,2,21600.0,6048000.0,0.5,0.15,0.0,7200.0,0.1,1.0,0.35,0.0,0.0,0.0,1.0,0.0,8,8,4,True,conv-26,ablation_60
mem0,mem0+HindsightTag,True,2,21600.0,6048000.0,0.5,0.3,0.0,7200.0,0.1,1.0,0.35,0.0,0.0,0.0,1.0,0.0,8,8,4,True,conv-26,ablation_61
mem0,mem0+HindsightTag,True,2,21600.0,6048000.0,0.7,0.05,0.0,7200.0,0.1,1.0,0.35,0.0,0.0,0.0,1.0,0.0,8,8,4,True,conv-26,ablation_62
mem0,mem0+HindsightTag,True,2,21600.0,6048000.0,0.7,0.15,0.0,7200.0,0.1,1.0,0.35,0.0,0.0,0.0,1.0,0.0,8,8,4,True,conv-26,ablation_63
mem0,mem0+HindsightTag,True,2,21600.0,6048000.0,0.7,0.3,0.0,7200.0,0.1,1.0,0.35,0.0,0.0,0.0,1.0,0.0,8,8,4,True,conv-26,ablation_64
mem0,mem0+HindsightTag,True,2,21600.0,6048000.0,0.9,0.05,0.0,7200.0,0.1,1.0,0.35,0.0,0.0,0.0,1.0,0.0,8,8,4,True,conv-26,ablation_65
mem0,mem0+HindsightTag,True,2,21600.0,6048000.0,0.9,0.15,0.0,7200.0,0.1,1.0,0.35,0.0,0.0,0.0,1.0,0.0,8,8,4,True,conv-26,ablation_66
mem0,mem0+HindsightTag,True,2,21600.0,6048000.0,0.9,0.3,0.0,7200.0,0.1,1.0,0.35,0.0,0.0,0.0,1.0,0.0,8,8,4,True,conv-26,ablation_67
mem0,mem0+HindsightTag,True,2,21600.0,6048000.0,0.5,0.05,0.0,14400.0,0.1,1.0,0.35,0.0,0.0,0.0,1.0,0.0,8,8,4,True,conv-26,ablation_68
mem0,mem0+HindsightTag,True,2,21600.0,6048000.0,0.5,0.15,0.0,14400.0,0.1,1.0,0.35,0.0,0.0,0.0,1.0,0.0,8,8,4,True,conv-26,ablation_69
mem0,mem0+HindsightTag,True,2,21600.0,6048000.0,0.5,0.3,0.0,14400.0,0.1,1.0,0.35,0.0,0.0,0.0,1.0,0.0,8,8,4,True,conv-26,ablation_70
mem0,mem0+HindsightTag,True,2,21600.0,6048000.0,0.7,0.05,0.0,14400.0,0.1,1.0,0.35,0.0,0.0,0.0,1.0,0.0,8,8,4,True,conv-26,ablation_71
mem0,mem0+HindsightTag,True,2,21600.0,6048000.0,0.7,0.15,0.0,14400.0,0.1,1.0,0.35,0.0,0.0,0.0,1.0,0.0,8,8,4,True,conv-26,ablation_72
mem0,mem0+HindsightTag,True,2,21600.0,6048000.0,0.7,0.3,0.0,14400.0,0.1,1.0,0.35,0.0,0.0,0.0,1.0,0.0,8,8,4,True,conv-26,ablation_73
mem0,mem0+HindsightTag,True,2,21600.0,6048000.0,0.9,0.05,0.0,14400.0,0.1,1.0,0.35,0.0,0.0,0.0,1.0,0.0,8,8,4,True,conv-26,ablation_74
mem0,mem0+HindsightTag,True,2,21600.0,6048000.0,0.9,0.15,0.0,14400.0,0.1,1.0,0.35,0.0,0.0,0.0,1.0,0.0,8,8,4,True,conv-26,ablation_75
mem0,mem0+HindsightTag,True,2,21600.0,6048000.0,0.9,0.3,0.0,14400.0,0.1,1.0,0.35,0.0,0.0,0.0,1.0,0.0,8,8,4,True,conv-26,ablation_76
mem0,mem0+HindsightTag,True,2,21600.0,6048000.0,0.5,0.05,0.0,28800.0,0.1,1.0,0.35,0.0,0.0,0.0,1.0,0.0,8,8,4,True,conv-26,ablation_77
mem0,mem0+HindsightTag,True,2,21600.0,6048000.0,0.5,0.15,0.0,28800.0,0.1,1.0,0.35,0.0,0.0,0.0,1.0,0.0,8,8,4,True,conv-26,ablation_78
mem0,mem0+HindsightTag,True,2,21600.0,6048000.0,0.5,0.3,0.0,28800.0,0.1,1.0,0.35,0.0,0.0,0.0,1.0,0.0,8,8,4,True,conv-26,ablation_79
mem0,mem0+HindsightTag,True,2,21600.0,6048000.0,0.7,0.05,0.0,28800.0,0.1,1.0,0.35,0.0,0.0,0.0,1.0,0.0,8,8,4,True,conv-26,ablation_80
mem0,mem0+HindsightTag,True,2,21600.0,6048000.0,0.7,0.15,0.0,28800.0,0.1,1.0,0.35,0.0,0.0,0.0,1.0,0.0,8,8,4,True,conv-26,ablation_81
mem0,mem0+HindsightTag,True,2,21600.0,6048000.0,0.7,0.3,0.0,28800.0,0.1,1.0,0.35,0.0,0.0,0.0,1.0,0.0,8,8,4,True,conv-26,ablation_82
mem0,mem0+HindsightTag,True,2,21600.0,6048000.0,0.9,0.05,0.0,28800.0,0.1,1.0,0.35,0.0,0.0,0.0,1.0,0.0,8,8,4,True,conv-26,ablation_83
mem0,mem0+HindsightTag,True,2,21600.0,6048000.0,0.9,0.15,0.0,28800.0,0.1,1.0,0.35,0.0,0.0,0.0,1.0,0.0,8,8,4,True,conv-26,ablation_84
mem0,mem0+HindsightTag,True,2,21600.0,6048000.0,0.9,0.3,0.0,28800.0,0.1,1.0,0.35,0.0,0.0,0.0,1.0,0.0,8,8,4,True,conv-26,ablation_85
vector_store,vector_store,False,2,21600.0,3024000.0,0.7,0.1,0.0,14400.0,0.1,1.0,0.35,0.0,0.0,0.0,,0.0,8,8,0,,conv-26,baseline
vector_store,vector_store+HindsightTag,True,2,21600.0,3024000.0,0.7,0.1,0.0,14400.0,0.1,1.0,0.35,0.125,0.0,0.125,1.0,0.125,8,8,4,,conv-26,ablation_0
vector_store,vector_store+HindsightTag,True,2,21600.0,3024000.0,0.7,0.1,0.25,14400.0,0.1,1.0,0.35,0.125,0.0,0.125,1.0,0.125,8,8,4,,conv-26,ablation_1
vector_store,vector_store+HindsightTag,True,2,21600.0,3024000.0,0.7,0.1,0.5,14400.0,0.1,1.0,0.35,0.125,0.0,0.125,1.0,0.125,8,8,4,,conv-26,ablation_2
vector_store,vector_store+HindsightTag,True,2,21600.0,3024000.0,0.7,0.1,0.75,14400.0,0.1,1.0,0.35,0.125,0.0,0.125,1.0,0.125,8,8,4,,conv-26,ablation_3
vector_store,vector_store+HindsightTag,True,2,21600.0,3024000.0,0.7,0.1,1.0,14400.0,0.1,1.0,0.35,0.125,0.0,0.125,1.0,0.125,8,8,4,,conv-26,ablation_4
vector_store,vector_store+HindsightTag,True,2,21600.0,756000.0,0.5,0.05,0.0,7200.0,0.1,1.0,0.35,0.125,0.125,0.0,1.0,0.125,8,8,4,,conv-26,ablation_5
vector_store,vector_store+HindsightTag,True,2,21600.0,756000.0,0.5,0.15,0.0,7200.0,0.1,1.0,0.35,0.125,0.0,0.125,1.0,0.125,8,8,4,,conv-26,ablation_6
vector_store,vector_store+HindsightTag,True,2,21600.0,756000.0,0.5,0.3,0.0,7200.0,0.1,1.0,0.35,0.0,0.0,0.0,1.0,0.0,8,8,4,,conv-26,ablation_7
vector_store,vector_store+HindsightTag,True,2,21600.0,756000.0,0.7,0.05,0.0,7200.0,0.1,1.0,0.35,0.125,0.0,0.125,1.0,0.125,8,8,4,,conv-26,ablation_8
vector_store,vector_store+HindsightTag,True,2,21600.0,756000.0,0.7,0.15,0.0,7200.0,0.1,1.0,0.35,0.125,0.0,0.125,1.0,0.125,8,8,4,,conv-26,ablation_9
vector_store,vector_store+HindsightTag,True,2,21600.0,756000.0,0.7,0.3,0.0,7200.0,0.1,1.0,0.35,0.0,0.0,0.0,1.0,0.0,8,8,4,,conv-26,ablation_10
vector_store,vector_store+HindsightTag,True,2,21600.0,756000.0,0.9,0.05,0.0,7200.0,0.1,1.0,0.35,0.125,0.0,0.125,1.0,0.125,8,8,4,,conv-26,ablation_11
vector_store,vector_store+HindsightTag,True,2,21600.0,756000.0,0.9,0.15,0.0,7200.0,0.1,1.0,0.35,0.125,0.0,0.125,1.0,0.125,8,8,4,,conv-26,ablation_12
vector_store,vector_store+HindsightTag,True,2,21600.0,756000.0,0.9,0.3,0.0,7200.0,0.1,1.0,0.35,0.0,0.0,0.0,1.0,0.0,8,8,4,,conv-26,ablation_13
vector_store,vector_store+HindsightTag,True,2,21600.0,756000.0,0.5,0.05,0.0,14400.0,0.1,1.0,0.35,0.125,0.125,0.0,1.0,0.125,8,8,4,,conv-26,ablation_14
vector_store,vector_store+HindsightTag,True,2,21600.0,756000.0,0.5,0.15,0.0,14400.0,0.1,1.0,0.35,0.125,0.0,0.125,1.0,0.125,8,8,4,,conv-26,ablation_15
vector_store,vector_store+HindsightTag,True,2,21600.0,756000.0,0.5,0.3,0.0,14400.0,0.1,1.0,0.35,0.0,0.0,0.0,1.0,0.0,8,8,4,,conv-26,ablation_16
vector_store,vector_store+HindsightTag,True,2,21600.0,756000.0,0.7,0.05,0.0,14400.0,0.1,1.0,0.35,0.125,0.0,0.125,1.0,0.125,8,8,4,,conv-26,ablation_17
vector_store,vector_store+HindsightTag,True,2,21600.0,756000.0,0.7,0.15,0.0,14400.0,0.1,1.0,0.35,0.125,0.0,0.125,1.0,0.125,8,8,4,,conv-26,ablation_18
vector_store,vector_store+HindsightTag,True,2,21600.0,756000.0,0.7,0.3,0.0,14400.0,0.1,1.0,0.35,0.0,0.0,0.0,1.0,0.0,8,8,4,,conv-26,ablation_19
vector_store,vector_store+HindsightTag,True,2,21600.0,756000.0,0.9,0.05,0.0,14400.0,0.1,1.0,0.35,0.125,0.0,0.125,1.0,0.125,8,8,4,,conv-26,ablation_20
vector_store,vector_store+HindsightTag,True,2,21600.0,756000.0,0.9,0.15,0.0,14400.0,0.1,1.0,0.35,0.125,0.0,0.125,1.0,0.125,8,8,4,,conv-26,ablation_21
vector_store,vector_store+HindsightTag,True,2,21600.0,756000.0,0.9,0.3,0.0,14400.0,0.1,1.0,0.35,0.0,0.0,0.0,1.0,0.0,8,8,4,,conv-26,ablation_22
vector_store,vector_store+HindsightTag,True,2,21600.0,756000.0,0.5,0.05,0.0,28800.0,0.1,1.0,0.35,0.125,0.125,0.0,1.0,0.125,8,8,4,,conv-26,ablation_23
vector_store,vector_store+HindsightTag,True,2,21600.0,756000.0,0.5,0.15,0.0,28800.0,0.1,1.0,0.35,0.125,0.0,0.125,1.0,0.125,8,8,4,,conv-26,ablation_24
vector_store,vector_store+HindsightTag,True,2,21600.0,756000.0,0.5,0.3,0.0,28800.0,0.1,1.0,0.35,0.0,0.0,0.0,1.0,0.0,8,8,4,,conv-26,ablation_25
vector_store,vector_store+HindsightTag,True,2,21600.0,756000.0,0.7,0.05,0.0,28800.0,0.1,1.0,0.35,0.125,0.0,0.125,1.0,0.125,8,8,4,,conv-26,ablation_26
vector_store,vector_store+HindsightTag,True,2,21600.0,756000.0,0.7,0.15,0.0,28800.0,0.1,1.0,0.35,0.125,0.0,0.125,1.0,0.125,8,8,4,,conv-26,ablation_27
vector_store,vector_store+HindsightTag,True,2,21600.0,756000.0,0.7,0.3,0.0,28800.0,0.1,1.0,0.35,0.0,0.0,0.0,1.0,0.0,8,8,4,,conv-26,ablation_28
vector_store,vector_store+HindsightTag,True,2,21600.0,756000.0,0.9,0.05,0.0,28800.0,0.1,1.0,0.35,0.125,0.0,0.125,1.0,0.125,8,8,4,,conv-26,ablation_29
vector_store,vector_store+HindsightTag,True,2,21600.0,756000.0,0.9,0.15,0.0,28800.0,0.1,1.0,0.35,0.125,0.0,0.125,1.0,0.125,8,8,4,,conv-26,ablation_30
vector_store,vector_store+HindsightTag,True,2,21600.0,756000.0,0.9,0.3,0.0,28800.0,0.1,1.0,0.35,0.0,0.0,0.0,1.0,0.0,8,8,4,,conv-26,ablation_31
vector_store,vector_store+HindsightTag,True,2,21600.0,3024000.0,0.5,0.05,0.0,7200.0,0.1,1.0,0.35,0.125,0.125,0.0,1.0,0.125,8,8,4,,conv-26,ablation_32
vector_store,vector_store+HindsightTag,True,2,21600.0,3024000.0,0.5,0.15,0.0,7200.0,0.1,1.0,0.35,0.125,0.0,0.125,1.0,0.125,8,8,4,,conv-26,ablation_33
vector_store,vector_store+HindsightTag,True,2,21600.0,3024000.0,0.5,0.3,0.0,7200.0,0.1,1.0,0.35,0.0,0.0,0.0,1.0,0.0,8,8,4,,conv-26,ablation_34
vector_store,vector_store+HindsightTag,True,2,21600.0,3024000.0,0.7,0.05,0.0,7200.0,0.1,1.0,0.35,0.125,0.0,0.125,1.0,0.125,8,8,4,,conv-26,ablation_35
vector_store,vector_store+HindsightTag,True,2,21600.0,3024000.0,0.7,0.15,0.0,7200.0,0.1,1.0,0.35,0.125,0.0,0.125,1.0,0.125,8,8,4,,conv-26,ablation_36
vector_store,vector_store+HindsightTag,True,2,21600.0,3024000.0,0.7,0.3,0.0,7200.0,0.1,1.0,0.35,0.0,0.0,0.0,1.0,0.0,8,8,4,,conv-26,ablation_37
vector_store,vector_store+HindsightTag,True,2,21600.0,3024000.0,0.9,0.05,0.0,7200.0,0.1,1.0,0.35,0.125,0.0,0.125,1.0,0.125,8,8,4,,conv-26,ablation_38
vector_store,vector_store+HindsightTag,True,2,21600.0,3024000.0,0.9,0.15,0.0,7200.0,0.1,1.0,0.35,0.125,0.0,0.125,1.0,0.125,8,8,4,,conv-26,ablation_39
vector_store,vector_store+HindsightTag,True,2,21600.0,3024000.0,0.9,0.3,0.0,7200.0,0.1,1.0,0.35,0.0,0.0,0.0,1.0,0.0,8,8,4,,conv-26,ablation_40
vector_store,vector_store+HindsightTag,True,2,21600.0,3024000.0,0.5,0.05,0.0,14400.0,0.1,1.0,0.35,0.125,0.125,0.0,1.0,0.125,8,8,4,,conv-26,ablation_41
vector_store,vector_store+HindsightTag,True,2,21600.0,3024000.0,0.5,0.15,0.0,14400.0,0.1,1.0,0.35,0.125,0.0,0.125,1.0,0.125,8,8,4,,conv-26,ablation_42
vector_store,vector_store+HindsightTag,True,2,21600.0,3024000.0,0.5,0.3,0.0,14400.0,0.1,1.0,0.35,0.0,0.0,0.0,1.0,0.0,8,8,4,,conv-26,ablation_43
vector_store,vector_store+HindsightTag,True,2,21600.0,3024000.0,0.7,0.05,0.0,14400.0,0.1,1.0,0.35,0.125,0.0,0.125,1.0,0.125,8,8,4,,conv-26,ablation_44
vector_store,vector_store+HindsightTag,True,2,21600.0,3024000.0,0.7,0.15,0.0,14400.0,0.1,1.0,0.35,0.125,0.0,0.125,1.0,0.125,8,8,4,,conv-26,ablation_45
vector_store,vector_store+HindsightTag,True,2,21600.0,3024000.0,0.7,0.3,0.0,14400.0,0.1,1.0,0.35,0.0,0.0,0.0,1.0,0.0,8,8,4,,conv-26,ablation_46
vector_store,vector_store+HindsightTag,True,2,21600.0,3024000.0,0.9,0.05,0.0,14400.0,0.1,1.0,0.35,0.125,0.0,0.125,1.0,0.125,8,8,4,,conv-26,ablation_47
vector_store,vector_store+HindsightTag,True,2,21600.0,3024000.0,0.9,0.15,0.0,14400.0,0.1,1.0,0.35,0.125,0.0,0.125,1.0,0.125,8,8,4,,conv-26,ablation_48
vector_store,vector_store+HindsightTag,True,2,21600.0,3024000.0,0.9,0.3,0.0,14400.0,0.1,1.0,0.35,0.0,0.0,0.0,1.0,0.0,8,8,4,,conv-26,ablation_49
vector_store,vector_store+HindsightTag,True,2,21600.0,3024000.0,0.5,0.05,0.0,28800.0,0.1,1.0,0.35,0.125,0.125,0.0,1.0,0.125,8,8,4,,conv-26,ablation_50
vector_store,vector_store+HindsightTag,True,2,21600.0,3024000.0,0.5,0.15,0.0,28800.0,0.1,1.0,0.35,0.125,0.0,0.125,1.0,0.125,8,8,4,,conv-26,ablation_51
vector_store,vector_store+HindsightTag,True,2,21600.0,3024000.0,0.5,0.3,0.0,28800.0,0.1,1.0,0.35,0.0,0.0,0.0,1.0,0.0,8,8,4,,conv-26,ablation_52
vector_store,vector_store+HindsightTag,True,2,21600.0,3024000.0,0.7,0.05,0.0,28800.0,0.1,1.0,0.35,0.125,0.0,0.125,1.0,0.125,8,8,4,,conv-26,ablation_53
vector_store,vector_store+HindsightTag,True,2,21600.0,3024000.0,0.7,0.15,0.0,28800.0,0.1,1.0,0.35,0.125,0.0,0.125,1.0,0.125,8,8,4,,conv-26,ablation_54
vector_store,vector_store+HindsightTag,True,2,21600.0,3024000.0,0.7,0.3,0.0,28800.0,0.1,1.0,0.35,0.0,0.0,0.0,1.0,0.0,8,8,4,,conv-26,ablation_55
vector_store,vector_store+HindsightTag,True,2,21600.0,3024000.0,0.9,0.05,0.0,28800.0,0.1,1.0,0.35,0.125,0.0,0.125,1.0,0.125,8,8,4,,conv-26,ablation_56
vector_store,vector_store+HindsightTag,True,2,21600.0,3024000.0,0.9,0.15,0.0,28800.0,0.1,1.0,0.35,0.125,0.0,0.125,1.0,0.125,8,8,4,,conv-26,ablation_57
vector_store,vector_store+HindsightTag,True,2,21600.0,3024000.0,0.9,0.3,0.0,28800.0,0.1,1.0,0.35,0.0,0.0,0.0,1.0,0.0,8,8,4,,conv-26,ablation_58
vector_store,vector_store+HindsightTag,True,2,21600.0,6048000.0,0.5,0.05,0.0,7200.0,0.1,1.0,0.35,0.125,0.125,0.0,1.0,0.125,8,8,4,,conv-26,ablation_59
vector_store,vector_store+HindsightTag,True,2,21600.0,6048000.0,0.5,0.15,0.0,7200.0,0.1,1.0,0.35,0.125,0.0,0.125,1.0,0.125,8,8,4,,conv-26,ablation_60
vector_store,vector_store+HindsightTag,True,2,21600.0,6048000.0,0.5,0.3,0.0,7200.0,0.1,1.0,0.35,0.0,0.0,0.0,1.0,0.0,8,8,4,,conv-26,ablation_61
vector_store,vector_store+HindsightTag,True,2,21600.0,6048000.0,0.7,0.05,0.0,7200.0,0.1,1.0,0.35,0.125,0.0,0.125,1.0,0.125,8,8,4,,conv-26,ablation_62
vector_store,vector_store+HindsightTag,True,2,21600.0,6048000.0,0.7,0.15,0.0,7200.0,0.1,1.0,0.35,0.125,0.0,0.125,1.0,0.125,8,8,4,,conv-26,ablation_63
vector_store,vector_store+HindsightTag,True,2,21600.0,6048000.0,0.7,0.3,0.0,7200.0,0.1,1.0,0.35,0.0,0.0,0.0,1.0,0.0,8,8,4,,conv-26,ablation_64
vector_store,vector_store+HindsightTag,True,2,21600.0,6048000.0,0.9,0.05,0.0,7200.0,0.1,1.0,0.35,0.125,0.0,0.125,1.0,0.125,8,8,4,,conv-26,ablation_65
vector_store,vector_store+HindsightTag,True,2,21600.0,6048000.0,0.9,0.15,0.0,7200.0,0.1,1.0,0.35,0.125,0.0,0.125,1.0,0.125,8,8,4,,conv-26,ablation_66
vector_store,vector_store+HindsightTag,True,2,21600.0,6048000.0,0.9,0.3,0.0,7200.0,0.1,1.0,0.35,0.0,0.0,0.0,1.0,0.0,8,8,4,,conv-26,ablation_67
vector_store,vector_store+HindsightTag,True,2,21600.0,6048000.0,0.5,0.05,0.0,14400.0,0.1,1.0,0.35,0.125,0.125,0.0,1.0,0.125,8,8,4,,conv-26,ablation_68
vector_store,vector_store+HindsightTag,True,2,21600.0,6048000.0,0.5,0.15,0.0,14400.0,0.1,1.0,0.35,0.125,0.0,0.125,1.0,0.125,8,8,4,,conv-26,ablation_69
vector_store,vector_store+HindsightTag,True,2,21600.0,6048000.0,0.5,0.3,0.0,14400.0,0.1,1.0,0.35,0.0,0.0,0.0,1.0,0.0,8,8,4,,conv-26,ablation_70
vector_store,vector_store+HindsightTag,True,2,21600.0,6048000.0,0.7,0.05,0.0,14400.0,0.1,1.0,0.35,0.125,0.0,0.125,1.0,0.125,8,8,4,,conv-26,ablation_71
vector_store,vector_store+HindsightTag,True,2,21600.0,6048000.0,0.7,0.15,0.0,14400.0,0.1,1.0,0.35,0.125,0.0,0.125,1.0,0.125,8,8,4,,conv-26,ablation_72
vector_store,vector_store+HindsightTag,True,2,21600.0,6048000.0,0.7,0.3,0.0,14400.0,0.1,1.0,0.35,0.0,0.0,0.0,1.0,0.0,8,8,4,,conv-26,ablation_73
vector_store,vector_store+HindsightTag,True,2,21600.0,6048000.0,0.9,0.05,0.0,14400.0,0.1,1.0,0.35,0.125,0.0,0.125,1.0,0.125,8,8,4,,conv-26,ablation_74
vector_store,vector_store+HindsightTag,True,2,21600.0,6048000.0,0.9,0.15,0.0,14400.0,0.1,1.0,0.35,0.125,0.0,0.125,1.0,0.125,8,8,4,,conv-26,ablation_75
vector_store,vector_store+HindsightTag,True,2,21600.0,6048000.0,0.9,0.3,0.0,14400.0,0.1,1.0,0.35,0.0,0.0,0.0,1.0,0.0,8,8,4,,conv-26,ablation_76
vector_store,vector_store+HindsightTag,True,2,21600.0,6048000.0,0.5,0.05,0.0,28800.0,0.1,1.0,0.35,0.125,0.125,0.0,1.0,0.125,8,8,4,,conv-26,ablation_77
vector_store,vector_store+HindsightTag,True,2,21600.0,6048000.0,0.5,0.15,0.0,28800.0,0.1,1.0,0.35,0.125,0.0,0.125,1.0,0.125,8,8,4,,conv-26,ablation_78
vector_store,vector_store+HindsightTag,True,2,21600.0,6048000.0,0.5,0.3,0.0,28800.0,0.1,1.0,0.35,0.0,0.0,0.0,1.0,0.0,8,8,4,,conv-26,ablation_79
vector_store,vector_store+HindsightTag,True,2,21600.0,6048000.0,0.7,0.05,0.0,28800.0,0.1,1.0,0.35,0.125,0.0,0.125,1.0,0.125,8,8,4,,conv-26,ablation_80
vector_store,vector_store+HindsightTag,True,2,21600.0,6048000.0,0.7,0.15,0.0,28800.0,0.1,1.0,0.35,0.125,0.0,0.125,1.0,0.125,8,8,4,,conv-26,ablation_81
vector_store,vector_store+HindsightTag,True,2,21600.0,6048000.0,0.7,0.3,0.0,28800.0,0.1,1.0,0.35,0.0,0.0,0.0,1.0,0.0,8,8,4,,conv-26,ablation_82
vector_store,vector_store+HindsightTag,True,2,21600.0,6048000.0,0.9,0.05,0.0,28800.0,0.1,1.0,0.35,0.125,0.0,0.125,1.0,0.125,8,8,4,,conv-26,ablation_83
vector_store,vector_store+HindsightTag,True,2,21600.0,6048000.0,0.9,0.15,0.0,28800.0,0.1,1.0,0.35,0.125,0.0,0.125,1.0,0.125,8,8,4,,conv-26,ablation_84
vector_store,vector_store+HindsightTag,True,2,21600.0,6048000.0,0.9,0.3,0.0,28800.0,0.1,1.0,0.35,0.0,0.0,0.0,1.0,0.0,8,8,4,,conv-26,ablation_85
mem0,mem0,False,3,21600.0,3024000.0,0.7,0.1,0.0,14400.0,0.1,1.0,0.35,0.0,0.0,0.0,,0.0,8,8,0,True,conv-26,baseline
mem0,mem0+HindsightTag,True,3,21600.0,3024000.0,0.7,0.1,0.0,14400.0,0.1,1.0,0.35,0.0,0.0,0.0,1.0,0.0,8,8,4,True,conv-26,ablation_0
mem0,mem0+HindsightTag,True,3,21600.0,3024000.0,0.7,0.1,0.25,14400.0,0.1,1.0,0.35,0.0,0.0,0.0,1.0,0.0,8,8,4,True,conv-26,ablation_1
mem0,mem0+HindsightTag,True,3,21600.0,3024000.0,0.7,0.1,0.5,14400.0,0.1,1.0,0.35,0.0,0.0,0.0,1.0,0.0,8,8,4,True,conv-26,ablation_2
mem0,mem0+HindsightTag,True,3,21600.0,3024000.0,0.7,0.1,0.75,14400.0,0.1,1.0,0.35,0.0,0.0,0.0,1.0,0.0,8,8,4,True,conv-26,ablation_3
mem0,mem0+HindsightTag,True,3,21600.0,3024000.0,0.7,0.1,1.0,14400.0,0.1,1.0,0.35,0.0,0.0,0.0,1.0,0.0,8,8,4,True,conv-26,ablation_4
mem0,mem0+HindsightTag,True,3,21600.0,756000.0,0.5,0.05,0.0,7200.0,0.1,1.0,0.35,0.0,0.0,0.0,1.0,0.0,8,8,4,True,conv-26,ablation_5
mem0,mem0+HindsightTag,True,3,21600.0,756000.0,0.5,0.15,0.0,7200.0,0.1,1.0,0.35,0.0,0.0,0.0,1.0,0.0,8,8,4,True,conv-26,ablation_6
mem0,mem0+HindsightTag,True,3,21600.0,756000.0,0.5,0.3,0.0,7200.0,0.1,1.0,0.35,0.0,0.0,0.0,1.0,0.0,8,8,4,True,conv-26,ablation_7
mem0,mem0+HindsightTag,True,3,21600.0,756000.0,0.7,0.05,0.0,7200.0,0.1,1.0,0.35,0.0,0.0,0.0,1.0,0.0,8,8,4,True,conv-26,ablation_8
mem0,mem0+HindsightTag,True,3,21600.0,756000.0,0.7,0.15,0.0,7200.0,0.1,1.0,0.35,0.0,0.0,0.0,1.0,0.0,8,8,4,True,conv-26,ablation_9
mem0,mem0+HindsightTag,True,3,21600.0,756000.0,0.7,0.3,0.0,7200.0,0.1,1.0,0.35,0.0,0.0,0.0,1.0,0.0,8,8,4,True,conv-26,ablation_10
mem0,mem0+HindsightTag,True,3,21600.0,756000.0,0.9,0.05,0.0,7200.0,0.1,1.0,0.35,0.0,0.0,0.0,1.0,0.0,8,8,4,True,conv-26,ablation_11
mem0,mem0+HindsightTag,True,3,21600.0,756000.0,0.9,0.15,0.0,7200.0,0.1,1.0,0.35,0.0,0.0,0.0,1.0,0.0,8,8,4,True,conv-26,ablation_12
mem0,mem0+HindsightTag,True,3,21600.0,756000.0,0.9,0.3,0.0,7200.0,0.1,1.0,0.35,0.0,0.0,0.0,1.0,0.0,8,8,4,True,conv-26,ablation_13
mem0,mem0+HindsightTag,True,3,21600.0,756000.0,0.5,0.05,0.0,14400.0,0.1,1.0,0.35,0.0,0.0,0.0,1.0,0.0,8,8,4,True,conv-26,ablation_14
mem0,mem0+HindsightTag,True,3,21600.0,756000.0,0.5,0.15,0.0,14400.0,0.1,1.0,0.35,0.0,0.0,0.0,1.0,0.0,8,8,4,True,conv-26,ablation_15
mem0,mem0+HindsightTag,True,3,21600.0,756000.0,0.5,0.3,0.0,14400.0,0.1,1.0,0.35,0.0,0.0,0.0,1.0,0.0,8,8,4,True,conv-26,ablation_16
mem0,mem0+HindsightTag,True,3,21600.0,756000.0,0.7,0.05,0.0,14400.0,0.1,1.0,0.35,0.0,0.0,0.0,1.0,0.0,8,8,4,True,conv-26,ablation_17
mem0,mem0+HindsightTag,True,3,21600.0,756000.0,0.7,0.15,0.0,14400.0,0.1,1.0,0.35,0.0,0.0,0.0,1.0,0.0,8,8,4,True,conv-26,ablation_18
mem0,mem0+HindsightTag,True,3,21600.0,756000.0,0.7,0.3,0.0,14400.0,0.1,1.0,0.35,0.0,0.0,0.0,1.0,0.0,8,8,4,True,conv-26,ablation_19
mem0,mem0+HindsightTag,True,3,21600.0,756000.0,0.9,0.05,0.0,14400.0,0.1,1.0,0.35,0.0,0.0,0.0,1.0,0.0,8,8,4,True,conv-26,ablation_20
mem0,mem0+HindsightTag,True,3,21600.0,756000.0,0.9,0.15,0.0,14400.0,0.1,1.0,0.35,0.0,0.0,0.0,1.0,0.0,8,8,4,True,conv-26,ablation_21
mem0,mem0+HindsightTag,True,3,21600.0,756000.0,0.9,0.3,0.0,14400.0,0.1,1.0,0.35,0.0,0.0,0.0,1.0,0.0,8,8,4,True,conv-26,ablation_22
mem0,mem0+HindsightTag,True,3,21600.0,756000.0,0.5,0.05,0.0,28800.0,0.1,1.0,0.35,0.0,0.0,0.0,1.0,0.0,8,8,4,True,conv-26,ablation_23
mem0,mem0+HindsightTag,True,3,21600.0,756000.0,0.5,0.15,0.0,28800.0,0.1,1.0,0.35,0.0,0.0,0.0,1.0,0.0,8,8,4,True,conv-26,ablation_24
mem0,mem0+HindsightTag,True,3,21600.0,756000.0,0.5,0.3,0.0,28800.0,0.1,1.0,0.35,0.0,0.0,0.0,1.0,0.0,8,8,4,True,conv-26,ablation_25
mem0,mem0+HindsightTag,True,3,21600.0,756000.0,0.7,0.05,0.0,28800.0,0.1,1.0,0.35,0.0,0.0,0.0,1.0,0.0,8,8,4,True,conv-26,ablation_26
mem0,mem0+HindsightTag,True,3,21600.0,756000.0,0.7,0.15,0.0,28800.0,0.1,1.0,0.35,0.0,0.0,0.0,1.0,0.0,8,8,4,True,conv-26,ablation_27
mem0,mem0+HindsightTag,True,3,21600.0,756000.0,0.7,0.3,0.0,28800.0,0.1,1.0,0.35,0.0,0.0,0.0,1.0,0.0,8,8,4,True,conv-26,ablation_28
mem0,mem0+HindsightTag,True,3,21600.0,756000.0,0.9,0.05,0.0,28800.0,0.1,1.0,0.35,0.0,0.0,0.0,1.0,0.0,8,8,4,True,conv-26,ablation_29
mem0,mem0+HindsightTag,True,3,21600.0,756000.0,0.9,0.15,0.0,28800.0,0.1,1.0,0.35,0.0,0.0,0.0,1.0,0.0,8,8,4,True,conv-26,ablation_30
mem0,mem0+HindsightTag,True,3,21600.0,756000.0,0.9,0.3,0.0,28800.0,0.1,1.0,0.35,0.0,0.0,0.0,1.0,0.0,8,8,4,True,conv-26,ablation_31
mem0,mem0+HindsightTag,True,3,21600.0,3024000.0,0.5,0.05,0.0,7200.0,0.1,1.0,0.35,0.0,0.0,0.0,1.0,0.0,8,8,4,True,conv-26,ablation_32
mem0,mem0+HindsightTag,True,3,21600.0,3024000.0,0.5,0.15,0.0,7200.0,0.1,1.0,0.35,0.0,0.0,0.0,1.0,0.0,8,8,4,True,conv-26,ablation_33
mem0,mem0+HindsightTag,True,3,21600.0,3024000.0,0.5,0.3,0.0,7200.0,0.1,1.0,0.35,0.0,0.0,0.0,1.0,0.0,8,8,4,True,conv-26,ablation_34
mem0,mem0+HindsightTag,True,3,21600.0,3024000.0,0.7,0.05,0.0,7200.0,0.1,1.0,0.35,0.0,0.0,0.0,1.0,0.0,8,8,4,True,conv-26,ablation_35
mem0,mem0+HindsightTag,True,3,21600.0,3024000.0,0.7,0.15,0.0,7200.0,0.1,1.0,0.35,0.0,0.0,0.0,1.0,0.0,8,8,4,True,conv-26,ablation_36
mem0,mem0+HindsightTag,True,3,21600.0,3024000.0,0.7,0.3,0.0,7200.0,0.1,1.0,0.35,0.0,0.0,0.0,1.0,0.0,8,8,4,True,conv-26,ablation_37
mem0,mem0+HindsightTag,True,3,21600.0,3024000.0,0.9,0.05,0.0,7200.0,0.1,1.0,0.35,0.0,0.0,0.0,1.0,0.0,8,8,4,True,conv-26,ablation_38
mem0,mem0+HindsightTag,True,3,21600.0,3024000.0,0.9,0.15,0.0,7200.0,0.1,1.0,0.35,0.0,0.0,0.0,1.0,0.0,8,8,4,True,conv-26,ablation_39
mem0,mem0+HindsightTag,True,3,21600.0,3024000.0,0.9,0.3,0.0,7200.0,0.1,1.0,0.35,0.0,0.0,0.0,1.0,0.0,8,8,4,True,conv-26,ablation_40
mem0,mem0+HindsightTag,True,3,21600.0,3024000.0,0.5,0.05,0.0,14400.0,0.1,1.0,0.35,0.0,0.0,0.0,1.0,0.0,8,8,4,True,conv-26,ablation_41
mem0,mem0+HindsightTag,True,3,21600.0,3024000.0,0.5,0.15,0.0,14400.0,0.1,1.0,0.35,0.0,0.0,0.0,1.0,0.0,8,8,4,True,conv-26,ablation_42
mem0,mem0+HindsightTag,True,3,21600.0,3024000.0,0.5,0.3,0.0,14400.0,0.1,1.0,0.35,0.0,0.0,0.0,1.0,0.0,8,8,4,True,conv-26,ablation_43
mem0,mem0+HindsightTag,True,3,21600.0,3024000.0,0.7,0.05,0.0,14400.0,0.1,1.0,0.35,0.0,0.0,0.0,1.0,0.0,8,8,4,True,conv-26,ablation_44
mem0,mem0+HindsightTag,True,3,21600.0,3024000.0,0.7,0.15,0.0,14400.0,0.1,1.0,0.35,0.0,0.0,0.0,1.0,0.0,8,8,4,True,conv-26,ablation_45
mem0,mem0+HindsightTag,True,3,21600.0,3024000.0,0.7,0.3,0.0,14400.0,0.1,1.0,0.35,0.0,0.0,0.0,1.0,0.0,8,8,4,True,conv-26,ablation_46
mem0,mem0+HindsightTag,True,3,21600.0,3024000.0,0.9,0.05,0.0,14400.0,0.1,1.0,0.35,0.0,0.0,0.0,1.0,0.0,8,8,4,True,conv-26,ablation_47
mem0,mem0+HindsightTag,True,3,21600.0,3024000.0,0.9,0.15,0.0,14400.0,0.1,1.0,0.35,0.0,0.0,0.0,1.0,0.0,8,8,4,True,conv-26,ablation_48
mem0,mem0+HindsightTag,True,3,21600.0,3024000.0,0.9,0.3,0.0,14400.0,0.1,1.0,0.35,0.0,0.0,0.0,1.0,0.0,8,8,4,True,conv-26,ablation_49
mem0,mem0+HindsightTag,True,3,21600.0,3024000.0,0.5,0.05,0.0,28800.0,0.1,1.0,0.35,0.0,0.0,0.0,1.0,0.0,8,8,4,True,conv-26,ablation_50
mem0,mem0+HindsightTag,True,3,21600.0,3024000.0,0.5,0.15,0.0,28800.0,0.1,1.0,0.35,0.0,0.0,0.0,1.0,0.0,8,8,4,True,conv-26,ablation_51
mem0,mem0+HindsightTag,True,3,21600.0,3024000.0,0.5,0.3,0.0,28800.0,0.1,1.0,0.35,0.0,0.0,0.0,1.0,0.0,8,8,4,True,conv-26,ablation_52
mem0,mem0+HindsightTag,True,3,21600.0,3024000.0,0.7,0.05,0.0,28800.0,0.1,1.0,0.35,0.0,0.0,0.0,1.0,0.0,8,8,4,True,conv-26,ablation_53
mem0,mem0+HindsightTag,True,3,21600.0,3024000.0,0.7,0.15,0.0,28800.0,0.1,1.0,0.35,0.0,0.0,0.0,1.0,0.0,8,8,4,True,conv-26,ablation_54
mem0,mem0+HindsightTag,True,3,21600.0,3024000.0,0.7,0.3,0.0,28800.0,0.1,1.0,0.35,0.0,0.0,0.0,1.0,0.0,8,8,4,True,conv-26,ablation_55
mem0,mem0+HindsightTag,True,3,21600.0,3024000.0,0.9,0.05,0.0,28800.0,0.1,1.0,0.35,0.0,0.0,0.0,1.0,0.0,8,8,4,True,conv-26,ablation_56
mem0,mem0+HindsightTag,True,3,21600.0,3024000.0,0.9,0.15,0.0,28800.0,0.1,1.0,0.35,0.0,0.0,0.0,1.0,0.0,8,8,4,True,conv-26,ablation_57
mem0,mem0+HindsightTag,True,3,21600.0,3024000.0,0.9,0.3,0.0,28800.0,0.1,1.0,0.35,0.0,0.0,0.0,1.0,0.0,8,8,4,True,conv-26,ablation_58
mem0,mem0+HindsightTag,True,3,21600.0,6048000.0,0.5,0.05,0.0,7200.0,0.1,1.0,0.35,0.0,0.0,0.0,1.0,0.0,8,8,4,True,conv-26,ablation_59
mem0,mem0+HindsightTag,True,3,21600.0,6048000.0,0.5,0.15,0.0,7200.0,0.1,1.0,0.35,0.0,0.0,0.0,1.0,0.0,8,8,4,True,conv-26,ablation_60
mem0,mem0+HindsightTag,True,3,21600.0,6048000.0,0.5,0.3,0.0,7200.0,0.1,1.0,0.35,0.0,0.0,0.0,1.0,0.0,8,8,4,True,conv-26,ablation_61
mem0,mem0+HindsightTag,True,3,21600.0,6048000.0,0.7,0.05,0.0,7200.0,0.1,1.0,0.35,0.0,0.0,0.0,1.0,0.0,8,8,4,True,conv-26,ablation_62
mem0,mem0+HindsightTag,True,3,21600.0,6048000.0,0.7,0.15,0.0,7200.0,0.1,1.0,0.35,0.0,0.0,0.0,1.0,0.0,8,8,4,True,conv-26,ablation_63
mem0,mem0+HindsightTag,True,3,21600.0,6048000.0,0.7,0.3,0.0,7200.0,0.1,1.0,0.35,0.0,0.0,0.0,1.0,0.0,8,8,4,True,conv-26,ablation_64
mem0,mem0+HindsightTag,True,3,21600.0,6048000.0,0.9,0.05,0.0,7200.0,0.1,1.0,0.35,0.0,0.0,0.0,1.0,0.0,8,8,4,True,conv-26,ablation_65
mem0,mem0+HindsightTag,True,3,21600.0,6048000.0,0.9,0.15,0.0,7200.0,0.1,1.0,0.35,0.0,0.0,0.0,1.0,0.0,8,8,4,True,conv-26,ablation_66
mem0,mem0+HindsightTag,True,3,21600.0,6048000.0,0.9,0.3,0.0,7200.0,0.1,1.0,0.35,0.0,0.0,0.0,1.0,0.0,8,8,4,True,conv-26,ablation_67
mem0,mem0+HindsightTag,True,3,21600.0,6048000.0,0.5,0.05,0.0,14400.0,0.1,1.0,0.35,0.0,0.0,0.0,1.0,0.0,8,8,4,True,conv-26,ablation_68
mem0,mem0+HindsightTag,True,3,21600.0,6048000.0,0.5,0.15,0.0,14400.0,0.1,1.0,0.35,0.0,0.0,0.0,1.0,0.0,8,8,4,True,conv-26,ablation_69
mem0,mem0+HindsightTag,True,3,21600.0,6048000.0,0.5,0.3,0.0,14400.0,0.1,1.0,0.35,0.0,0.0,0.0,1.0,0.0,8,8,4,True,conv-26,ablation_70
mem0,mem0+HindsightTag,True,3,21600.0,6048000.0,0.7,0.05,0.0,14400.0,0.1,1.0,0.35,0.0,0.0,0.0,1.0,0.0,8,8,4,True,conv-26,ablation_71
mem0,mem0+HindsightTag,True,3,21600.0,6048000.0,0.7,0.15,0.0,14400.0,0.1,1.0,0.35,0.0,0.0,0.0,1.0,0.0,8,8,4,True,conv-26,ablation_72
mem0,mem0+HindsightTag,True,3,21600.0,6048000.0,0.7,0.3,0.0,14400.0,0.1,1.0,0.35,0.0,0.0,0.0,1.0,0.0,8,8,4,True,conv-26,ablation_73
mem0,mem0+HindsightTag,True,3,21600.0,6048000.0,0.9,0.05,0.0,14400.0,0.1,1.0,0.35,0.0,0.0,0.0,1.0,0.0,8,8,4,True,conv-26,ablation_74
mem0,mem0+HindsightTag,True,3,21600.0,6048000.0,0.9,0.15,0.0,14400.0,0.1,1.0,0.35,0.0,0.0,0.0,1.0,0.0,8,8,4,True,conv-26,ablation_75
mem0,mem0+HindsightTag,True,3,21600.0,6048000.0,0.9,0.3,0.0,14400.0,0.1,1.0,0.35,0.0,0.0,0.0,1.0,0.0,8,8,4,True,conv-26,ablation_76
mem0,mem0+HindsightTag,True,3,21600.0,6048000.0,0.5,0.05,0.0,28800.0,0.1,1.0,0.35,0.0,0.0,0.0,1.0,0.0,8,8,4,True,conv-26,ablation_77
mem0,mem0+HindsightTag,True,3,21600.0,6048000.0,0.5,0.15,0.0,28800.0,0.1,1.0,0.35,0.0,0.0,0.0,1.0,0.0,8,8,4,True,conv-26,ablation_78
mem0,mem0+HindsightTag,True,3,21600.0,6048000.0,0.5,0.3,0.0,28800.0,0.1,1.0,0.35,0.0,0.0,0.0,1.0,0.0,8,8,4,True,conv-26,ablation_79
mem0,mem0+HindsightTag,True,3,21600.0,6048000.0,0.7,0.05,0.0,28800.0,0.1,1.0,0.35,0.0,0.0,0.0,1.0,0.0,8,8,4,True,conv-26,ablation_80
mem0,mem0+HindsightTag,True,3,21600.0,6048000.0,0.7,0.15,0.0,28800.0,0.1,1.0,0.35,0.0,0.0,0.0,1.0,0.0,8,8,4,True,conv-26,ablation_81
mem0,mem0+HindsightTag,True,3,21600.0,6048000.0,0.7,0.3,0.0,28800.0,0.1,1.0,0.35,0.0,0.0,0.0,1.0,0.0,8,8,4,True,conv-26,ablation_82
mem0,mem0+HindsightTag,True,3,21600.0,6048000.0,0.9,0.05,0.0,28800.0,0.1,1.0,0.35,0.0,0.0,0.0,1.0,0.0,8,8,4,True,conv-26,ablation_83
mem0,mem0+HindsightTag,True,3,21600.0,6048000.0,0.9,0.15,0.0,28800.0,0.1,1.0,0.35,0.0,0.0,0.0,1.0,0.0,8,8,4,True,conv-26,ablation_84
mem0,mem0+HindsightTag,True,3,21600.0,6048000.0,0.9,0.3,0.0,28800.0,0.1,1.0,0.35,0.0,0.0,0.0,1.0,0.0,8,8,4,True,conv-26,ablation_85
vector_store,vector_store,False,3,21600.0,3024000.0,0.7,0.1,0.0,14400.0,0.1,1.0,0.35,0.0,0.0,0.0,,0.0,8,8,0,,conv-26,baseline
vector_store,vector_store+HindsightTag,True,3,21600.0,3024000.0,0.7,0.1,0.0,14400.0,0.1,1.0,0.35,0.0,0.0,0.0,1.0,0.25,8,8,4,,conv-26,ablation_0
vector_store,vector_store+HindsightTag,True,3,21600.0,3024000.0,0.7,0.1,0.25,14400.0,0.1,1.0,0.35,0.0,0.0,0.0,1.0,0.25,8,8,4,,conv-26,ablation_1
vector_store,vector_store+HindsightTag,True,3,21600.0,3024000.0,0.7,0.1,0.5,14400.0,0.1,1.0,0.35,0.0,0.0,0.0,1.0,0.25,8,8,4,,conv-26,ablation_2
vector_store,vector_store+HindsightTag,True,3,21600.0,3024000.0,0.7,0.1,0.75,14400.0,0.1,1.0,0.35,0.0,0.0,0.0,1.0,0.25,8,8,4,,conv-26,ablation_3
vector_store,vector_store+HindsightTag,True,3,21600.0,3024000.0,0.7,0.1,1.0,14400.0,0.1,1.0,0.35,0.0,0.0,0.0,1.0,0.125,8,8,4,,conv-26,ablation_4
vector_store,vector_store+HindsightTag,True,3,21600.0,756000.0,0.5,0.05,0.0,7200.0,0.1,1.0,0.35,0.0,0.0,0.0,1.0,0.25,8,8,4,,conv-26,ablation_5
vector_store,vector_store+HindsightTag,True,3,21600.0,756000.0,0.5,0.15,0.0,7200.0,0.1,1.0,0.35,0.0,0.0,0.0,1.0,0.25,8,8,4,,conv-26,ablation_6
vector_store,vector_store+HindsightTag,True,3,21600.0,756000.0,0.5,0.3,0.0,7200.0,0.1,1.0,0.35,0.0,0.0,0.0,1.0,0.0,8,8,4,,conv-26,ablation_7
vector_store,vector_store+HindsightTag,True,3,21600.0,756000.0,0.7,0.05,0.0,7200.0,0.1,1.0,0.35,0.0,0.0,0.0,1.0,0.25,8,8,4,,conv-26,ablation_8
vector_store,vector_store+HindsightTag,True,3,21600.0,756000.0,0.7,0.15,0.0,7200.0,0.1,1.0,0.35,0.0,0.0,0.0,1.0,0.25,8,8,4,,conv-26,ablation_9
vector_store,vector_store+HindsightTag,True,3,21600.0,756000.0,0.7,0.3,0.0,7200.0,0.1,1.0,0.35,0.0,0.0,0.0,1.0,0.0,8,8,4,,conv-26,ablation_10
vector_store,vector_store+HindsightTag,True,3,21600.0,756000.0,0.9,0.05,0.0,7200.0,0.1,1.0,0.35,0.0,0.0,0.0,1.0,0.25,8,8,4,,conv-26,ablation_11
vector_store,vector_store+HindsightTag,True,3,21600.0,756000.0,0.9,0.15,0.0,7200.0,0.1,1.0,0.35,0.0,0.0,0.0,1.0,0.25,8,8,4,,conv-26,ablation_12
vector_store,vector_store+HindsightTag,True,3,21600.0,756000.0,0.9,0.3,0.0,7200.0,0.1,1.0,0.35,0.0,0.0,0.0,1.0,0.0,8,8,4,,conv-26,ablation_13
vector_store,vector_store+HindsightTag,True,3,21600.0,756000.0,0.5,0.05,0.0,14400.0,0.1,1.0,0.35,0.0,0.0,0.0,1.0,0.25,8,8,4,,conv-26,ablation_14
vector_store,vector_store+HindsightTag,True,3,21600.0,756000.0,0.5,0.15,0.0,14400.0,0.1,1.0,0.35,0.0,0.0,0.0,1.0,0.25,8,8,4,,conv-26,ablation_15
vector_store,vector_store+HindsightTag,True,3,21600.0,756000.0,0.5,0.3,0.0,14400.0,0.1,1.0,0.35,0.0,0.0,0.0,1.0,0.0,8,8,4,,conv-26,ablation_16
vector_store,vector_store+HindsightTag,True,3,21600.0,756000.0,0.7,0.05,0.0,14400.0,0.1,1.0,0.35,0.0,0.0,0.0,1.0,0.25,8,8,4,,conv-26,ablation_17
vector_store,vector_store+HindsightTag,True,3,21600.0,756000.0,0.7,0.15,0.0,14400.0,0.1,1.0,0.35,0.0,0.0,0.0,1.0,0.25,8,8,4,,conv-26,ablation_18
vector_store,vector_store+HindsightTag,True,3,21600.0,756000.0,0.7,0.3,0.0,14400.0,0.1,1.0,0.35,0.0,0.0,0.0,1.0,0.0,8,8,4,,conv-26,ablation_19
vector_store,vector_store+HindsightTag,True,3,21600.0,756000.0,0.9,0.05,0.0,14400.0,0.1,1.0,0.35,0.0,0.0,0.0,1.0,0.25,8,8,4,,conv-26,ablation_20
vector_store,vector_store+HindsightTag,True,3,21600.0,756000.0,0.9,0.15,0.0,14400.0,0.1,1.0,0.35,0.0,0.0,0.0,1.0,0.25,8,8,4,,conv-26,ablation_21
vector_store,vector_store+HindsightTag,True,3,21600.0,756000.0,0.9,0.3,0.0,14400.0,0.1,1.0,0.35,0.0,0.0,0.0,1.0,0.0,8,8,4,,conv-26,ablation_22
vector_store,vector_store+HindsightTag,True,3,21600.0,756000.0,0.5,0.05,0.0,28800.0,0.1,1.0,0.35,0.0,0.0,0.0,1.0,0.25,8,8,4,,conv-26,ablation_23
vector_store,vector_store+HindsightTag,True,3,21600.0,756000.0,0.5,0.15,0.0,28800.0,0.1,1.0,0.35,0.0,0.0,0.0,1.0,0.25,8,8,4,,conv-26,ablation_24
vector_store,vector_store+HindsightTag,True,3,21600.0,756000.0,0.5,0.3,0.0,28800.0,0.1,1.0,0.35,0.0,0.0,0.0,1.0,0.0,8,8,4,,conv-26,ablation_25
vector_store,vector_store+HindsightTag,True,3,21600.0,756000.0,0.7,0.05,0.0,28800.0,0.1,1.0,0.35,0.0,0.0,0.0,1.0,0.25,8,8,4,,conv-26,ablation_26
vector_store,vector_store+HindsightTag,True,3,21600.0,756000.0,0.7,0.15,0.0,28800.0,0.1,1.0,0.35,0.0,0.0,0.0,1.0,0.25,8,8,4,,conv-26,ablation_27
vector_store,vector_store+HindsightTag,True,3,21600.0,756000.0,0.7,0.3,0.0,28800.0,0.1,1.0,0.35,0.0,0.0,0.0,1.0,0.0,8,8,4,,conv-26,ablation_28
vector_store,vector_store+HindsightTag,True,3,21600.0,756000.0,0.9,0.05,0.0,28800.0,0.1,1.0,0.35,0.0,0.0,0.0,1.0,0.25,8,8,4,,conv-26,ablation_29
vector_store,vector_store+HindsightTag,True,3,21600.0,756000.0,0.9,0.15,0.0,28800.0,0.1,1.0,0.35,0.0,0.0,0.0,1.0,0.25,8,8,4,,conv-26,ablation_30
vector_store,vector_store+HindsightTag,True,3,21600.0,756000.0,0.9,0.3,0.0,28800.0,0.1,1.0,0.35,0.0,0.0,0.0,1.0,0.0,8,8,4,,conv-26,ablation_31
vector_store,vector_store+HindsightTag,True,3,21600.0,3024000.0,0.5,0.05,0.0,7200.0,0.1,1.0,0.35,0.0,0.0,0.0,1.0,0.25,8,8,4,,conv-26,ablation_32
vector_store,vector_store+HindsightTag,True,3,21600.0,3024000.0,0.5,0.15,0.0,7200.0,0.1,1.0,0.35,0.0,0.0,0.0,1.0,0.25,8,8,4,,conv-26,ablation_33
vector_store,vector_store+HindsightTag,True,3,21600.0,3024000.0,0.5,0.3,0.0,7200.0,0.1,1.0,0.35,0.0,0.0,0.0,1.0,0.0,8,8,4,,conv-26,ablation_34
vector_store,vector_store+HindsightTag,True,3,21600.0,3024000.0,0.7,0.05,0.0,7200.0,0.1,1.0,0.35,0.0,0.0,0.0,1.0,0.25,8,8,4,,conv-26,ablation_35
vector_store,vector_store+HindsightTag,True,3,21600.0,3024000.0,0.7,0.15,0.0,7200.0,0.1,1.0,0.35,0.0,0.0,0.0,1.0,0.25,8,8,4,,conv-26,ablation_36
vector_store,vector_store+HindsightTag,True,3,21600.0,3024000.0,0.7,0.3,0.0,7200.0,0.1,1.0,0.35,0.0,0.0,0.0,1.0,0.0,8,8,4,,conv-26,ablation_37
vector_store,vector_store+HindsightTag,True,3,21600.0,3024000.0,0.9,0.05,0.0,7200.0,0.1,1.0,0.35,0.0,0.0,0.0,1.0,0.25,8,8,4,,conv-26,ablation_38
vector_store,vector_store+HindsightTag,True,3,21600.0,3024000.0,0.9,0.15,0.0,7200.0,0.1,1.0,0.35,0.0,0.0,0.0,1.0,0.25,8,8,4,,conv-26,ablation_39
vector_store,vector_store+HindsightTag,True,3,21600.0,3024000.0,0.9,0.3,0.0,7200.0,0.1,1.0,0.35,0.0,0.0,0.0,1.0,0.0,8,8,4,,conv-26,ablation_40
vector_store,vector_store+HindsightTag,True,3,21600.0,3024000.0,0.5,0.05,0.0,14400.0,0.1,1.0,0.35,0.0,0.0,0.0,1.0,0.25,8,8,4,,conv-26,ablation_41
vector_store,vector_store+HindsightTag,True,3,21600.0,3024000.0,0.5,0.15,0.0,14400.0,0.1,1.0,0.35,0.0,0.0,0.0,1.0,0.25,8,8,4,,conv-26,ablation_42
vector_store,vector_store+HindsightTag,True,3,21600.0,3024000.0,0.5,0.3,0.0,14400.0,0.1,1.0,0.35,0.0,0.0,0.0,1.0,0.0,8,8,4,,conv-26,ablation_43
vector_store,vector_store+HindsightTag,True,3,21600.0,3024000.0,0.7,0.05,0.0,14400.0,0.1,1.0,0.35,0.0,0.0,0.0,1.0,0.25,8,8,4,,conv-26,ablation_44
vector_store,vector_store+HindsightTag,True,3,21600.0,3024000.0,0.7,0.15,0.0,14400.0,0.1,1.0,0.35,0.0,0.0,0.0,1.0,0.25,8,8,4,,conv-26,ablation_45
vector_store,vector_store+HindsightTag,True,3,21600.0,3024000.0,0.7,0.3,0.0,14400.0,0.1,1.0,0.35,0.0,0.0,0.0,1.0,0.0,8,8,4,,conv-26,ablation_46
vector_store,vector_store+HindsightTag,True,3,21600.0,3024000.0,0.9,0.05,0.0,14400.0,0.1,1.0,0.35,0.0,0.0,0.0,1.0,0.25,8,8,4,,conv-26,ablation_47
vector_store,vector_store+HindsightTag,True,3,21600.0,3024000.0,0.9,0.15,0.0,14400.0,0.1,1.0,0.35,0.0,0.0,0.0,1.0,0.25,8,8,4,,conv-26,ablation_48
vector_store,vector_store+HindsightTag,True,3,21600.0,3024000.0,0.9,0.3,0.0,14400.0,0.1,1.0,0.35,0.0,0.0,0.0,1.0,0.0,8,8,4,,conv-26,ablation_49
vector_store,vector_store+HindsightTag,True,3,21600.0,3024000.0,0.5,0.05,0.0,28800.0,0.1,1.0,0.35,0.0,0.0,0.0,1.0,0.25,8,8,4,,conv-26,ablation_50
vector_store,vector_store+HindsightTag,True,3,21600.0,3024000.0,0.5,0.15,0.0,28800.0,0.1,1.0,0.35,0.0,0.0,0.0,1.0,0.25,8,8,4,,conv-26,ablation_51
vector_store,vector_store+HindsightTag,True,3,21600.0,3024000.0,0.5,0.3,0.0,28800.0,0.1,1.0,0.35,0.0,0.0,0.0,1.0,0.0,8,8,4,,conv-26,ablation_52
vector_store,vector_store+HindsightTag,True,3,21600.0,3024000.0,0.7,0.05,0.0,28800.0,0.1,1.0,0.35,0.0,0.0,0.0,1.0,0.25,8,8,4,,conv-26,ablation_53
vector_store,vector_store+HindsightTag,True,3,21600.0,3024000.0,0.7,0.15,0.0,28800.0,0.1,1.0,0.35,0.0,0.0,0.0,1.0,0.25,8,8,4,,conv-26,ablation_54
vector_store,vector_store+HindsightTag,True,3,21600.0,3024000.0,0.7,0.3,0.0,28800.0,0.1,1.0,0.35,0.0,0.0,0.0,1.0,0.0,8,8,4,,conv-26,ablation_55
vector_store,vector_store+HindsightTag,True,3,21600.0,3024000.0,0.9,0.05,0.0,28800.0,0.1,1.0,0.35,0.0,0.0,0.0,1.0,0.25,8,8,4,,conv-26,ablation_56
vector_store,vector_store+HindsightTag,True,3,21600.0,3024000.0,0.9,0.15,0.0,28800.0,0.1,1.0,0.35,0.0,0.0,0.0,1.0,0.25,8,8,4,,conv-26,ablation_57
vector_store,vector_store+HindsightTag,True,3,21600.0,3024000.0,0.9,0.3,0.0,28800.0,0.1,1.0,0.35,0.0,0.0,0.0,1.0,0.0,8,8,4,,conv-26,ablation_58
vector_store,vector_store+HindsightTag,True,3,21600.0,6048000.0,0.5,0.05,0.0,7200.0,0.1,1.0,0.35,0.0,0.0,0.0,1.0,0.25,8,8,4,,conv-26,ablation_59
vector_store,vector_store+HindsightTag,True,3,21600.0,6048000.0,0.5,0.15,0.0,7200.0,0.1,1.0,0.35,0.0,0.0,0.0,1.0,0.25,8,8,4,,conv-26,ablation_60
vector_store,vector_store+HindsightTag,True,3,21600.0,6048000.0,0.5,0.3,0.0,7200.0,0.1,1.0,0.35,0.0,0.0,0.0,1.0,0.0,8,8,4,,conv-26,ablation_61
vector_store,vector_store+HindsightTag,True,3,21600.0,6048000.0,0.7,0.05,0.0,7200.0,0.1,1.0,0.35,0.0,0.0,0.0,1.0,0.25,8,8,4,,conv-26,ablation_62
vector_store,vector_store+HindsightTag,True,3,21600.0,6048000.0,0.7,0.15,0.0,7200.0,0.1,1.0,0.35,0.0,0.0,0.0,1.0,0.25,8,8,4,,conv-26,ablation_63
vector_store,vector_store+HindsightTag,True,3,21600.0,6048000.0,0.7,0.3,0.0,7200.0,0.1,1.0,0.35,0.0,0.0,0.0,1.0,0.0,8,8,4,,conv-26,ablation_64
vector_store,vector_store+HindsightTag,True,3,21600.0,6048000.0,0.9,0.05,0.0,7200.0,0.1,1.0,0.35,0.0,0.0,0.0,1.0,0.25,8,8,4,,conv-26,ablation_65
vector_store,vector_store+HindsightTag,True,3,21600.0,6048000.0,0.9,0.15,0.0,7200.0,0.1,1.0,0.35,0.0,0.0,0.0,1.0,0.25,8,8,4,,conv-26,ablation_66
vector_store,vector_store+HindsightTag,True,3,21600.0,6048000.0,0.9,0.3,0.0,7200.0,0.1,1.0,0.35,0.0,0.0,0.0,1.0,0.0,8,8,4,,conv-26,ablation_67
vector_store,vector_store+HindsightTag,True,3,21600.0,6048000.0,0.5,0.05,0.0,14400.0,0.1,1.0,0.35,0.0,0.0,0.0,1.0,0.25,8,8,4,,conv-26,ablation_68
vector_store,vector_store+HindsightTag,True,3,21600.0,6048000.0,0.5,0.15,0.0,14400.0,0.1,1.0,0.35,0.0,0.0,0.0,1.0,0.25,8,8,4,,conv-26,ablation_69
vector_store,vector_store+HindsightTag,True,3,21600.0,6048000.0,0.5,0.3,0.0,14400.0,0.1,1.0,0.35,0.0,0.0,0.0,1.0,0.0,8,8,4,,conv-26,ablation_70
vector_store,vector_store+HindsightTag,True,3,21600.0,6048000.0,0.7,0.05,0.0,14400.0,0.1,1.0,0.35,0.0,0.0,0.0,1.0,0.25,8,8,4,,conv-26,ablation_71
vector_store,vector_store+HindsightTag,True,3,21600.0,6048000.0,0.7,0.15,0.0,14400.0,0.1,1.0,0.35,0.0,0.0,0.0,1.0,0.25,8,8,4,,conv-26,ablation_72
vector_store,vector_store+HindsightTag,True,3,21600.0,6048000.0,0.7,0.3,0.0,14400.0,0.1,1.0,0.35,0.0,0.0,0.0,1.0,0.0,8,8,4,,conv-26,ablation_73
vector_store,vector_store+HindsightTag,True,3,21600.0,6048000.0,0.9,0.05,0.0,14400.0,0.1,1.0,0.35,0.0,0.0,0.0,1.0,0.25,8,8,4,,conv-26,ablation_74
vector_store,vector_store+HindsightTag,True,3,21600.0,6048000.0,0.9,0.15,0.0,14400.0,0.1,1.0,0.35,0.0,0.0,0.0,1.0,0.25,8,8,4,,conv-26,ablation_75
vector_store,vector_store+HindsightTag,True,3,21600.0,6048000.0,0.9,0.3,0.0,14400.0,0.1,1.0,0.35,0.0,0.0,0.0,1.0,0.0,8,8,4,,conv-26,ablation_76
vector_store,vector_store+HindsightTag,True,3,21600.0,6048000.0,0.5,0.05,0.0,28800.0,0.1,1.0,0.35,0.0,0.0,0.0,1.0,0.25,8,8,4,,conv-26,ablation_77
vector_store,vector_store+HindsightTag,True,3,21600.0,6048000.0,0.5,0.15,0.0,28800.0,0.1,1.0,0.35,0.0,0.0,0.0,1.0,0.25,8,8,4,,conv-26,ablation_78
vector_store,vector_store+HindsightTag,True,3,21600.0,6048000.0,0.5,0.3,0.0,28800.0,0.1,1.0,0.35,0.0,0.0,0.0,1.0,0.0,8,8,4,,conv-26,ablation_79
vector_store,vector_store+HindsightTag,True,3,21600.0,6048000.0,0.7,0.05,0.0,28800.0,0.1,1.0,0.35,0.0,0.0,0.0,1.0,0.25,8,8,4,,conv-26,ablation_80
vector_store,vector_store+HindsightTag,True,3,21600.0,6048000.0,0.7,0.15,0.0,28800.0,0.1,1.0,0.35,0.0,0.0,0.0,1.0,0.25,8,8,4,,conv-26,ablation_81
vector_store,vector_store+HindsightTag,True,3,21600.0,6048000.0,0.7,0.3,0.0,28800.0,0.1,1.0,0.35,0.0,0.0,0.0,1.0,0.0,8,8,4,,conv-26,ablation_82
vector_store,vector_store+HindsightTag,True,3,21600.0,6048000.0,0.9,0.05,0.0,28800.0,0.1,1.0,0.35,0.0,0.0,0.0,1.0,0.25,8,8,4,,conv-26,ablation_83
vector_store,vector_store+HindsightTag,True,3,21600.0,6048000.0,0.9,0.15,0.0,28800.0,0.1,1.0,0.35,0.0,0.0,0.0,1.0,0.25,8,8,4,,conv-26,ablation_84
vector_store,vector_store+HindsightTag,True,3,21600.0,6048000.0,0.9,0.3,0.0,28800.0,0.1,1.0,0.35,0.0,0.0,0.0,1.0,0.0,8,8,4,,conv-26,ablation_85
mem0,mem0,False,4,21600.0,3024000.0,0.7,0.1,0.0,14400.0,0.1,1.0,0.35,0.0,0.0,0.0,,0.0,8,8,0,True,conv-26,baseline
mem0,mem0+HindsightTag,True,4,21600.0,3024000.0,0.7,0.1,0.0,14400.0,0.1,1.0,0.35,0.0,0.0,0.0,1.0,0.0,8,8,4,True,conv-26,ablation_0
mem0,mem0+HindsightTag,True,4,21600.0,3024000.0,0.7,0.1,0.25,14400.0,0.1,1.0,0.35,0.0,0.0,0.0,1.0,0.0,8,8,4,True,conv-26,ablation_1
mem0,mem0+HindsightTag,True,4,21600.0,3024000.0,0.7,0.1,0.5,14400.0,0.1,1.0,0.35,0.0,0.0,0.0,1.0,0.0,8,8,4,True,conv-26,ablation_2
mem0,mem0+HindsightTag,True,4,21600.0,3024000.0,0.7,0.1,0.75,14400.0,0.1,1.0,0.35,0.0,0.0,0.0,1.0,0.0,8,8,4,True,conv-26,ablation_3
mem0,mem0+HindsightTag,True,4,21600.0,3024000.0,0.7,0.1,1.0,14400.0,0.1,1.0,0.35,0.0,0.0,0.0,1.0,0.0,8,8,4,True,conv-26,ablation_4
mem0,mem0+HindsightTag,True,4,21600.0,756000.0,0.5,0.05,0.0,7200.0,0.1,1.0,0.35,0.0,0.0,0.0,1.0,0.0,8,8,4,True,conv-26,ablation_5
mem0,mem0+HindsightTag,True,4,21600.0,756000.0,0.5,0.15,0.0,7200.0,0.1,1.0,0.35,0.0,0.0,0.0,1.0,0.0,8,8,4,True,conv-26,ablation_6
mem0,mem0+HindsightTag,True,4,21600.0,756000.0,0.5,0.3,0.0,7200.0,0.1,1.0,0.35,0.0,0.0,0.0,1.0,0.0,8,8,4,True,conv-26,ablation_7
mem0,mem0+HindsightTag,True,4,21600.0,756000.0,0.7,0.05,0.0,7200.0,0.1,1.0,0.35,0.0,0.0,0.0,1.0,0.0,8,8,4,True,conv-26,ablation_8
mem0,mem0+HindsightTag,True,4,21600.0,756000.0,0.7,0.15,0.0,7200.0,0.1,1.0,0.35,0.0,0.0,0.0,1.0,0.0,8,8,4,True,conv-26,ablation_9
mem0,mem0+HindsightTag,True,4,21600.0,756000.0,0.7,0.3,0.0,7200.0,0.1,1.0,0.35,0.0,0.0,0.0,1.0,0.0,8,8,4,True,conv-26,ablation_10
mem0,mem0+HindsightTag,True,4,21600.0,756000.0,0.9,0.05,0.0,7200.0,0.1,1.0,0.35,0.0,0.0,0.0,1.0,0.0,8,8,4,True,conv-26,ablation_11
mem0,mem0+HindsightTag,True,4,21600.0,756000.0,0.9,0.15,0.0,7200.0,0.1,1.0,0.35,0.0,0.0,0.0,1.0,0.0,8,8,4,True,conv-26,ablation_12
mem0,mem0+HindsightTag,True,4,21600.0,756000.0,0.9,0.3,0.0,7200.0,0.1,1.0,0.35,0.0,0.0,0.0,1.0,0.0,8,8,4,True,conv-26,ablation_13
mem0,mem0+HindsightTag,True,4,21600.0,756000.0,0.5,0.05,0.0,14400.0,0.1,1.0,0.35,0.0,0.0,0.0,1.0,0.0,8,8,4,True,conv-26,ablation_14
mem0,mem0+HindsightTag,True,4,21600.0,756000.0,0.5,0.15,0.0,14400.0,0.1,1.0,0.35,0.0,0.0,0.0,1.0,0.0,8,8,4,True,conv-26,ablation_15
mem0,mem0+HindsightTag,True,4,21600.0,756000.0,0.5,0.3,0.0,14400.0,0.1,1.0,0.35,0.0,0.0,0.0,1.0,0.0,8,8,4,True,conv-26,ablation_16
mem0,mem0+HindsightTag,True,4,21600.0,756000.0,0.7,0.05,0.0,14400.0,0.1,1.0,0.35,0.0,0.0,0.0,1.0,0.0,8,8,4,True,conv-26,ablation_17
mem0,mem0+HindsightTag,True,4,21600.0,756000.0,0.7,0.15,0.0,14400.0,0.1,1.0,0.35,0.0,0.0,0.0,1.0,0.0,8,8,4,True,conv-26,ablation_18
mem0,mem0+HindsightTag,True,4,21600.0,756000.0,0.7,0.3,0.0,14400.0,0.1,1.0,0.35,0.0,0.0,0.0,1.0,0.0,8,8,4,True,conv-26,ablation_19
mem0,mem0+HindsightTag,True,4,21600.0,756000.0,0.9,0.05,0.0,14400.0,0.1,1.0,0.35,0.0,0.0,0.0,1.0,0.0,8,8,4,True,conv-26,ablation_20
mem0,mem0+HindsightTag,True,4,21600.0,756000.0,0.9,0.15,0.0,14400.0,0.1,1.0,0.35,0.0,0.0,0.0,1.0,0.0,8,8,4,True,conv-26,ablation_21
mem0,mem0+HindsightTag,True,4,21600.0,756000.0,0.9,0.3,0.0,14400.0,0.1,1.0,0.35,0.0,0.0,0.0,1.0,0.0,8,8,4,True,conv-26,ablation_22
mem0,mem0+HindsightTag,True,4,21600.0,756000.0,0.5,0.05,0.0,28800.0,0.1,1.0,0.35,0.0,0.0,0.0,1.0,0.0,8,8,4,True,conv-26,ablation_23
mem0,mem0+HindsightTag,True,4,21600.0,756000.0,0.5,0.15,0.0,28800.0,0.1,1.0,0.35,0.0,0.0,0.0,1.0,0.0,8,8,4,True,conv-26,ablation_24
mem0,mem0+HindsightTag,True,4,21600.0,756000.0,0.5,0.3,0.0,28800.0,0.1,1.0,0.35,0.0,0.0,0.0,1.0,0.0,8,8,4,True,conv-26,ablation_25
mem0,mem0+HindsightTag,True,4,21600.0,756000.0,0.7,0.05,0.0,28800.0,0.1,1.0,0.35,0.0,0.0,0.0,1.0,0.0,8,8,4,True,conv-26,ablation_26
mem0,mem0+HindsightTag,True,4,21600.0,756000.0,0.7,0.15,0.0,28800.0,0.1,1.0,0.35,0.0,0.0,0.0,1.0,0.0,8,8,4,True,conv-26,ablation_27
mem0,mem0+HindsightTag,True,4,21600.0,756000.0,0.7,0.3,0.0,28800.0,0.1,1.0,0.35,0.0,0.0,0.0,1.0,0.0,8,8,4,True,conv-26,ablation_28
mem0,mem0+HindsightTag,True,4,21600.0,756000.0,0.9,0.05,0.0,28800.0,0.1,1.0,0.35,0.0,0.0,0.0,1.0,0.0,8,8,4,True,conv-26,ablation_29
mem0,mem0+HindsightTag,True,4,21600.0,756000.0,0.9,0.15,0.0,28800.0,0.1,1.0,0.35,0.0,0.0,0.0,1.0,0.0,8,8,4,True,conv-26,ablation_30
mem0,mem0+HindsightTag,True,4,21600.0,756000.0,0.9,0.3,0.0,28800.0,0.1,1.0,0.35,0.0,0.0,0.0,1.0,0.0,8,8,4,True,conv-26,ablation_31
mem0,mem0+HindsightTag,True,4,21600.0,3024000.0,0.5,0.05,0.0,7200.0,0.1,1.0,0.35,0.0,0.0,0.0,1.0,0.0,8,8,4,True,conv-26,ablation_32
mem0,mem0+HindsightTag,True,4,21600.0,3024000.0,0.5,0.15,0.0,7200.0,0.1,1.0,0.35,0.0,0.0,0.0,1.0,0.0,8,8,4,True,conv-26,ablation_33
mem0,mem0+HindsightTag,True,4,21600.0,3024000.0,0.5,0.3,0.0,7200.0,0.1,1.0,0.35,0.0,0.0,0.0,1.0,0.0,8,8,4,True,conv-26,ablation_34
mem0,mem0+HindsightTag,True,4,21600.0,3024000.0,0.7,0.05,0.0,7200.0,0.1,1.0,0.35,0.0,0.0,0.0,1.0,0.0,8,8,4,True,conv-26,ablation_35
mem0,mem0+HindsightTag,True,4,21600.0,3024000.0,0.7,0.15,0.0,7200.0,0.1,1.0,0.35,0.0,0.0,0.0,1.0,0.0,8,8,4,True,conv-26,ablation_36
mem0,mem0+HindsightTag,True,4,21600.0,3024000.0,0.7,0.3,0.0,7200.0,0.1,1.0,0.35,0.0,0.0,0.0,1.0,0.0,8,8,4,True,conv-26,ablation_37
mem0,mem0+HindsightTag,True,4,21600.0,3024000.0,0.9,0.05,0.0,7200.0,0.1,1.0,0.35,0.0,0.0,0.0,1.0,0.0,8,8,4,True,conv-26,ablation_38
mem0,mem0+HindsightTag,True,4,21600.0,3024000.0,0.9,0.15,0.0,7200.0,0.1,1.0,0.35,0.0,0.0,0.0,1.0,0.0,8,8,4,True,conv-26,ablation_39
mem0,mem0+HindsightTag,True,4,21600.0,3024000.0,0.9,0.3,0.0,7200.0,0.1,1.0,0.35,0.0,0.0,0.0,1.0,0.0,8,8,4,True,conv-26,ablation_40
mem0,mem0+HindsightTag,True,4,21600.0,3024000.0,0.5,0.05,0.0,14400.0,0.1,1.0,0.35,0.0,0.0,0.0,1.0,0.0,8,8,4,True,conv-26,ablation_41
mem0,mem0+HindsightTag,True,4,21600.0,3024000.0,0.5,0.15,0.0,14400.0,0.1,1.0,0.35,0.0,0.0,0.0,1.0,0.0,8,8,4,True,conv-26,ablation_42
mem0,mem0+HindsightTag,True,4,21600.0,3024000.0,0.5,0.3,0.0,14400.0,0.1,1.0,0.35,0.0,0.0,0.0,1.0,0.0,8,8,4,True,conv-26,ablation_43
mem0,mem0+HindsightTag,True,4,21600.0,3024000.0,0.7,0.05,0.0,14400.0,0.1,1.0,0.35,0.0,0.0,0.0,1.0,0.0,8,8,4,True,conv-26,ablation_44
mem0,mem0+HindsightTag,True,4,21600.0,3024000.0,0.7,0.15,0.0,14400.0,0.1,1.0,0.35,0.0,0.0,0.0,1.0,0.0,8,8,4,True,conv-26,ablation_45
mem0,mem0+HindsightTag,True,4,21600.0,3024000.0,0.7,0.3,0.0,14400.0,0.1,1.0,0.35,0.0,0.0,0.0,1.0,0.0,8,8,4,True,conv-26,ablation_46
mem0,mem0+HindsightTag,True,4,21600.0,3024000.0,0.9,0.05,0.0,14400.0,0.1,1.0,0.35,0.0,0.0,0.0,1.0,0.0,8,8,4,True,conv-26,ablation_47
mem0,mem0+HindsightTag,True,4,21600.0,3024000.0,0.9,0.15,0.0,14400.0,0.1,1.0,0.35,0.0,0.0,0.0,1.0,0.0,8,8,4,True,conv-26,ablation_48
mem0,mem0+HindsightTag,True,4,21600.0,3024000.0,0.9,0.3,0.0,14400.0,0.1,1.0,0.35,0.0,0.0,0.0,1.0,0.0,8,8,4,True,conv-26,ablation_49
mem0,mem0+HindsightTag,True,4,21600.0,3024000.0,0.5,0.05,0.0,28800.0,0.1,1.0,0.35,0.0,0.0,0.0,1.0,0.0,8,8,4,True,conv-26,ablation_50
mem0,mem0+HindsightTag,True,4,21600.0,3024000.0,0.5,0.15,0.0,28800.0,0.1,1.0,0.35,0.0,0.0,0.0,1.0,0.0,8,8,4,True,conv-26,ablation_51
mem0,mem0+HindsightTag,True,4,21600.0,3024000.0,0.5,0.3,0.0,28800.0,0.1,1.0,0.35,0.0,0.0,0.0,1.0,0.0,8,8,4,True,conv-26,ablation_52
mem0,mem0+HindsightTag,True,4,21600.0,3024000.0,0.7,0.05,0.0,28800.0,0.1,1.0,0.35,0.0,0.0,0.0,1.0,0.0,8,8,4,True,conv-26,ablation_53
mem0,mem0+HindsightTag,True,4,21600.0,3024000.0,0.7,0.15,0.0,28800.0,0.1,1.0,0.35,0.0,0.0,0.0,1.0,0.0,8,8,4,True,conv-26,ablation_54
mem0,mem0+HindsightTag,True,4,21600.0,3024000.0,0.7,0.3,0.0,28800.0,0.1,1.0,0.35,0.0,0.0,0.0,1.0,0.0,8,8,4,True,conv-26,ablation_55
mem0,mem0+HindsightTag,True,4,21600.0,3024000.0,0.9,0.05,0.0,28800.0,0.1,1.0,0.35,0.0,0.0,0.0,1.0,0.0,8,8,4,True,conv-26,ablation_56
mem0,mem0+HindsightTag,True,4,21600.0,3024000.0,0.9,0.15,0.0,28800.0,0.1,1.0,0.35,0.0,0.0,0.0,1.0,0.0,8,8,4,True,conv-26,ablation_57
mem0,mem0+HindsightTag,True,4,21600.0,3024000.0,0.9,0.3,0.0,28800.0,0.1,1.0,0.35,0.0,0.0,0.0,1.0,0.0,8,8,4,True,conv-26,ablation_58
mem0,mem0+HindsightTag,True,4,21600.0,6048000.0,0.5,0.05,0.0,7200.0,0.1,1.0,0.35,0.0,0.0,0.0,1.0,0.0,8,8,4,True,conv-26,ablation_59
mem0,mem0+HindsightTag,True,4,21600.0,6048000.0,0.5,0.15,0.0,7200.0,0.1,1.0,0.35,0.0,0.0,0.0,1.0,0.0,8,8,4,True,conv-26,ablation_60
mem0,mem0+HindsightTag,True,4,21600.0,6048000.0,0.5,0.3,0.0,7200.0,0.1,1.0,0.35,0.0,0.0,0.0,1.0,0.0,8,8,4,True,conv-26,ablation_61
mem0,mem0+HindsightTag,True,4,21600.0,6048000.0,0.7,0.05,0.0,7200.0,0.1,1.0,0.35,0.0,0.0,0.0,1.0,0.0,8,8,4,True,conv-26,ablation_62
mem0,mem0+HindsightTag,True,4,21600.0,6048000.0,0.7,0.15,0.0,7200.0,0.1,1.0,0.35,0.0,0.0,0.0,1.0,0.0,8,8,4,True,conv-26,ablation_63
mem0,mem0+HindsightTag,True,4,21600.0,6048000.0,0.7,0.3,0.0,7200.0,0.1,1.0,0.35,0.0,0.0,0.0,1.0,0.0,8,8,4,True,conv-26,ablation_64
mem0,mem0+HindsightTag,True,4,21600.0,6048000.0,0.9,0.05,0.0,7200.0,0.1,1.0,0.35,0.0,0.0,0.0,1.0,0.0,8,8,4,True,conv-26,ablation_65
mem0,mem0+HindsightTag,True,4,21600.0,6048000.0,0.9,0.15,0.0,7200.0,0.1,1.0,0.35,0.0,0.0,0.0,1.0,0.0,8,8,4,True,conv-26,ablation_66
mem0,mem0+HindsightTag,True,4,21600.0,6048000.0,0.9,0.3,0.0,7200.0,0.1,1.0,0.35,0.0,0.0,0.0,1.0,0.0,8,8,4,True,conv-26,ablation_67
mem0,mem0+HindsightTag,True,4,21600.0,6048000.0,0.5,0.05,0.0,14400.0,0.1,1.0,0.35,0.0,0.0,0.0,1.0,0.0,8,8,4,True,conv-26,ablation_68
mem0,mem0+HindsightTag,True,4,21600.0,6048000.0,0.5,0.15,0.0,14400.0,0.1,1.0,0.35,0.0,0.0,0.0,1.0,0.0,8,8,4,True,conv-26,ablation_69
mem0,mem0+HindsightTag,True,4,21600.0,6048000.0,0.5,0.3,0.0,14400.0,0.1,1.0,0.35,0.0,0.0,0.0,1.0,0.0,8,8,4,True,conv-26,ablation_70
mem0,mem0+HindsightTag,True,4,21600.0,6048000.0,0.7,0.05,0.0,14400.0,0.1,1.0,0.35,0.0,0.0,0.0,1.0,0.0,8,8,4,True,conv-26,ablation_71
mem0,mem0+HindsightTag,True,4,21600.0,6048000.0,0.7,0.15,0.0,14400.0,0.1,1.0,0.35,0.0,0.0,0.0,1.0,0.0,8,8,4,True,conv-26,ablation_72
mem0,mem0+HindsightTag,True,4,21600.0,6048000.0,0.7,0.3,0.0,14400.0,0.1,1.0,0.35,0.0,0.0,0.0,1.0,0.0,8,8,4,True,conv-26,ablation_73
mem0,mem0+HindsightTag,True,4,21600.0,6048000.0,0.9,0.05,0.0,14400.0,0.1,1.0,0.35,0.0,0.0,0.0,1.0,0.0,8,8,4,True,conv-26,ablation_74
mem0,mem0+HindsightTag,True,4,21600.0,6048000.0,0.9,0.15,0.0,14400.0,0.1,1.0,0.35,0.0,0.0,0.0,1.0,0.0,8,8,4,True,conv-26,ablation_75
mem0,mem0+HindsightTag,True,4,21600.0,6048000.0,0.9,0.3,0.0,14400.0,0.1,1.0,0.35,0.0,0.0,0.0,1.0,0.0,8,8,4,True,conv-26,ablation_76
mem0,mem0+HindsightTag,True,4,21600.0,6048000.0,0.5,0.05,0.0,28800.0,0.1,1.0,0.35,0.0,0.0,0.0,1.0,0.0,8,8,4,True,conv-26,ablation_77
mem0,mem0+HindsightTag,True,4,21600.0,6048000.0,0.5,0.15,0.0,28800.0,0.1,1.0,0.35,0.0,0.0,0.0,1.0,0.0,8,8,4,True,conv-26,ablation_78
mem0,mem0+HindsightTag,True,4,21600.0,6048000.0,0.5,0.3,0.0,28800.0,0.1,1.0,0.35,0.0,0.0,0.0,1.0,0.0,8,8,4,True,conv-26,ablation_79
mem0,mem0+HindsightTag,True,4,21600.0,6048000.0,0.7,0.05,0.0,28800.0,0.1,1.0,0.35,0.0,0.0,0.0,1.0,0.0,8,8,4,True,conv-26,ablation_80
mem0,mem0+HindsightTag,True,4,21600.0,6048000.0,0.7,0.15,0.0,28800.0,0.1,1.0,0.35,0.0,0.0,0.0,1.0,0.0,8,8,4,True,conv-26,ablation_81
mem0,mem0+HindsightTag,True,4,21600.0,6048000.0,0.7,0.3,0.0,28800.0,0.1,1.0,0.35,0.0,0.0,0.0,1.0,0.0,8,8,4,True,conv-26,ablation_82
mem0,mem0+HindsightTag,True,4,21600.0,6048000.0,0.9,0.05,0.0,28800.0,0.1,1.0,0.35,0.0,0.0,0.0,1.0,0.0,8,8,4,True,conv-26,ablation_83
mem0,mem0+HindsightTag,True,4,21600.0,6048000.0,0.9,0.15,0.0,28800.0,0.1,1.0,0.35,0.0,0.0,0.0,1.0,0.0,8,8,4,True,conv-26,ablation_84
mem0,mem0+HindsightTag,True,4,21600.0,6048000.0,0.9,0.3,0.0,28800.0,0.1,1.0,0.35,0.0,0.0,0.0,1.0,0.0,8,8,4,True,conv-26,ablation_85
vector_store,vector_store,False,4,21600.0,3024000.0,0.7,0.1,0.0,14400.0,0.1,1.0,0.35,0.0,0.0,0.0,,0.0,8,8,0,,conv-26,baseline
vector_store,vector_store+HindsightTag,True,4,21600.0,3024000.0,0.7,0.1,0.0,14400.0,0.1,1.0,0.35,0.125,0.0,0.125,1.0,0.25,8,8,4,,conv-26,ablation_0
vector_store,vector_store+HindsightTag,True,4,21600.0,3024000.0,0.7,0.1,0.25,14400.0,0.1,1.0,0.35,0.125,0.0,0.125,1.0,0.25,8,8,4,,conv-26,ablation_1
vector_store,vector_store+HindsightTag,True,4,21600.0,3024000.0,0.7,0.1,0.5,14400.0,0.1,1.0,0.35,0.125,0.0,0.125,1.0,0.25,8,8,4,,conv-26,ablation_2
vector_store,vector_store+HindsightTag,True,4,21600.0,3024000.0,0.7,0.1,0.75,14400.0,0.1,1.0,0.35,0.125,0.0,0.125,1.0,0.25,8,8,4,,conv-26,ablation_3
vector_store,vector_store+HindsightTag,True,4,21600.0,3024000.0,0.7,0.1,1.0,14400.0,0.1,1.0,0.35,0.125,0.0,0.125,1.0,0.0,8,8,4,,conv-26,ablation_4
vector_store,vector_store+HindsightTag,True,4,21600.0,756000.0,0.5,0.05,0.0,7200.0,0.1,1.0,0.35,0.125,0.0,0.125,1.0,0.25,8,8,4,,conv-26,ablation_5
vector_store,vector_store+HindsightTag,True,4,21600.0,756000.0,0.5,0.15,0.0,7200.0,0.1,1.0,0.35,0.125,0.0,0.125,1.0,0.25,8,8,4,,conv-26,ablation_6
vector_store,vector_store+HindsightTag,True,4,21600.0,756000.0,0.5,0.3,0.0,7200.0,0.1,1.0,0.35,0.0,0.0,0.0,1.0,0.0,8,8,4,,conv-26,ablation_7
vector_store,vector_store+HindsightTag,True,4,21600.0,756000.0,0.7,0.05,0.0,7200.0,0.1,1.0,0.35,0.125,0.0,0.125,1.0,0.25,8,8,4,,conv-26,ablation_8
vector_store,vector_store+HindsightTag,True,4,21600.0,756000.0,0.7,0.15,0.0,7200.0,0.1,1.0,0.35,0.125,0.0,0.125,1.0,0.25,8,8,4,,conv-26,ablation_9
vector_store,vector_store+HindsightTag,True,4,21600.0,756000.0,0.7,0.3,0.0,7200.0,0.1,1.0,0.35,0.0,0.0,0.0,1.0,0.0,8,8,4,,conv-26,ablation_10
vector_store,vector_store+HindsightTag,True,4,21600.0,756000.0,0.9,0.05,0.0,7200.0,0.1,1.0,0.35,0.125,0.0,0.125,1.0,0.25,8,8,4,,conv-26,ablation_11
vector_store,vector_store+HindsightTag,True,4,21600.0,756000.0,0.9,0.15,0.0,7200.0,0.1,1.0,0.35,0.125,0.0,0.125,1.0,0.25,8,8,4,,conv-26,ablation_12
vector_store,vector_store+HindsightTag,True,4,21600.0,756000.0,0.9,0.3,0.0,7200.0,0.1,1.0,0.35,0.0,0.0,0.0,1.0,0.0,8,8,4,,conv-26,ablation_13
vector_store,vector_store+HindsightTag,True,4,21600.0,756000.0,0.5,0.05,0.0,14400.0,0.1,1.0,0.35,0.125,0.0,0.125,1.0,0.25,8,8,4,,conv-26,ablation_14
vector_store,vector_store+HindsightTag,True,4,21600.0,756000.0,0.5,0.15,0.0,14400.0,0.1,1.0,0.35,0.125,0.0,0.125,1.0,0.25,8,8,4,,conv-26,ablation_15
vector_store,vector_store+HindsightTag,True,4,21600.0,756000.0,0.5,0.3,0.0,14400.0,0.1,1.0,0.35,0.0,0.0,0.0,1.0,0.0,8,8,4,,conv-26,ablation_16
vector_store,vector_store+HindsightTag,True,4,21600.0,756000.0,0.7,0.05,0.0,14400.0,0.1,1.0,0.35,0.125,0.0,0.125,1.0,0.25,8,8,4,,conv-26,ablation_17
vector_store,vector_store+HindsightTag,True,4,21600.0,756000.0,0.7,0.15,0.0,14400.0,0.1,1.0,0.35,0.125,0.0,0.125,1.0,0.25,8,8,4,,conv-26,ablation_18
vector_store,vector_store+HindsightTag,True,4,21600.0,756000.0,0.7,0.3,0.0,14400.0,0.1,1.0,0.35,0.0,0.0,0.0,1.0,0.0,8,8,4,,conv-26,ablation_19
vector_store,vector_store+HindsightTag,True,4,21600.0,756000.0,0.9,0.05,0.0,14400.0,0.1,1.0,0.35,0.125,0.0,0.125,1.0,0.25,8,8,4,,conv-26,ablation_20
vector_store,vector_store+HindsightTag,True,4,21600.0,756000.0,0.9,0.15,0.0,14400.0,0.1,1.0,0.35,0.125,0.0,0.125,1.0,0.25,8,8,4,,conv-26,ablation_21
vector_store,vector_store+HindsightTag,True,4,21600.0,756000.0,0.9,0.3,0.0,14400.0,0.1,1.0,0.35,0.0,0.0,0.0,1.0,0.0,8,8,4,,conv-26,ablation_22
vector_store,vector_store+HindsightTag,True,4,21600.0,756000.0,0.5,0.05,0.0,28800.0,0.1,1.0,0.35,0.125,0.0,0.125,1.0,0.25,8,8,4,,conv-26,ablation_23
vector_store,vector_store+HindsightTag,True,4,21600.0,756000.0,0.5,0.15,0.0,28800.0,0.1,1.0,0.35,0.125,0.0,0.125,1.0,0.25,8,8,4,,conv-26,ablation_24
vector_store,vector_store+HindsightTag,True,4,21600.0,756000.0,0.5,0.3,0.0,28800.0,0.1,1.0,0.35,0.0,0.0,0.0,1.0,0.0,8,8,4,,conv-26,ablation_25
vector_store,vector_store+HindsightTag,True,4,21600.0,756000.0,0.7,0.05,0.0,28800.0,0.1,1.0,0.35,0.125,0.0,0.125,1.0,0.25,8,8,4,,conv-26,ablation_26
vector_store,vector_store+HindsightTag,True,4,21600.0,756000.0,0.7,0.15,0.0,28800.0,0.1,1.0,0.35,0.125,0.0,0.125,1.0,0.25,8,8,4,,conv-26,ablation_27
vector_store,vector_store+HindsightTag,True,4,21600.0,756000.0,0.7,0.3,0.0,28800.0,0.1,1.0,0.35,0.0,0.0,0.0,1.0,0.0,8,8,4,,conv-26,ablation_28
vector_store,vector_store+HindsightTag,True,4,21600.0,756000.0,0.9,0.05,0.0,28800.0,0.1,1.0,0.35,0.125,0.0,0.125,1.0,0.25,8,8,4,,conv-26,ablation_29
vector_store,vector_store+HindsightTag,True,4,21600.0,756000.0,0.9,0.15,0.0,28800.0,0.1,1.0,0.35,0.125,0.0,0.125,1.0,0.25,8,8,4,,conv-26,ablation_30
vector_store,vector_store+HindsightTag,True,4,21600.0,756000.0,0.9,0.3,0.0,28800.0,0.1,1.0,0.35,0.0,0.0,0.0,1.0,0.0,8,8,4,,conv-26,ablation_31
vector_store,vector_store+HindsightTag,True,4,21600.0,3024000.0,0.5,0.05,0.0,7200.0,0.1,1.0,0.35,0.125,0.0,0.125,1.0,0.25,8,8,4,,conv-26,ablation_32
vector_store,vector_store+HindsightTag,True,4,21600.0,3024000.0,0.5,0.15,0.0,7200.0,0.1,1.0,0.35,0.125,0.0,0.125,1.0,0.25,8,8,4,,conv-26,ablation_33
vector_store,vector_store+HindsightTag,True,4,21600.0,3024000.0,0.5,0.3,0.0,7200.0,0.1,1.0,0.35,0.0,0.0,0.0,1.0,0.0,8,8,4,,conv-26,ablation_34
vector_store,vector_store+HindsightTag,True,4,21600.0,3024000.0,0.7,0.05,0.0,7200.0,0.1,1.0,0.35,0.125,0.0,0.125,1.0,0.25,8,8,4,,conv-26,ablation_35
vector_store,vector_store+HindsightTag,True,4,21600.0,3024000.0,0.7,0.15,0.0,7200.0,0.1,1.0,0.35,0.125,0.0,0.125,1.0,0.25,8,8,4,,conv-26,ablation_36
vector_store,vector_store+HindsightTag,True,4,21600.0,3024000.0,0.7,0.3,0.0,7200.0,0.1,1.0,0.35,0.0,0.0,0.0,1.0,0.0,8,8,4,,conv-26,ablation_37
vector_store,vector_store+HindsightTag,True,4,21600.0,3024000.0,0.9,0.05,0.0,7200.0,0.1,1.0,0.35,0.125,0.0,0.125,1.0,0.25,8,8,4,,conv-26,ablation_38
vector_store,vector_store+HindsightTag,True,4,21600.0,3024000.0,0.9,0.15,0.0,7200.0,0.1,1.0,0.35,0.125,0.0,0.125,1.0,0.25,8,8,4,,conv-26,ablation_39
vector_store,vector_store+HindsightTag,True,4,21600.0,3024000.0,0.9,0.3,0.0,7200.0,0.1,1.0,0.35,0.0,0.0,0.0,1.0,0.0,8,8,4,,conv-26,ablation_40
vector_store,vector_store+HindsightTag,True,4,21600.0,3024000.0,0.5,0.05,0.0,14400.0,0.1,1.0,0.35,0.125,0.0,0.125,1.0,0.25,8,8,4,,conv-26,ablation_41
vector_store,vector_store+HindsightTag,True,4,21600.0,3024000.0,0.5,0.15,0.0,14400.0,0.1,1.0,0.35,0.125,0.0,0.125,1.0,0.25,8,8,4,,conv-26,ablation_42
vector_store,vector_store+HindsightTag,True,4,21600.0,3024000.0,0.5,0.3,0.0,14400.0,0.1,1.0,0.35,0.0,0.0,0.0,1.0,0.0,8,8,4,,conv-26,ablation_43
vector_store,vector_store+HindsightTag,True,4,21600.0,3024000.0,0.7,0.05,0.0,14400.0,0.1,1.0,0.35,0.125,0.0,0.125,1.0,0.25,8,8,4,,conv-26,ablation_44
vector_store,vector_store+HindsightTag,True,4,21600.0,3024000.0,0.7,0.15,0.0,14400.0,0.1,1.0,0.35,0.125,0.0,0.125,1.0,0.25,8,8,4,,conv-26,ablation_45
vector_store,vector_store+HindsightTag,True,4,21600.0,3024000.0,0.7,0.3,0.0,14400.0,0.1,1.0,0.35,0.0,0.0,0.0,1.0,0.0,8,8,4,,conv-26,ablation_46
vector_store,vector_store+HindsightTag,True,4,21600.0,3024000.0,0.9,0.05,0.0,14400.0,0.1,1.0,0.35,0.125,0.0,0.125,1.0,0.25,8,8,4,,conv-26,ablation_47
vector_store,vector_store+HindsightTag,True,4,21600.0,3024000.0,0.9,0.15,0.0,14400.0,0.1,1.0,0.35,0.125,0.0,0.125,1.0,0.25,8,8,4,,conv-26,ablation_48
vector_store,vector_store+HindsightTag,True,4,21600.0,3024000.0,0.9,0.3,0.0,14400.0,0.1,1.0,0.35,0.0,0.0,0.0,1.0,0.0,8,8,4,,conv-26,ablation_49
vector_store,vector_store+HindsightTag,True,4,21600.0,3024000.0,0.5,0.05,0.0,28800.0,0.1,1.0,0.35,0.125,0.0,0.125,1.0,0.25,8,8,4,,conv-26,ablation_50
vector_store,vector_store+HindsightTag,True,4,21600.0,3024000.0,0.5,0.15,0.0,28800.0,0.1,1.0,0.35,0.125,0.0,0.125,1.0,0.25,8,8,4,,conv-26,ablation_51
vector_store,vector_store+HindsightTag,True,4,21600.0,3024000.0,0.5,0.3,0.0,28800.0,0.1,1.0,0.35,0.0,0.0,0.0,1.0,0.0,8,8,4,,conv-26,ablation_52
vector_store,vector_store+HindsightTag,True,4,21600.0,3024000.0,0.7,0.05,0.0,28800.0,0.1,1.0,0.35,0.125,0.0,0.125,1.0,0.25,8,8,4,,conv-26,ablation_53
vector_store,vector_store+HindsightTag,True,4,21600.0,3024000.0,0.7,0.15,0.0,28800.0,0.1,1.0,0.35,0.125,0.0,0.125,1.0,0.25,8,8,4,,conv-26,ablation_54
vector_store,vector_store+HindsightTag,True,4,21600.0,3024000.0,0.7,0.3,0.0,28800.0,0.1,1.0,0.35,0.0,0.0,0.0,1.0,0.0,8,8,4,,conv-26,ablation_55
vector_store,vector_store+HindsightTag,True,4,21600.0,3024000.0,0.9,0.05,0.0,28800.0,0.1,1.0,0.35,0.125,0.0,0.125,1.0,0.25,8,8,4,,conv-26,ablation_56
vector_store,vector_store+HindsightTag,True,4,21600.0,3024000.0,0.9,0.15,0.0,28800.0,0.1,1.0,0.35,0.125,0.0,0.125,1.0,0.25,8,8,4,,conv-26,ablation_57
vector_store,vector_store+HindsightTag,True,4,21600.0,3024000.0,0.9,0.3,0.0,28800.0,0.1,1.0,0.35,0.0,0.0,0.0,1.0,0.0,8,8,4,,conv-26,ablation_58
vector_store,vector_store+HindsightTag,True,4,21600.0,6048000.0,0.5,0.05,0.0,7200.0,0.1,1.0,0.35,0.125,0.0,0.125,1.0,0.25,8,8,4,,conv-26,ablation_59
vector_store,vector_store+HindsightTag,True,4,21600.0,6048000.0,0.5,0.15,0.0,7200.0,0.1,1.0,0.35,0.125,0.0,0.125,1.0,0.25,8,8,4,,conv-26,ablation_60
vector_store,vector_store+HindsightTag,True,4,21600.0,6048000.0,0.5,0.3,0.0,7200.0,0.1,1.0,0.35,0.0,0.0,0.0,1.0,0.0,8,8,4,,conv-26,ablation_61
vector_store,vector_store+HindsightTag,True,4,21600.0,6048000.0,0.7,0.05,0.0,7200.0,0.1,1.0,0.35,0.125,0.0,0.125,1.0,0.25,8,8,4,,conv-26,ablation_62
vector_store,vector_store+HindsightTag,True,4,21600.0,6048000.0,0.7,0.15,0.0,7200.0,0.1,1.0,0.35,0.125,0.0,0.125,1.0,0.25,8,8,4,,conv-26,ablation_63
vector_store,vector_store+HindsightTag,True,4,21600.0,6048000.0,0.7,0.3,0.0,7200.0,0.1,1.0,0.35,0.0,0.0,0.0,1.0,0.0,8,8,4,,conv-26,ablation_64
vector_store,vector_store+HindsightTag,True,4,21600.0,6048000.0,0.9,0.05,0.0,7200.0,0.1,1.0,0.35,0.125,0.0,0.125,1.0,0.25,8,8,4,,conv-26,ablation_65
vector_store,vector_store+HindsightTag,True,4,21600.0,6048000.0,0.9,0.15,0.0,7200.0,0.1,1.0,0.35,0.125,0.0,0.125,1.0,0.25,8,8,4,,conv-26,ablation_66
vector_store,vector_store+HindsightTag,True,4,21600.0,6048000.0,0.9,0.3,0.0,7200.0,0.1,1.0,0.35,0.0,0.0,0.0,1.0,0.0,8,8,4,,conv-26,ablation_67
vector_store,vector_store+HindsightTag,True,4,21600.0,6048000.0,0.5,0.05,0.0,14400.0,0.1,1.0,0.35,0.125,0.0,0.125,1.0,0.25,8,8,4,,conv-26,ablation_68
vector_store,vector_store+HindsightTag,True,4,21600.0,6048000.0,0.5,0.15,0.0,14400.0,0.1,1.0,0.35,0.125,0.0,0.125,1.0,0.25,8,8,4,,conv-26,ablation_69
vector_store,vector_store+HindsightTag,True,4,21600.0,6048000.0,0.5,0.3,0.0,14400.0,0.1,1.0,0.35,0.0,0.0,0.0,1.0,0.0,8,8,4,,conv-26,ablation_70
vector_store,vector_store+HindsightTag,True,4,21600.0,6048000.0,0.7,0.05,0.0,14400.0,0.1,1.0,0.35,0.125,0.0,0.125,1.0,0.25,8,8,4,,conv-26,ablation_71
vector_store,vector_store+HindsightTag,True,4,21600.0,6048000.0,0.7,0.15,0.0,14400.0,0.1,1.0,0.35,0.125,0.0,0.125,1.0,0.25,8,8,4,,conv-26,ablation_72
vector_store,vector_store+HindsightTag,True,4,21600.0,6048000.0,0.7,0.3,0.0,14400.0,0.1,1.0,0.35,0.0,0.0,0.0,1.0,0.0,8,8,4,,conv-26,ablation_73
vector_store,vector_store+HindsightTag,True,4,21600.0,6048000.0,0.9,0.05,0.0,14400.0,0.1,1.0,0.35,0.125,0.0,0.125,1.0,0.25,8,8,4,,conv-26,ablation_74
vector_store,vector_store+HindsightTag,True,4,21600.0,6048000.0,0.9,0.15,0.0,14400.0,0.1,1.0,0.35,0.125,0.0,0.125,1.0,0.25,8,8,4,,conv-26,ablation_75
vector_store,vector_store+HindsightTag,True,4,21600.0,6048000.0,0.9,0.3,0.0,14400.0,0.1,1.0,0.35,0.0,0.0,0.0,1.0,0.0,8,8,4,,conv-26,ablation_76
vector_store,vector_store+HindsightTag,True,4,21600.0,6048000.0,0.5,0.05,0.0,28800.0,0.1,1.0,0.35,0.125,0.0,0.125,1.0,0.25,8,8,4,,conv-26,ablation_77
vector_store,vector_store+HindsightTag,True,4,21600.0,6048000.0,0.5,0.15,0.0,28800.0,0.1,1.0,0.35,0.125,0.0,0.125,1.0,0.25,8,8,4,,conv-26,ablation_78
vector_store,vector_store+HindsightTag,True,4,21600.0,6048000.0,0.5,0.3,0.0,28800.0,0.1,1.0,0.35,0.0,0.0,0.0,1.0,0.0,8,8,4,,conv-26,ablation_79
vector_store,vector_store+HindsightTag,True,4,21600.0,6048000.0,0.7,0.05,0.0,28800.0,0.1,1.0,0.35,0.125,0.0,0.125,1.0,0.25,8,8,4,,conv-26,ablation_80
vector_store,vector_store+HindsightTag,True,4,21600.0,6048000.0,0.7,0.15,0.0,28800.0,0.1,1.0,0.35,0.125,0.0,0.125,1.0,0.25,8,8,4,,conv-26,ablation_81
vector_store,vector_store+HindsightTag,True,4,21600.0,6048000.0,0.7,0.3,0.0,28800.0,0.1,1.0,0.35,0.0,0.0,0.0,1.0,0.0,8,8,4,,conv-26,ablation_82
vector_store,vector_store+HindsightTag,True,4,21600.0,6048000.0,0.9,0.05,0.0,28800.0,0.1,1.0,0.35,0.125,0.0,0.125,1.0,0.25,8,8,4,,conv-26,ablation_83
vector_store,vector_store+HindsightTag,True,4,21600.0,6048000.0,0.9,0.15,0.0,28800.0,0.1,1.0,0.35,0.125,0.0,0.125,1.0,0.25,8,8,4,,conv-26,ablation_84
vector_store,vector_store+HindsightTag,True,4,21600.0,6048000.0,0.9,0.3,0.0,28800.0,0.1,1.0,0.35,0.0,0.0,0.0,1.0,0.0,8,8,4,,conv-26,ablation_85
mem0,mem0,False,0,21600.0,3024000.0,0.7,0.1,0.0,14400.0,0.1,1.0,0.35,0.0,0.0,0.0,,0.0,8,8,0,True,conv-30,baseline
mem0,mem0+HindsightTag,True,0,21600.0,3024000.0,0.7,0.1,0.0,14400.0,0.1,1.0,0.35,0.0,0.0,0.0,1.0,0.0,8,8,4,True,conv-30,ablation_0
mem0,mem0+HindsightTag,True,0,21600.0,3024000.0,0.7,0.1,0.25,14400.0,0.1,1.0,0.35,0.0,0.0,0.0,1.0,0.0,8,8,4,True,conv-30,ablation_1
mem0,mem0+HindsightTag,True,0,21600.0,3024000.0,0.7,0.1,0.5,14400.0,0.1,1.0,0.35,0.0,0.0,0.0,1.0,0.0,8,8,4,True,conv-30,ablation_2
mem0,mem0+HindsightTag,True,0,21600.0,3024000.0,0.7,0.1,0.75,14400.0,0.1,1.0,0.35,0.0,0.0,0.0,1.0,0.0,8,8,4,True,conv-30,ablation_3
mem0,mem0+HindsightTag,True,0,21600.0,3024000.0,0.7,0.1,1.0,14400.0,0.1,1.0,0.35,0.0,0.0,0.0,1.0,0.0,8,8,4,True,conv-30,ablation_4
mem0,mem0+HindsightTag,True,0,21600.0,756000.0,0.5,0.05,0.0,7200.0,0.1,1.0,0.35,0.0,0.0,0.0,1.0,0.0,8,8,4,True,conv-30,ablation_5
mem0,mem0+HindsightTag,True,0,21600.0,756000.0,0.5,0.15,0.0,7200.0,0.1,1.0,0.35,0.0,0.0,0.0,1.0,0.0,8,8,4,True,conv-30,ablation_6
mem0,mem0+HindsightTag,True,0,21600.0,756000.0,0.5,0.3,0.0,7200.0,0.1,1.0,0.35,0.0,0.0,0.0,1.0,0.0,8,8,4,True,conv-30,ablation_7
mem0,mem0+HindsightTag,True,0,21600.0,756000.0,0.7,0.05,0.0,7200.0,0.1,1.0,0.35,0.0,0.0,0.0,1.0,0.0,8,8,4,True,conv-30,ablation_8
mem0,mem0+HindsightTag,True,0,21600.0,756000.0,0.7,0.15,0.0,7200.0,0.1,1.0,0.35,0.0,0.0,0.0,1.0,0.0,8,8,4,True,conv-30,ablation_9
mem0,mem0+HindsightTag,True,0,21600.0,756000.0,0.7,0.3,0.0,7200.0,0.1,1.0,0.35,0.0,0.0,0.0,1.0,0.0,8,8,4,True,conv-30,ablation_10
mem0,mem0+HindsightTag,True,0,21600.0,756000.0,0.9,0.05,0.0,7200.0,0.1,1.0,0.35,0.0,0.0,0.0,1.0,0.0,8,8,4,True,conv-30,ablation_11
mem0,mem0+HindsightTag,True,0,21600.0,756000.0,0.9,0.15,0.0,7200.0,0.1,1.0,0.35,0.0,0.0,0.0,1.0,0.0,8,8,4,True,conv-30,ablation_12
mem0,mem0+HindsightTag,True,0,21600.0,756000.0,0.9,0.3,0.0,7200.0,0.1,1.0,0.35,0.0,0.0,0.0,1.0,0.0,8,8,4,True,conv-30,ablation_13
mem0,mem0+HindsightTag,True,0,21600.0,756000.0,0.5,0.05,0.0,14400.0,0.1,1.0,0.35,0.0,0.0,0.0,1.0,0.0,8,8,4,True,conv-30,ablation_14
mem0,mem0+HindsightTag,True,0,21600.0,756000.0,0.5,0.15,0.0,14400.0,0.1,1.0,0.35,0.0,0.0,0.0,1.0,0.0,8,8,4,True,conv-30,ablation_15
mem0,mem0+HindsightTag,True,0,21600.0,756000.0,0.5,0.3,0.0,14400.0,0.1,1.0,0.35,0.0,0.0,0.0,1.0,0.0,8,8,4,True,conv-30,ablation_16
mem0,mem0+HindsightTag,True,0,21600.0,756000.0,0.7,0.05,0.0,14400.0,0.1,1.0,0.35,0.0,0.0,0.0,1.0,0.0,8,8,4,True,conv-30,ablation_17
mem0,mem0+HindsightTag,True,0,21600.0,756000.0,0.7,0.15,0.0,14400.0,0.1,1.0,0.35,0.0,0.0,0.0,1.0,0.0,8,8,4,True,conv-30,ablation_18
mem0,mem0+HindsightTag,True,0,21600.0,756000.0,0.7,0.3,0.0,14400.0,0.1,1.0,0.35,0.0,0.0,0.0,1.0,0.0,8,8,4,True,conv-30,ablation_19
mem0,mem0+HindsightTag,True,0,21600.0,756000.0,0.9,0.05,0.0,14400.0,0.1,1.0,0.35,0.0,0.0,0.0,1.0,0.0,8,8,4,True,conv-30,ablation_20
mem0,mem0+HindsightTag,True,0,21600.0,756000.0,0.9,0.15,0.0,14400.0,0.1,1.0,0.35,0.0,0.0,0.0,1.0,0.0,8,8,4,True,conv-30,ablation_21
mem0,mem0+HindsightTag,True,0,21600.0,756000.0,0.9,0.3,0.0,14400.0,0.1,1.0,0.35,0.0,0.0,0.0,1.0,0.0,8,8,4,True,conv-30,ablation_22
mem0,mem0+HindsightTag,True,0,21600.0,756000.0,0.5,0.05,0.0,28800.0,0.1,1.0,0.35,0.0,0.0,0.0,1.0,0.0,8,8,4,True,conv-30,ablation_23
mem0,mem0+HindsightTag,True,0,21600.0,756000.0,0.5,0.15,0.0,28800.0,0.1,1.0,0.35,0.0,0.0,0.0,1.0,0.0,8,8,4,True,conv-30,ablation_24
mem0,mem0+HindsightTag,True,0,21600.0,756000.0,0.5,0.3,0.0,28800.0,0.1,1.0,0.35,0.0,0.0,0.0,1.0,0.0,8,8,4,True,conv-30,ablation_25
mem0,mem0+HindsightTag,True,0,21600.0,756000.0,0.7,0.05,0.0,28800.0,0.1,1.0,0.35,0.0,0.0,0.0,1.0,0.0,8,8,4,True,conv-30,ablation_26
mem0,mem0+HindsightTag,True,0,21600.0,756000.0,0.7,0.15,0.0,28800.0,0.1,1.0,0.35,0.0,0.0,0.0,1.0,0.0,8,8,4,True,conv-30,ablation_27
mem0,mem0+HindsightTag,True,0,21600.0,756000.0,0.7,0.3,0.0,28800.0,0.1,1.0,0.35,0.0,0.0,0.0,1.0,0.0,8,8,4,True,conv-30,ablation_28
mem0,mem0+HindsightTag,True,0,21600.0,756000.0,0.9,0.05,0.0,28800.0,0.1,1.0,0.35,0.0,0.0,0.0,1.0,0.0,8,8,4,True,conv-30,ablation_29
mem0,mem0+HindsightTag,True,0,21600.0,756000.0,0.9,0.15,0.0,28800.0,0.1,1.0,0.35,0.0,0.0,0.0,1.0,0.0,8,8,4,True,conv-30,ablation_30
mem0,mem0+HindsightTag,True,0,21600.0,756000.0,0.9,0.3,0.0,28800.0,0.1,1.0,0.35,0.0,0.0,0.0,1.0,0.0,8,8,4,True,conv-30,ablation_31
mem0,mem0+HindsightTag,True,0,21600.0,3024000.0,0.5,0.05,0.0,7200.0,0.1,1.0,0.35,0.0,0.0,0.0,1.0,0.0,8,8,4,True,conv-30,ablation_32
mem0,mem0+HindsightTag,True,0,21600.0,3024000.0,0.5,0.15,0.0,7200.0,0.1,1.0,0.35,0.0,0.0,0.0,1.0,0.0,8,8,4,True,conv-30,ablation_33
mem0,mem0+HindsightTag,True,0,21600.0,3024000.0,0.5,0.3,0.0,7200.0,0.1,1.0,0.35,0.0,0.0,0.0,1.0,0.0,8,8,4,True,conv-30,ablation_34
mem0,mem0+HindsightTag,True,0,21600.0,3024000.0,0.7,0.05,0.0,7200.0,0.1,1.0,0.35,0.0,0.0,0.0,1.0,0.0,8,8,4,True,conv-30,ablation_35
mem0,mem0+HindsightTag,True,0,21600.0,3024000.0,0.7,0.15,0.0,7200.0,0.1,1.0,0.35,0.0,0.0,0.0,1.0,0.0,8,8,4,True,conv-30,ablation_36
mem0,mem0+HindsightTag,True,0,21600.0,3024000.0,0.7,0.3,0.0,7200.0,0.1,1.0,0.35,0.0,0.0,0.0,1.0,0.0,8,8,4,True,conv-30,ablation_37
mem0,mem0+HindsightTag,True,0,21600.0,3024000.0,0.9,0.05,0.0,7200.0,0.1,1.0,0.35,0.0,0.0,0.0,1.0,0.0,8,8,4,True,conv-30,ablation_38
mem0,mem0+HindsightTag,True,0,21600.0,3024000.0,0.9,0.15,0.0,7200.0,0.1,1.0,0.35,0.0,0.0,0.0,1.0,0.0,8,8,4,True,conv-30,ablation_39
mem0,mem0+HindsightTag,True,0,21600.0,3024000.0,0.9,0.3,0.0,7200.0,0.1,1.0,0.35,0.0,0.0,0.0,1.0,0.0,8,8,4,True,conv-30,ablation_40
mem0,mem0+HindsightTag,True,0,21600.0,3024000.0,0.5,0.05,0.0,14400.0,0.1,1.0,0.35,0.0,0.0,0.0,1.0,0.0,8,8,4,True,conv-30,ablation_41
mem0,mem0+HindsightTag,True,0,21600.0,3024000.0,0.5,0.15,0.0,14400.0,0.1,1.0,0.35,0.0,0.0,0.0,1.0,0.0,8,8,4,True,conv-30,ablation_42
mem0,mem0+HindsightTag,True,0,21600.0,3024000.0,0.5,0.3,0.0,14400.0,0.1,1.0,0.35,0.0,0.0,0.0,1.0,0.0,8,8,4,True,conv-30,ablation_43
mem0,mem0+HindsightTag,True,0,21600.0,3024000.0,0.7,0.05,0.0,14400.0,0.1,1.0,0.35,0.0,0.0,0.0,1.0,0.0,8,8,4,True,conv-30,ablation_44
mem0,mem0+HindsightTag,True,0,21600.0,3024000.0,0.7,0.15,0.0,14400.0,0.1,1.0,0.35,0.0,0.0,0.0,1.0,0.0,8,8,4,True,conv-30,ablation_45
mem0,mem0+HindsightTag,True,0,21600.0,3024000.0,0.7,0.3,0.0,14400.0,0.1,1.0,0.35,0.0,0.0,0.0,1.0,0.0,8,8,4,True,conv-30,ablation_46
mem0,mem0+HindsightTag,True,0,21600.0,3024000.0,0.9,0.05,0.0,14400.0,0.1,1.0,0.35,0.0,0.0,0.0,1.0,0.0,8,8,4,True,conv-30,ablation_47
mem0,mem0+HindsightTag,True,0,21600.0,3024000.0,0.9,0.15,0.0,14400.0,0.1,1.0,0.35,0.0,0.0,0.0,1.0,0.0,8,8,4,True,conv-30,ablation_48
mem0,mem0+HindsightTag,True,0,21600.0,3024000.0,0.9,0.3,0.0,14400.0,0.1,1.0,0.35,0.0,0.0,0.0,1.0,0.0,8,8,4,True,conv-30,ablation_49
mem0,mem0+HindsightTag,True,0,21600.0,3024000.0,0.5,0.05,0.0,28800.0,0.1,1.0,0.35,0.0,0.0,0.0,1.0,0.0,8,8,4,True,conv-30,ablation_50
mem0,mem0+HindsightTag,True,0,21600.0,3024000.0,0.5,0.15,0.0,28800.0,0.1,1.0,0.35,0.0,0.0,0.0,1.0,0.0,8,8,4,True,conv-30,ablation_51
mem0,mem0+HindsightTag,True,0,21600.0,3024000.0,0.5,0.3,0.0,28800.0,0.1,1.0,0.35,0.0,0.0,0.0,1.0,0.0,8,8,4,True,conv-30,ablation_52
mem0,mem0+HindsightTag,True,0,21600.0,3024000.0,0.7,0.05,0.0,28800.0,0.1,1.0,0.35,0.0,0.0,0.0,1.0,0.0,8,8,4,True,conv-30,ablation_53
mem0,mem0+HindsightTag,True,0,21600.0,3024000.0,0.7,0.15,0.0,28800.0,0.1,1.0,0.35,0.0,0.0,0.0,1.0,0.0,8,8,4,True,conv-30,ablation_54
mem0,mem0+HindsightTag,True,0,21600.0,3024000.0,0.7,0.3,0.0,28800.0,0.1,1.0,0.35,0.0,0.0,0.0,1.0,0.0,8,8,4,True,conv-30,ablation_55
mem0,mem0+HindsightTag,True,0,21600.0,3024000.0,0.9,0.05,0.0,28800.0,0.1,1.0,0.35,0.0,0.0,0.0,1.0,0.0,8,8,4,True,conv-30,ablation_56
mem0,mem0+HindsightTag,True,0,21600.0,3024000.0,0.9,0.15,0.0,28800.0,0.1,1.0,0.35,0.0,0.0,0.0,1.0,0.0,8,8,4,True,conv-30,ablation_57
mem0,mem0+HindsightTag,True,0,21600.0,3024000.0,0.9,0.3,0.0,28800.0,0.1,1.0,0.35,0.0,0.0,0.0,1.0,0.0,8,8,4,True,conv-30,ablation_58
mem0,mem0+HindsightTag,True,0,21600.0,6048000.0,0.5,0.05,0.0,7200.0,0.1,1.0,0.35,0.0,0.0,0.0,1.0,0.0,8,8,4,True,conv-30,ablation_59
mem0,mem0+HindsightTag,True,0,21600.0,6048000.0,0.5,0.15,0.0,7200.0,0.1,1.0,0.35,0.0,0.0,0.0,1.0,0.0,8,8,4,True,conv-30,ablation_60
mem0,mem0+HindsightTag,True,0,21600.0,6048000.0,0.5,0.3,0.0,7200.0,0.1,1.0,0.35,0.0,0.0,0.0,1.0,0.0,8,8,4,True,conv-30,ablation_61
mem0,mem0+HindsightTag,True,0,21600.0,6048000.0,0.7,0.05,0.0,7200.0,0.1,1.0,0.35,0.0,0.0,0.0,1.0,0.0,8,8,4,True,conv-30,ablation_62
mem0,mem0+HindsightTag,True,0,21600.0,6048000.0,0.7,0.15,0.0,7200.0,0.1,1.0,0.35,0.0,0.0,0.0,1.0,0.0,8,8,4,True,conv-30,ablation_63
mem0,mem0+HindsightTag,True,0,21600.0,6048000.0,0.7,0.3,0.0,7200.0,0.1,1.0,0.35,0.0,0.0,0.0,1.0,0.0,8,8,4,True,conv-30,ablation_64
mem0,mem0+HindsightTag,True,0,21600.0,6048000.0,0.9,0.05,0.0,7200.0,0.1,1.0,0.35,0.0,0.0,0.0,1.0,0.0,8,8,4,True,conv-30,ablation_65
mem0,mem0+HindsightTag,True,0,21600.0,6048000.0,0.9,0.15,0.0,7200.0,0.1,1.0,0.35,0.0,0.0,0.0,1.0,0.0,8,8,4,True,conv-30,ablation_66
mem0,mem0+HindsightTag,True,0,21600.0,6048000.0,0.9,0.3,0.0,7200.0,0.1,1.0,0.35,0.0,0.0,0.0,1.0,0.0,8,8,4,True,conv-30,ablation_67
mem0,mem0+HindsightTag,True,0,21600.0,6048000.0,0.5,0.05,0.0,14400.0,0.1,1.0,0.35,0.0,0.0,0.0,1.0,0.0,8,8,4,True,conv-30,ablation_68
mem0,mem0+HindsightTag,True,0,21600.0,6048000.0,0.5,0.15,0.0,14400.0,0.1,1.0,0.35,0.0,0.0,0.0,1.0,0.0,8,8,4,True,conv-30,ablation_69
mem0,mem0+HindsightTag,True,0,21600.0,6048000.0,0.5,0.3,0.0,14400.0,0.1,1.0,0.35,0.0,0.0,0.0,1.0,0.0,8,8,4,True,conv-30,ablation_70
mem0,mem0+HindsightTag,True,0,21600.0,6048000.0,0.7,0.05,0.0,14400.0,0.1,1.0,0.35,0.0,0.0,0.0,1.0,0.0,8,8,4,True,conv-30,ablation_71
mem0,mem0+HindsightTag,True,0,21600.0,6048000.0,0.7,0.15,0.0,14400.0,0.1,1.0,0.35,0.0,0.0,0.0,1.0,0.0,8,8,4,True,conv-30,ablation_72
mem0,mem0+HindsightTag,True,0,21600.0,6048000.0,0.7,0.3,0.0,14400.0,0.1,1.0,0.35,0.0,0.0,0.0,1.0,0.0,8,8,4,True,conv-30,ablation_73
mem0,mem0+HindsightTag,True,0,21600.0,6048000.0,0.9,0.05,0.0,14400.0,0.1,1.0,0.35,0.0,0.0,0.0,1.0,0.0,8,8,4,True,conv-30,ablation_74
mem0,mem0+HindsightTag,True,0,21600.0,6048000.0,0.9,0.15,0.0,14400.0,0.1,1.0,0.35,0.0,0.0,0.0,1.0,0.0,8,8,4,True,conv-30,ablation_75
mem0,mem0+HindsightTag,True,0,21600.0,6048000.0,0.9,0.3,0.0,14400.0,0.1,1.0,0.35,0.0,0.0,0.0,1.0,0.0,8,8,4,True,conv-30,ablation_76
mem0,mem0+HindsightTag,True,0,21600.0,6048000.0,0.5,0.05,0.0,28800.0,0.1,1.0,0.35,0.0,0.0,0.0,1.0,0.0,8,8,4,True,conv-30,ablation_77
mem0,mem0+HindsightTag,True,0,21600.0,6048000.0,0.5,0.15,0.0,28800.0,0.1,1.0,0.35,0.0,0.0,0.0,1.0,0.0,8,8,4,True,conv-30,ablation_78
mem0,mem0+HindsightTag,True,0,21600.0,6048000.0,0.5,0.3,0.0,28800.0,0.1,1.0,0.35,0.0,0.0,0.0,1.0,0.0,8,8,4,True,conv-30,ablation_79
mem0,mem0+HindsightTag,True,0,21600.0,6048000.0,0.7,0.05,0.0,28800.0,0.1,1.0,0.35,0.0,0.0,0.0,1.0,0.0,8,8,4,True,conv-30,ablation_80
mem0,mem0+HindsightTag,True,0,21600.0,6048000.0,0.7,0.15,0.0,28800.0,0.1,1.0,0.35,0.0,0.0,0.0,1.0,0.0,8,8,4,True,conv-30,ablation_81
mem0,mem0+HindsightTag,True,0,21600.0,6048000.0,0.7,0.3,0.0,28800.0,0.1,1.0,0.35,0.0,0.0,0.0,1.0,0.0,8,8,4,True,conv-30,ablation_82
mem0,mem0+HindsightTag,True,0,21600.0,6048000.0,0.9,0.05,0.0,28800.0,0.1,1.0,0.35,0.0,0.0,0.0,1.0,0.0,8,8,4,True,conv-30,ablation_83
mem0,mem0+HindsightTag,True,0,21600.0,6048000.0,0.9,0.15,0.0,28800.0,0.1,1.0,0.35,0.0,0.0,0.0,1.0,0.0,8,8,4,True,conv-30,ablation_84
mem0,mem0+HindsightTag,True,0,21600.0,6048000.0,0.9,0.3,0.0,28800.0,0.1,1.0,0.35,0.0,0.0,0.0,1.0,0.0,8,8,4,True,conv-30,ablation_85
vector_store,vector_store,False,0,21600.0,3024000.0,0.7,0.1,0.0,14400.0,0.1,1.0,0.35,0.0,0.0,0.0,,0.0,8,8,0,,conv-30,baseline
vector_store,vector_store+HindsightTag,True,0,21600.0,3024000.0,0.7,0.1,0.0,14400.0,0.1,1.0,0.35,0.25,0.0,0.25,1.0,0.125,8,8,4,,conv-30,ablation_0
vector_store,vector_store+HindsightTag,True,0,21600.0,3024000.0,0.7,0.1,0.25,14400.0,0.1,1.0,0.35,0.25,0.0,0.25,1.0,0.125,8,8,4,,conv-30,ablation_1
vector_store,vector_store+HindsightTag,True,0,21600.0,3024000.0,0.7,0.1,0.5,14400.0,0.1,1.0,0.35,0.25,0.0,0.25,1.0,0.125,8,8,4,,conv-30,ablation_2
vector_store,vector_store+HindsightTag,True,0,21600.0,3024000.0,0.7,0.1,0.75,14400.0,0.1,1.0,0.35,0.25,0.0,0.25,1.0,0.125,8,8,4,,conv-30,ablation_3
vector_store,vector_store+HindsightTag,True,0,21600.0,3024000.0,0.7,0.1,1.0,14400.0,0.1,1.0,0.35,0.25,0.0,0.25,1.0,0.0,8,8,4,,conv-30,ablation_4
vector_store,vector_store+HindsightTag,True,0,21600.0,756000.0,0.5,0.05,0.0,7200.0,0.1,1.0,0.35,0.25,0.0,0.25,1.0,0.125,8,8,4,,conv-30,ablation_5
vector_store,vector_store+HindsightTag,True,0,21600.0,756000.0,0.5,0.15,0.0,7200.0,0.1,1.0,0.35,0.25,0.0,0.25,1.0,0.125,8,8,4,,conv-30,ablation_6
vector_store,vector_store+HindsightTag,True,0,21600.0,756000.0,0.5,0.3,0.0,7200.0,0.1,1.0,0.35,0.0,0.0,0.0,1.0,0.0,8,8,4,,conv-30,ablation_7
vector_store,vector_store+HindsightTag,True,0,21600.0,756000.0,0.7,0.05,0.0,7200.0,0.1,1.0,0.35,0.25,0.0,0.25,1.0,0.125,8,8,4,,conv-30,ablation_8
vector_store,vector_store+HindsightTag,True,0,21600.0,756000.0,0.7,0.15,0.0,7200.0,0.1,1.0,0.35,0.25,0.0,0.25,1.0,0.125,8,8,4,,conv-30,ablation_9
vector_store,vector_store+HindsightTag,True,0,21600.0,756000.0,0.7,0.3,0.0,7200.0,0.1,1.0,0.35,0.0,0.0,0.0,1.0,0.0,8,8,4,,conv-30,ablation_10
vector_store,vector_store+HindsightTag,True,0,21600.0,756000.0,0.9,0.05,0.0,7200.0,0.1,1.0,0.35,0.25,0.0,0.25,1.0,0.125,8,8,4,,conv-30,ablation_11
vector_store,vector_store+HindsightTag,True,0,21600.0,756000.0,0.9,0.15,0.0,7200.0,0.1,1.0,0.35,0.25,0.0,0.25,1.0,0.125,8,8,4,,conv-30,ablation_12
vector_store,vector_store+HindsightTag,True,0,21600.0,756000.0,0.9,0.3,0.0,7200.0,0.1,1.0,0.35,0.0,0.0,0.0,1.0,0.0,8,8,4,,conv-30,ablation_13
vector_store,vector_store+HindsightTag,True,0,21600.0,756000.0,0.5,0.05,0.0,14400.0,0.1,1.0,0.35,0.25,0.0,0.25,1.0,0.125,8,8,4,,conv-30,ablation_14
vector_store,vector_store+HindsightTag,True,0,21600.0,756000.0,0.5,0.15,0.0,14400.0,0.1,1.0,0.35,0.25,0.0,0.25,1.0,0.125,8,8,4,,conv-30,ablation_15
vector_store,vector_store+HindsightTag,True,0,21600.0,756000.0,0.5,0.3,0.0,14400.0,0.1,1.0,0.35,0.0,0.0,0.0,1.0,0.0,8,8,4,,conv-30,ablation_16
vector_store,vector_store+HindsightTag,True,0,21600.0,756000.0,0.7,0.05,0.0,14400.0,0.1,1.0,0.35,0.25,0.0,0.25,1.0,0.125,8,8,4,,conv-30,ablation_17
vector_store,vector_store+HindsightTag,True,0,21600.0,756000.0,0.7,0.15,0.0,14400.0,0.1,1.0,0.35,0.25,0.0,0.25,1.0,0.125,8,8,4,,conv-30,ablation_18
vector_store,vector_store+HindsightTag,True,0,21600.0,756000.0,0.7,0.3,0.0,14400.0,0.1,1.0,0.35,0.0,0.0,0.0,1.0,0.0,8,8,4,,conv-30,ablation_19
vector_store,vector_store+HindsightTag,True,0,21600.0,756000.0,0.9,0.05,0.0,14400.0,0.1,1.0,0.35,0.25,0.0,0.25,1.0,0.125,8,8,4,,conv-30,ablation_20
vector_store,vector_store+HindsightTag,True,0,21600.0,756000.0,0.9,0.15,0.0,14400.0,0.1,1.0,0.35,0.25,0.0,0.25,1.0,0.125,8,8,4,,conv-30,ablation_21
vector_store,vector_store+HindsightTag,True,0,21600.0,756000.0,0.9,0.3,0.0,14400.0,0.1,1.0,0.35,0.0,0.0,0.0,1.0,0.0,8,8,4,,conv-30,ablation_22
vector_store,vector_store+HindsightTag,True,0,21600.0,756000.0,0.5,0.05,0.0,28800.0,0.1,1.0,0.35,0.25,0.0,0.25,1.0,0.125,8,8,4,,conv-30,ablation_23
vector_store,vector_store+HindsightTag,True,0,21600.0,756000.0,0.5,0.15,0.0,28800.0,0.1,1.0,0.35,0.25,0.0,0.25,1.0,0.125,8,8,4,,conv-30,ablation_24
vector_store,vector_store+HindsightTag,True,0,21600.0,756000.0,0.5,0.3,0.0,28800.0,0.1,1.0,0.35,0.0,0.0,0.0,1.0,0.0,8,8,4,,conv-30,ablation_25
vector_store,vector_store+HindsightTag,True,0,21600.0,756000.0,0.7,0.05,0.0,28800.0,0.1,1.0,0.35,0.25,0.0,0.25,1.0,0.125,8,8,4,,conv-30,ablation_26
vector_store,vector_store+HindsightTag,True,0,21600.0,756000.0,0.7,0.15,0.0,28800.0,0.1,1.0,0.35,0.25,0.0,0.25,1.0,0.125,8,8,4,,conv-30,ablation_27
vector_store,vector_store+HindsightTag,True,0,21600.0,756000.0,0.7,0.3,0.0,28800.0,0.1,1.0,0.35,0.0,0.0,0.0,1.0,0.0,8,8,4,,conv-30,ablation_28
vector_store,vector_store+HindsightTag,True,0,21600.0,756000.0,0.9,0.05,0.0,28800.0,0.1,1.0,0.35,0.25,0.0,0.25,1.0,0.125,8,8,4,,conv-30,ablation_29
vector_store,vector_store+HindsightTag,True,0,21600.0,756000.0,0.9,0.15,0.0,28800.0,0.1,1.0,0.35,0.25,0.0,0.25,1.0,0.125,8,8,4,,conv-30,ablation_30
vector_store,vector_store+HindsightTag,True,0,21600.0,756000.0,0.9,0.3,0.0,28800.0,0.1,1.0,0.35,0.0,0.0,0.0,1.0,0.0,8,8,4,,conv-30,ablation_31
vector_store,vector_store+HindsightTag,True,0,21600.0,3024000.0,0.5,0.05,0.0,7200.0,0.1,1.0,0.35,0.25,0.0,0.25,1.0,0.125,8,8,4,,conv-30,ablation_32
vector_store,vector_store+HindsightTag,True,0,21600.0,3024000.0,0.5,0.15,0.0,7200.0,0.1,1.0,0.35,0.25,0.0,0.25,1.0,0.125,8,8,4,,conv-30,ablation_33
vector_store,vector_store+HindsightTag,True,0,21600.0,3024000.0,0.5,0.3,0.0,7200.0,0.1,1.0,0.35,0.0,0.0,0.0,1.0,0.0,8,8,4,,conv-30,ablation_34
vector_store,vector_store+HindsightTag,True,0,21600.0,3024000.0,0.7,0.05,0.0,7200.0,0.1,1.0,0.35,0.25,0.0,0.25,1.0,0.125,8,8,4,,conv-30,ablation_35
vector_store,vector_store+HindsightTag,True,0,21600.0,3024000.0,0.7,0.15,0.0,7200.0,0.1,1.0,0.35,0.25,0.0,0.25,1.0,0.125,8,8,4,,conv-30,ablation_36
vector_store,vector_store+HindsightTag,True,0,21600.0,3024000.0,0.7,0.3,0.0,7200.0,0.1,1.0,0.35,0.0,0.0,0.0,1.0,0.0,8,8,4,,conv-30,ablation_37
vector_store,vector_store+HindsightTag,True,0,21600.0,3024000.0,0.9,0.05,0.0,7200.0,0.1,1.0,0.35,0.25,0.0,0.25,1.0,0.125,8,8,4,,conv-30,ablation_38
vector_store,vector_store+HindsightTag,True,0,21600.0,3024000.0,0.9,0.15,0.0,7200.0,0.1,1.0,0.35,0.25,0.0,0.25,1.0,0.125,8,8,4,,conv-30,ablation_39
vector_store,vector_store+HindsightTag,True,0,21600.0,3024000.0,0.9,0.3,0.0,7200.0,0.1,1.0,0.35,0.0,0.0,0.0,1.0,0.0,8,8,4,,conv-30,ablation_40
vector_store,vector_store+HindsightTag,True,0,21600.0,3024000.0,0.5,0.05,0.0,14400.0,0.1,1.0,0.35,0.25,0.0,0.25,1.0,0.125,8,8,4,,conv-30,ablation_41
vector_store,vector_store+HindsightTag,True,0,21600.0,3024000.0,0.5,0.15,0.0,14400.0,0.1,1.0,0.35,0.25,0.0,0.25,1.0,0.125,8,8,4,,conv-30,ablation_42
vector_store,vector_store+HindsightTag,True,0,21600.0,3024000.0,0.5,0.3,0.0,14400.0,0.1,1.0,0.35,0.0,0.0,0.0,1.0,0.0,8,8,4,,conv-30,ablation_43
vector_store,vector_store+HindsightTag,True,0,21600.0,3024000.0,0.7,0.05,0.0,14400.0,0.1,1.0,0.35,0.25,0.0,0.25,1.0,0.125,8,8,4,,conv-30,ablation_44
vector_store,vector_store+HindsightTag,True,0,21600.0,3024000.0,0.7,0.15,0.0,14400.0,0.1,1.0,0.35,0.25,0.0,0.25,1.0,0.125,8,8,4,,conv-30,ablation_45
vector_store,vector_store+HindsightTag,True,0,21600.0,3024000.0,0.7,0.3,0.0,14400.0,0.1,1.0,0.35,0.0,0.0,0.0,1.0,0.0,8,8,4,,conv-30,ablation_46
vector_store,vector_store+HindsightTag,True,0,21600.0,3024000.0,0.9,0.05,0.0,14400.0,0.1,1.0,0.35,0.25,0.0,0.25,1.0,0.125,8,8,4,,conv-30,ablation_47
vector_store,vector_store+HindsightTag,True,0,21600.0,3024000.0,0.9,0.15,0.0,14400.0,0.1,1.0,0.35,0.25,0.0,0.25,1.0,0.125,8,8,4,,conv-30,ablation_48
vector_store,vector_store+HindsightTag,True,0,21600.0,3024000.0,0.9,0.3,0.0,14400.0,0.1,1.0,0.35,0.0,0.0,0.0,1.0,0.0,8,8,4,,conv-30,ablation_49
vector_store,vector_store+HindsightTag,True,0,21600.0,3024000.0,0.5,0.05,0.0,28800.0,0.1,1.0,0.35,0.25,0.0,0.25,1.0,0.125,8,8,4,,conv-30,ablation_50
vector_store,vector_store+HindsightTag,True,0,21600.0,3024000.0,0.5,0.15,0.0,28800.0,0.1,1.0,0.35,0.25,0.0,0.25,1.0,0.125,8,8,4,,conv-30,ablation_51
vector_store,vector_store+HindsightTag,True,0,21600.0,3024000.0,0.5,0.3,0.0,28800.0,0.1,1.0,0.35,0.0,0.0,0.0,1.0,0.0,8,8,4,,conv-30,ablation_52
vector_store,vector_store+HindsightTag,True,0,21600.0,3024000.0,0.7,0.05,0.0,28800.0,0.1,1.0,0.35,0.25,0.0,0.25,1.0,0.125,8,8,4,,conv-30,ablation_53
vector_store,vector_store+HindsightTag,True,0,21600.0,3024000.0,0.7,0.15,0.0,28800.0,0.1,1.0,0.35,0.25,0.0,0.25,1.0,0.125,8,8,4,,conv-30,ablation_54
vector_store,vector_store+HindsightTag,True,0,21600.0,3024000.0,0.7,0.3,0.0,28800.0,0.1,1.0,0.35,0.0,0.0,0.0,1.0,0.0,8,8,4,,conv-30,ablation_55
vector_store,vector_store+HindsightTag,True,0,21600.0,3024000.0,0.9,0.05,0.0,28800.0,0.1,1.0,0.35,0.25,0.0,0.25,1.0,0.125,8,8,4,,conv-30,ablation_56
vector_store,vector_store+HindsightTag,True,0,21600.0,3024000.0,0.9,0.15,0.0,28800.0,0.1,1.0,0.35,0.25,0.0,0.25,1.0,0.125,8,8,4,,conv-30,ablation_57
vector_store,vector_store+HindsightTag,True,0,21600.0,3024000.0,0.9,0.3,0.0,28800.0,0.1,1.0,0.35,0.0,0.0,0.0,1.0,0.0,8,8,4,,conv-30,ablation_58
vector_store,vector_store+HindsightTag,True,0,21600.0,6048000.0,0.5,0.05,0.0,7200.0,0.1,1.0,0.35,0.25,0.0,0.25,1.0,0.125,8,8,4,,conv-30,ablation_59
vector_store,vector_store+HindsightTag,True,0,21600.0,6048000.0,0.5,0.15,0.0,7200.0,0.1,1.0,0.35,0.25,0.0,0.25,1.0,0.125,8,8,4,,conv-30,ablation_60
vector_store,vector_store+HindsightTag,True,0,21600.0,6048000.0,0.5,0.3,0.0,7200.0,0.1,1.0,0.35,0.0,0.0,0.0,1.0,0.0,8,8,4,,conv-30,ablation_61
vector_store,vector_store+HindsightTag,True,0,21600.0,6048000.0,0.7,0.05,0.0,7200.0,0.1,1.0,0.35,0.25,0.0,0.25,1.0,0.125,8,8,4,,conv-30,ablation_62
vector_store,vector_store+HindsightTag,True,0,21600.0,6048000.0,0.7,0.15,0.0,7200.0,0.1,1.0,0.35,0.25,0.0,0.25,1.0,0.125,8,8,4,,conv-30,ablation_63
vector_store,vector_store+HindsightTag,True,0,21600.0,6048000.0,0.7,0.3,0.0,7200.0,0.1,1.0,0.35,0.0,0.0,0.0,1.0,0.0,8,8,4,,conv-30,ablation_64
vector_store,vector_store+HindsightTag,True,0,21600.0,6048000.0,0.9,0.05,0.0,7200.0,0.1,1.0,0.35,0.25,0.0,0.25,1.0,0.125,8,8,4,,conv-30,ablation_65
vector_store,vector_store+HindsightTag,True,0,21600.0,6048000.0,0.9,0.15,0.0,7200.0,0.1,1.0,0.35,0.25,0.0,0.25,1.0,0.125,8,8,4,,conv-30,ablation_66
vector_store,vector_store+HindsightTag,True,0,21600.0,6048000.0,0.9,0.3,0.0,7200.0,0.1,1.0,0.35,0.0,0.0,0.0,1.0,0.0,8,8,4,,conv-30,ablation_67
vector_store,vector_store+HindsightTag,True,0,21600.0,6048000.0,0.5,0.05,0.0,14400.0,0.1,1.0,0.35,0.25,0.0,0.25,1.0,0.125,8,8,4,,conv-30,ablation_68
vector_store,vector_store+HindsightTag,True,0,21600.0,6048000.0,0.5,0.15,0.0,14400.0,0.1,1.0,0.35,0.25,0.0,0.25,1.0,0.125,8,8,4,,conv-30,ablation_69
vector_store,vector_store+HindsightTag,True,0,21600.0,6048000.0,0.5,0.3,0.0,14400.0,0.1,1.0,0.35,0.0,0.0,0.0,1.0,0.0,8,8,4,,conv-30,ablation_70
vector_store,vector_store+HindsightTag,True,0,21600.0,6048000.0,0.7,0.05,0.0,14400.0,0.1,1.0,0.35,0.25,0.0,0.25,1.0,0.125,8,8,4,,conv-30,ablation_71
vector_store,vector_store+HindsightTag,True,0,21600.0,6048000.0,0.7,0.15,0.0,14400.0,0.1,1.0,0.35,0.25,0.0,0.25,1.0,0.125,8,8,4,,conv-30,ablation_72
vector_store,vector_store+HindsightTag,True,0,21600.0,6048000.0,0.7,0.3,0.0,14400.0,0.1,1.0,0.35,0.0,0.0,0.0,1.0,0.0,8,8,4,,conv-30,ablation_73
vector_store,vector_store+HindsightTag,True,0,21600.0,6048000.0,0.9,0.05,0.0,14400.0,0.1,1.0,0.35,0.25,0.0,0.25,1.0,0.125,8,8,4,,conv-30,ablation_74
vector_store,vector_store+HindsightTag,True,0,21600.0,6048000.0,0.9,0.15,0.0,14400.0,0.1,1.0,0.35,0.25,0.0,0.25,1.0,0.125,8,8,4,,conv-30,ablation_75
vector_store,vector_store+HindsightTag,True,0,21600.0,6048000.0,0.9,0.3,0.0,14400.0,0.1,1.0,0.35,0.0,0.0,0.0,1.0,0.0,8,8,4,,conv-30,ablation_76
vector_store,vector_store+HindsightTag,True,0,21600.0,6048000.0,0.5,0.05,0.0,28800.0,0.1,1.0,0.35,0.25,0.0,0.25,1.0,0.125,8,8,4,,conv-30,ablation_77
vector_store,vector_store+HindsightTag,True,0,21600.0,6048000.0,0.5,0.15,0.0,28800.0,0.1,1.0,0.35,0.25,0.0,0.25,1.0,0.125,8,8,4,,conv-30,ablation_78
vector_store,vector_store+HindsightTag,True,0,21600.0,6048000.0,0.5,0.3,0.0,28800.0,0.1,1.0,0.35,0.0,0.0,0.0,1.0,0.0,8,8,4,,conv-30,ablation_79
vector_store,vector_store+HindsightTag,True,0,21600.0,6048000.0,0.7,0.05,0.0,28800.0,0.1,1.0,0.35,0.25,0.0,0.25,1.0,0.125,8,8,4,,conv-30,ablation_80
vector_store,vector_store+HindsightTag,True,0,21600.0,6048000.0,0.7,0.15,0.0,28800.0,0.1,1.0,0.35,0.25,0.0,0.25,1.0,0.125,8,8,4,,conv-30,ablation_81
vector_store,vector_store+HindsightTag,True,0,21600.0,6048000.0,0.7,0.3,0.0,28800.0,0.1,1.0,0.35,0.0,0.0,0.0,1.0,0.0,8,8,4,,conv-30,ablation_82
vector_store,vector_store+HindsightTag,True,0,21600.0,6048000.0,0.9,0.05,0.0,28800.0,0.1,1.0,0.35,0.25,0.0,0.25,1.0,0.125,8,8,4,,conv-30,ablation_83
vector_store,vector_store+HindsightTag,True,0,21600.0,6048000.0,0.9,0.15,0.0,28800.0,0.1,1.0,0.35,0.25,0.0,0.25,1.0,0.125,8,8,4,,conv-30,ablation_84
vector_store,vector_store+HindsightTag,True,0,21600.0,6048000.0,0.9,0.3,0.0,28800.0,0.1,1.0,0.35,0.0,0.0,0.0,1.0,0.0,8,8,4,,conv-30,ablation_85
mem0,mem0,False,1,21600.0,3024000.0,0.7,0.1,0.0,14400.0,0.1,1.0,0.35,0.0,0.0,0.0,,0.0,8,8,0,True,conv-30,baseline
mem0,mem0+HindsightTag,True,1,21600.0,3024000.0,0.7,0.1,0.0,14400.0,0.1,1.0,0.35,0.0,0.0,0.0,1.0,0.0,8,8,4,True,conv-30,ablation_0
mem0,mem0+HindsightTag,True,1,21600.0,3024000.0,0.7,0.1,0.25,14400.0,0.1,1.0,0.35,0.0,0.0,0.0,1.0,0.0,8,8,4,True,conv-30,ablation_1
mem0,mem0+HindsightTag,True,1,21600.0,3024000.0,0.7,0.1,0.5,14400.0,0.1,1.0,0.35,0.0,0.0,0.0,1.0,0.0,8,8,4,True,conv-30,ablation_2
mem0,mem0+HindsightTag,True,1,21600.0,3024000.0,0.7,0.1,0.75,14400.0,0.1,1.0,0.35,0.0,0.0,0.0,1.0,0.0,8,8,4,True,conv-30,ablation_3
mem0,mem0+HindsightTag,True,1,21600.0,3024000.0,0.7,0.1,1.0,14400.0,0.1,1.0,0.35,0.0,0.0,0.0,1.0,0.0,8,8,4,True,conv-30,ablation_4
mem0,mem0+HindsightTag,True,1,21600.0,756000.0,0.5,0.05,0.0,7200.0,0.1,1.0,0.35,0.0,0.0,0.0,1.0,0.0,8,8,4,True,conv-30,ablation_5
mem0,mem0+HindsightTag,True,1,21600.0,756000.0,0.5,0.15,0.0,7200.0,0.1,1.0,0.35,0.0,0.0,0.0,1.0,0.0,8,8,4,True,conv-30,ablation_6
mem0,mem0+HindsightTag,True,1,21600.0,756000.0,0.5,0.3,0.0,7200.0,0.1,1.0,0.35,0.0,0.0,0.0,1.0,0.0,8,8,4,True,conv-30,ablation_7
mem0,mem0+HindsightTag,True,1,21600.0,756000.0,0.7,0.05,0.0,7200.0,0.1,1.0,0.35,0.0,0.0,0.0,1.0,0.0,8,8,4,True,conv-30,ablation_8
mem0,mem0+HindsightTag,True,1,21600.0,756000.0,0.7,0.15,0.0,7200.0,0.1,1.0,0.35,0.0,0.0,0.0,1.0,0.0,8,8,4,True,conv-30,ablation_9
mem0,mem0+HindsightTag,True,1,21600.0,756000.0,0.7,0.3,0.0,7200.0,0.1,1.0,0.35,0.0,0.0,0.0,1.0,0.0,8,8,4,True,conv-30,ablation_10
mem0,mem0+HindsightTag,True,1,21600.0,756000.0,0.9,0.05,0.0,7200.0,0.1,1.0,0.35,0.0,0.0,0.0,1.0,0.0,8,8,4,True,conv-30,ablation_11
mem0,mem0+HindsightTag,True,1,21600.0,756000.0,0.9,0.15,0.0,7200.0,0.1,1.0,0.35,0.0,0.0,0.0,1.0,0.0,8,8,4,True,conv-30,ablation_12
mem0,mem0+HindsightTag,True,1,21600.0,756000.0,0.9,0.3,0.0,7200.0,0.1,1.0,0.35,0.0,0.0,0.0,1.0,0.0,8,8,4,True,conv-30,ablation_13
mem0,mem0+HindsightTag,True,1,21600.0,756000.0,0.5,0.05,0.0,14400.0,0.1,1.0,0.35,0.0,0.0,0.0,1.0,0.0,8,8,4,True,conv-30,ablation_14
mem0,mem0+HindsightTag,True,1,21600.0,756000.0,0.5,0.15,0.0,14400.0,0.1,1.0,0.35,0.0,0.0,0.0,1.0,0.0,8,8,4,True,conv-30,ablation_15
mem0,mem0+HindsightTag,True,1,21600.0,756000.0,0.5,0.3,0.0,14400.0,0.1,1.0,0.35,0.0,0.0,0.0,1.0,0.0,8,8,4,True,conv-30,ablation_16
mem0,mem0+HindsightTag,True,1,21600.0,756000.0,0.7,0.05,0.0,14400.0,0.1,1.0,0.35,0.0,0.0,0.0,1.0,0.0,8,8,4,True,conv-30,ablation_17
mem0,mem0+HindsightTag,True,1,21600.0,756000.0,0.7,0.15,0.0,14400.0,0.1,1.0,0.35,0.0,0.0,0.0,1.0,0.0,8,8,4,True,conv-30,ablation_18
mem0,mem0+HindsightTag,True,1,21600.0,756000.0,0.7,0.3,0.0,14400.0,0.1,1.0,0.35,0.0,0.0,0.0,1.0,0.0,8,8,4,True,conv-30,ablation_19
mem0,mem0+HindsightTag,True,1,21600.0,756000.0,0.9,0.05,0.0,14400.0,0.1,1.0,0.35,0.0,0.0,0.0,1.0,0.0,8,8,4,True,conv-30,ablation_20
mem0,mem0+HindsightTag,True,1,21600.0,756000.0,0.9,0.15,0.0,14400.0,0.1,1.0,0.35,0.0,0.0,0.0,1.0,0.0,8,8,4,True,conv-30,ablation_21
mem0,mem0+HindsightTag,True,1,21600.0,756000.0,0.9,0.3,0.0,14400.0,0.1,1.0,0.35,0.0,0.0,0.0,1.0,0.0,8,8,4,True,conv-30,ablation_22
mem0,mem0+HindsightTag,True,1,21600.0,756000.0,0.5,0.05,0.0,28800.0,0.1,1.0,0.35,0.0,0.0,0.0,1.0,0.0,8,8,4,True,conv-30,ablation_23
mem0,mem0+HindsightTag,True,1,21600.0,756000.0,0.5,0.15,0.0,28800.0,0.1,1.0,0.35,0.0,0.0,0.0,1.0,0.0,8,8,4,True,conv-30,ablation_24
mem0,mem0+HindsightTag,True,1,21600.0,756000.0,0.5,0.3,0.0,28800.0,0.1,1.0,0.35,0.0,0.0,0.0,1.0,0.0,8,8,4,True,conv-30,ablation_25
mem0,mem0+HindsightTag,True,1,21600.0,756000.0,0.7,0.05,0.0,28800.0,0.1,1.0,0.35,0.0,0.0,0.0,1.0,0.0,8,8,4,True,conv-30,ablation_26
mem0,mem0+HindsightTag,True,1,21600.0,756000.0,0.7,0.15,0.0,28800.0,0.1,1.0,0.35,0.0,0.0,0.0,1.0,0.0,8,8,4,True,conv-30,ablation_27
mem0,mem0+HindsightTag,True,1,21600.0,756000.0,0.7,0.3,0.0,28800.0,0.1,1.0,0.35,0.0,0.0,0.0,1.0,0.0,8,8,4,True,conv-30,ablation_28
mem0,mem0+HindsightTag,True,1,21600.0,756000.0,0.9,0.05,0.0,28800.0,0.1,1.0,0.35,0.0,0.0,0.0,1.0,0.0,8,8,4,True,conv-30,ablation_29
mem0,mem0+HindsightTag,True,1,21600.0,756000.0,0.9,0.15,0.0,28800.0,0.1,1.0,0.35,0.0,0.0,0.0,1.0,0.0,8,8,4,True,conv-30,ablation_30
mem0,mem0+HindsightTag,True,1,21600.0,756000.0,0.9,0.3,0.0,28800.0,0.1,1.0,0.35,0.0,0.0,0.0,1.0,0.0,8,8,4,True,conv-30,ablation_31
mem0,mem0+HindsightTag,True,1,21600.0,3024000.0,0.5,0.05,0.0,7200.0,0.1,1.0,0.35,0.0,0.0,0.0,1.0,0.0,8,8,4,True,conv-30,ablation_32
mem0,mem0+HindsightTag,True,1,21600.0,3024000.0,0.5,0.15,0.0,7200.0,0.1,1.0,0.35,0.0,0.0,0.0,1.0,0.0,8,8,4,True,conv-30,ablation_33
mem0,mem0+HindsightTag,True,1,21600.0,3024000.0,0.5,0.3,0.0,7200.0,0.1,1.0,0.35,0.0,0.0,0.0,1.0,0.0,8,8,4,True,conv-30,ablation_34
mem0,mem0+HindsightTag,True,1,21600.0,3024000.0,0.7,0.05,0.0,7200.0,0.1,1.0,0.35,0.0,0.0,0.0,1.0,0.0,8,8,4,True,conv-30,ablation_35
mem0,mem0+HindsightTag,True,1,21600.0,3024000.0,0.7,0.15,0.0,7200.0,0.1,1.0,0.35,0.0,0.0,0.0,1.0,0.0,8,8,4,True,conv-30,ablation_36
mem0,mem0+HindsightTag,True,1,21600.0,3024000.0,0.7,0.3,0.0,7200.0,0.1,1.0,0.35,0.0,0.0,0.0,1.0,0.0,8,8,4,True,conv-30,ablation_37
mem0,mem0+HindsightTag,True,1,21600.0,3024000.0,0.9,0.05,0.0,7200.0,0.1,1.0,0.35,0.0,0.0,0.0,1.0,0.0,8,8,4,True,conv-30,ablation_38
mem0,mem0+HindsightTag,True,1,21600.0,3024000.0,0.9,0.15,0.0,7200.0,0.1,1.0,0.35,0.0,0.0,0.0,1.0,0.0,8,8,4,True,conv-30,ablation_39
mem0,mem0+HindsightTag,True,1,21600.0,3024000.0,0.9,0.3,0.0,7200.0,0.1,1.0,0.35,0.0,0.0,0.0,1.0,0.0,8,8,4,True,conv-30,ablation_40
mem0,mem0+HindsightTag,True,1,21600.0,3024000.0,0.5,0.05,0.0,14400.0,0.1,1.0,0.35,0.0,0.0,0.0,1.0,0.0,8,8,4,True,conv-30,ablation_41
mem0,mem0+HindsightTag,True,1,21600.0,3024000.0,0.5,0.15,0.0,14400.0,0.1,1.0,0.35,0.0,0.0,0.0,1.0,0.0,8,8,4,True,conv-30,ablation_42
mem0,mem0+HindsightTag,True,1,21600.0,3024000.0,0.5,0.3,0.0,14400.0,0.1,1.0,0.35,0.0,0.0,0.0,1.0,0.0,8,8,4,True,conv-30,ablation_43
mem0,mem0+HindsightTag,True,1,21600.0,3024000.0,0.7,0.05,0.0,14400.0,0.1,1.0,0.35,0.0,0.0,0.0,1.0,0.0,8,8,4,True,conv-30,ablation_44
mem0,mem0+HindsightTag,True,1,21600.0,3024000.0,0.7,0.15,0.0,14400.0,0.1,1.0,0.35,0.0,0.0,0.0,1.0,0.0,8,8,4,True,conv-30,ablation_45
mem0,mem0+HindsightTag,True,1,21600.0,3024000.0,0.7,0.3,0.0,14400.0,0.1,1.0,0.35,0.0,0.0,0.0,1.0,0.0,8,8,4,True,conv-30,ablation_46
mem0,mem0+HindsightTag,True,1,21600.0,3024000.0,0.9,0.05,0.0,14400.0,0.1,1.0,0.35,0.0,0.0,0.0,1.0,0.0,8,8,4,True,conv-30,ablation_47
mem0,mem0+HindsightTag,True,1,21600.0,3024000.0,0.9,0.15,0.0,14400.0,0.1,1.0,0.35,0.0,0.0,0.0,1.0,0.0,8,8,4,True,conv-30,ablation_48
mem0,mem0+HindsightTag,True,1,21600.0,3024000.0,0.9,0.3,0.0,14400.0,0.1,1.0,0.35,0.0,0.0,0.0,1.0,0.0,8,8,4,True,conv-30,ablation_49
mem0,mem0+HindsightTag,True,1,21600.0,3024000.0,0.5,0.05,0.0,28800.0,0.1,1.0,0.35,0.0,0.0,0.0,1.0,0.0,8,8,4,True,conv-30,ablation_50
mem0,mem0+HindsightTag,True,1,21600.0,3024000.0,0.5,0.15,0.0,28800.0,0.1,1.0,0.35,0.0,0.0,0.0,1.0,0.0,8,8,4,True,conv-30,ablation_51
mem0,mem0+HindsightTag,True,1,21600.0,3024000.0,0.5,0.3,0.0,28800.0,0.1,1.0,0.35,0.0,0.0,0.0,1.0,0.0,8,8,4,True,conv-30,ablation_52
mem0,mem0+HindsightTag,True,1,21600.0,3024000.0,0.7,0.05,0.0,28800.0,0.1,1.0,0.35,0.0,0.0,0.0,1.0,0.0,8,8,4,True,conv-30,ablation_53
mem0,mem0+HindsightTag,True,1,21600.0,3024000.0,0.7,0.15,0.0,28800.0,0.1,1.0,0.35,0.0,0.0,0.0,1.0,0.0,8,8,4,True,conv-30,ablation_54
mem0,mem0+HindsightTag,True,1,21600.0,3024000.0,0.7,0.3,0.0,28800.0,0.1,1.0,0.35,0.0,0.0,0.0,1.0,0.0,8,8,4,True,conv-30,ablation_55
mem0,mem0+HindsightTag,True,1,21600.0,3024000.0,0.9,0.05,0.0,28800.0,0.1,1.0,0.35,0.0,0.0,0.0,1.0,0.0,8,8,4,True,conv-30,ablation_56
mem0,mem0+HindsightTag,True,1,21600.0,3024000.0,0.9,0.15,0.0,28800.0,0.1,1.0,0.35,0.0,0.0,0.0,1.0,0.0,8,8,4,True,conv-30,ablation_57
mem0,mem0+HindsightTag,True,1,21600.0,3024000.0,0.9,0.3,0.0,28800.0,0.1,1.0,0.35,0.0,0.0,0.0,1.0,0.0,8,8,4,True,conv-30,ablation_58
mem0,mem0+HindsightTag,True,1,21600.0,6048000.0,0.5,0.05,0.0,7200.0,0.1,1.0,0.35,0.0,0.0,0.0,1.0,0.0,8,8,4,True,conv-30,ablation_59
mem0,mem0+HindsightTag,True,1,21600.0,6048000.0,0.5,0.15,0.0,7200.0,0.1,1.0,0.35,0.0,0.0,0.0,1.0,0.0,8,8,4,True,conv-30,ablation_60
mem0,mem0+HindsightTag,True,1,21600.0,6048000.0,0.5,0.3,0.0,7200.0,0.1,1.0,0.35,0.0,0.0,0.0,1.0,0.0,8,8,4,True,conv-30,ablation_61
mem0,mem0+HindsightTag,True,1,21600.0,6048000.0,0.7,0.05,0.0,7200.0,0.1,1.0,0.35,0.0,0.0,0.0,1.0,0.0,8,8,4,True,conv-30,ablation_62
mem0,mem0+HindsightTag,True,1,21600.0,6048000.0,0.7,0.15,0.0,7200.0,0.1,1.0,0.35,0.0,0.0,0.0,1.0,0.0,8,8,4,True,conv-30,ablation_63
mem0,mem0+HindsightTag,True,1,21600.0,6048000.0,0.7,0.3,0.0,7200.0,0.1,1.0,0.35,0.0,0.0,0.0,1.0,0.0,8,8,4,True,conv-30,ablation_64
mem0,mem0+HindsightTag,True,1,21600.0,6048000.0,0.9,0.05,0.0,7200.0,0.1,1.0,0.35,0.0,0.0,0.0,1.0,0.0,8,8,4,True,conv-30,ablation_65
mem0,mem0+HindsightTag,True,1,21600.0,6048000.0,0.9,0.15,0.0,7200.0,0.1,1.0,0.35,0.0,0.0,0.0,1.0,0.0,8,8,4,True,conv-30,ablation_66
mem0,mem0+HindsightTag,True,1,21600.0,6048000.0,0.9,0.3,0.0,7200.0,0.1,1.0,0.35,0.0,0.0,0.0,1.0,0.0,8,8,4,True,conv-30,ablation_67
mem0,mem0+HindsightTag,True,1,21600.0,6048000.0,0.5,0.05,0.0,14400.0,0.1,1.0,0.35,0.0,0.0,0.0,1.0,0.0,8,8,4,True,conv-30,ablation_68
mem0,mem0+HindsightTag,True,1,21600.0,6048000.0,0.5,0.15,0.0,14400.0,0.1,1.0,0.35,0.0,0.0,0.0,1.0,0.0,8,8,4,True,conv-30,ablation_69
mem0,mem0+HindsightTag,True,1,21600.0,6048000.0,0.5,0.3,0.0,14400.0,0.1,1.0,0.35,0.0,0.0,0.0,1.0,0.0,8,8,4,True,conv-30,ablation_70
mem0,mem0+HindsightTag,True,1,21600.0,6048000.0,0.7,0.05,0.0,14400.0,0.1,1.0,0.35,0.0,0.0,0.0,1.0,0.0,8,8,4,True,conv-30,ablation_71
mem0,mem0+HindsightTag,True,1,21600.0,6048000.0,0.7,0.15,0.0,14400.0,0.1,1.0,0.35,0.0,0.0,0.0,1.0,0.0,8,8,4,True,conv-30,ablation_72
mem0,mem0+HindsightTag,True,1,21600.0,6048000.0,0.7,0.3,0.0,14400.0,0.1,1.0,0.35,0.0,0.0,0.0,1.0,0.0,8,8,4,True,conv-30,ablation_73
mem0,mem0+HindsightTag,True,1,21600.0,6048000.0,0.9,0.05,0.0,14400.0,0.1,1.0,0.35,0.0,0.0,0.0,1.0,0.0,8,8,4,True,conv-30,ablation_74
mem0,mem0+HindsightTag,True,1,21600.0,6048000.0,0.9,0.15,0.0,14400.0,0.1,1.0,0.35,0.0,0.0,0.0,1.0,0.0,8,8,4,True,conv-30,ablation_75
mem0,mem0+HindsightTag,True,1,21600.0,6048000.0,0.9,0.3,0.0,14400.0,0.1,1.0,0.35,0.0,0.0,0.0,1.0,0.0,8,8,4,True,conv-30,ablation_76
mem0,mem0+HindsightTag,True,1,21600.0,6048000.0,0.5,0.05,0.0,28800.0,0.1,1.0,0.35,0.0,0.0,0.0,1.0,0.0,8,8,4,True,conv-30,ablation_77
mem0,mem0+HindsightTag,True,1,21600.0,6048000.0,0.5,0.15,0.0,28800.0,0.1,1.0,0.35,0.0,0.0,0.0,1.0,0.0,8,8,4,True,conv-30,ablation_78
mem0,mem0+HindsightTag,True,1,21600.0,6048000.0,0.5,0.3,0.0,28800.0,0.1,1.0,0.35,0.0,0.0,0.0,1.0,0.0,8,8,4,True,conv-30,ablation_79
mem0,mem0+HindsightTag,True,1,21600.0,6048000.0,0.7,0.05,0.0,28800.0,0.1,1.0,0.35,0.0,0.0,0.0,1.0,0.0,8,8,4,True,conv-30,ablation_80
mem0,mem0+HindsightTag,True,1,21600.0,6048000.0,0.7,0.15,0.0,28800.0,0.1,1.0,0.35,0.0,0.0,0.0,1.0,0.0,8,8,4,True,conv-30,ablation_81
mem0,mem0+HindsightTag,True,1,21600.0,6048000.0,0.7,0.3,0.0,28800.0,0.1,1.0,0.35,0.0,0.0,0.0,1.0,0.0,8,8,4,True,conv-30,ablation_82
mem0,mem0+HindsightTag,True,1,21600.0,6048000.0,0.9,0.05,0.0,28800.0,0.1,1.0,0.35,0.0,0.0,0.0,1.0,0.0,8,8,4,True,conv-30,ablation_83
mem0,mem0+HindsightTag,True,1,21600.0,6048000.0,0.9,0.15,0.0,28800.0,0.1,1.0,0.35,0.0,0.0,0.0,1.0,0.0,8,8,4,True,conv-30,ablation_84
mem0,mem0+HindsightTag,True,1,21600.0,6048000.0,0.9,0.3,0.0,28800.0,0.1,1.0,0.35,0.0,0.0,0.0,1.0,0.0,8,8,4,True,conv-30,ablation_85
vector_store,vector_store,False,1,21600.0,3024000.0,0.7,0.1,0.0,14400.0,0.1,1.0,0.35,0.0,0.0,0.0,,0.0,8,8,0,,conv-30,baseline
vector_store,vector_store+HindsightTag,True,1,21600.0,3024000.0,0.7,0.1,0.0,14400.0,0.1,1.0,0.35,0.125,0.0,0.125,1.0,0.125,8,8,4,,conv-30,ablation_0
vector_store,vector_store+HindsightTag,True,1,21600.0,3024000.0,0.7,0.1,0.25,14400.0,0.1,1.0,0.35,0.125,0.0,0.125,1.0,0.125,8,8,4,,conv-30,ablation_1
vector_store,vector_store+HindsightTag,True,1,21600.0,3024000.0,0.7,0.1,0.5,14400.0,0.1,1.0,0.35,0.125,0.0,0.125,1.0,0.125,8,8,4,,conv-30,ablation_2
vector_store,vector_store+HindsightTag,True,1,21600.0,3024000.0,0.7,0.1,0.75,14400.0,0.1,1.0,0.35,0.125,0.0,0.125,1.0,0.125,8,8,4,,conv-30,ablation_3
vector_store,vector_store+HindsightTag,True,1,21600.0,3024000.0,0.7,0.1,1.0,14400.0,0.1,1.0,0.35,0.125,0.0,0.125,1.0,0.125,8,8,4,,conv-30,ablation_4
vector_store,vector_store+HindsightTag,True,1,21600.0,756000.0,0.5,0.05,0.0,7200.0,0.1,1.0,0.35,0.125,0.0,0.125,1.0,0.125,8,8,4,,conv-30,ablation_5
vector_store,vector_store+HindsightTag,True,1,21600.0,756000.0,0.5,0.15,0.0,7200.0,0.1,1.0,0.35,0.125,0.0,0.125,1.0,0.125,8,8,4,,conv-30,ablation_6
vector_store,vector_store+HindsightTag,True,1,21600.0,756000.0,0.5,0.3,0.0,7200.0,0.1,1.0,0.35,0.0,0.0,0.0,1.0,0.0,8,8,4,,conv-30,ablation_7
vector_store,vector_store+HindsightTag,True,1,21600.0,756000.0,0.7,0.05,0.0,7200.0,0.1,1.0,0.35,0.125,0.0,0.125,1.0,0.125,8,8,4,,conv-30,ablation_8
vector_store,vector_store+HindsightTag,True,1,21600.0,756000.0,0.7,0.15,0.0,7200.0,0.1,1.0,0.35,0.125,0.0,0.125,1.0,0.125,8,8,4,,conv-30,ablation_9
vector_store,vector_store+HindsightTag,True,1,21600.0,756000.0,0.7,0.3,0.0,7200.0,0.1,1.0,0.35,0.0,0.0,0.0,1.0,0.0,8,8,4,,conv-30,ablation_10
vector_store,vector_store+HindsightTag,True,1,21600.0,756000.0,0.9,0.05,0.0,7200.0,0.1,1.0,0.35,0.125,0.0,0.125,1.0,0.125,8,8,4,,conv-30,ablation_11
vector_store,vector_store+HindsightTag,True,1,21600.0,756000.0,0.9,0.15,0.0,7200.0,0.1,1.0,0.35,0.125,0.0,0.125,1.0,0.125,8,8,4,,conv-30,ablation_12
vector_store,vector_store+HindsightTag,True,1,21600.0,756000.0,0.9,0.3,0.0,7200.0,0.1,1.0,0.35,0.0,0.0,0.0,1.0,0.0,8,8,4,,conv-30,ablation_13
vector_store,vector_store+HindsightTag,True,1,21600.0,756000.0,0.5,0.05,0.0,14400.0,0.1,1.0,0.35,0.125,0.0,0.125,1.0,0.125,8,8,4,,conv-30,ablation_14
vector_store,vector_store+HindsightTag,True,1,21600.0,756000.0,0.5,0.15,0.0,14400.0,0.1,1.0,0.35,0.125,0.0,0.125,1.0,0.125,8,8,4,,conv-30,ablation_15
vector_store,vector_store+HindsightTag,True,1,21600.0,756000.0,0.5,0.3,0.0,14400.0,0.1,1.0,0.35,0.0,0.0,0.0,1.0,0.0,8,8,4,,conv-30,ablation_16
vector_store,vector_store+HindsightTag,True,1,21600.0,756000.0,0.7,0.05,0.0,14400.0,0.1,1.0,0.35,0.125,0.0,0.125,1.0,0.125,8,8,4,,conv-30,ablation_17
vector_store,vector_store+HindsightTag,True,1,21600.0,756000.0,0.7,0.15,0.0,14400.0,0.1,1.0,0.35,0.125,0.0,0.125,1.0,0.125,8,8,4,,conv-30,ablation_18
vector_store,vector_store+HindsightTag,True,1,21600.0,756000.0,0.7,0.3,0.0,14400.0,0.1,1.0,0.35,0.0,0.0,0.0,1.0,0.0,8,8,4,,conv-30,ablation_19
vector_store,vector_store+HindsightTag,True,1,21600.0,756000.0,0.9,0.05,0.0,14400.0,0.1,1.0,0.35,0.125,0.0,0.125,1.0,0.125,8,8,4,,conv-30,ablation_20
vector_store,vector_store+HindsightTag,True,1,21600.0,756000.0,0.9,0.15,0.0,14400.0,0.1,1.0,0.35,0.125,0.0,0.125,1.0,0.125,8,8,4,,conv-30,ablation_21
vector_store,vector_store+HindsightTag,True,1,21600.0,756000.0,0.9,0.3,0.0,14400.0,0.1,1.0,0.35,0.0,0.0,0.0,1.0,0.0,8,8,4,,conv-30,ablation_22
vector_store,vector_store+HindsightTag,True,1,21600.0,756000.0,0.5,0.05,0.0,28800.0,0.1,1.0,0.35,0.125,0.0,0.125,1.0,0.125,8,8,4,,conv-30,ablation_23
vector_store,vector_store+HindsightTag,True,1,21600.0,756000.0,0.5,0.15,0.0,28800.0,0.1,1.0,0.35,0.125,0.0,0.125,1.0,0.125,8,8,4,,conv-30,ablation_24
vector_store,vector_store+HindsightTag,True,1,21600.0,756000.0,0.5,0.3,0.0,28800.0,0.1,1.0,0.35,0.0,0.0,0.0,1.0,0.0,8,8,4,,conv-30,ablation_25
vector_store,vector_store+HindsightTag,True,1,21600.0,756000.0,0.7,0.05,0.0,28800.0,0.1,1.0,0.35,0.125,0.0,0.125,1.0,0.125,8,8,4,,conv-30,ablation_26
vector_store,vector_store+HindsightTag,True,1,21600.0,756000.0,0.7,0.15,0.0,28800.0,0.1,1.0,0.35,0.125,0.0,0.125,1.0,0.125,8,8,4,,conv-30,ablation_27
vector_store,vector_store+HindsightTag,True,1,21600.0,756000.0,0.7,0.3,0.0,28800.0,0.1,1.0,0.35,0.0,0.0,0.0,1.0,0.0,8,8,4,,conv-30,ablation_28
vector_store,vector_store+HindsightTag,True,1,21600.0,756000.0,0.9,0.05,0.0,28800.0,0.1,1.0,0.35,0.125,0.0,0.125,1.0,0.125,8,8,4,,conv-30,ablation_29
vector_store,vector_store+HindsightTag,True,1,21600.0,756000.0,0.9,0.15,0.0,28800.0,0.1,1.0,0.35,0.125,0.0,0.125,1.0,0.125,8,8,4,,conv-30,ablation_30
vector_store,vector_store+HindsightTag,True,1,21600.0,756000.0,0.9,0.3,0.0,28800.0,0.1,1.0,0.35,0.0,0.0,0.0,1.0,0.0,8,8,4,,conv-30,ablation_31
vector_store,vector_store+HindsightTag,True,1,21600.0,3024000.0,0.5,0.05,0.0,7200.0,0.1,1.0,0.35,0.125,0.0,0.125,1.0,0.125,8,8,4,,conv-30,ablation_32
vector_store,vector_store+HindsightTag,True,1,21600.0,3024000.0,0.5,0.15,0.0,7200.0,0.1,1.0,0.35,0.125,0.0,0.125,1.0,0.125,8,8,4,,conv-30,ablation_33
vector_store,vector_store+HindsightTag,True,1,21600.0,3024000.0,0.5,0.3,0.0,7200.0,0.1,1.0,0.35,0.0,0.0,0.0,1.0,0.0,8,8,4,,conv-30,ablation_34
vector_store,vector_store+HindsightTag,True,1,21600.0,3024000.0,0.7,0.05,0.0,7200.0,0.1,1.0,0.35,0.125,0.0,0.125,1.0,0.125,8,8,4,,conv-30,ablation_35
vector_store,vector_store+HindsightTag,True,1,21600.0,3024000.0,0.7,0.15,0.0,7200.0,0.1,1.0,0.35,0.125,0.0,0.125,1.0,0.125,8,8,4,,conv-30,ablation_36
vector_store,vector_store+HindsightTag,True,1,21600.0,3024000.0,0.7,0.3,0.0,7200.0,0.1,1.0,0.35,0.0,0.0,0.0,1.0,0.0,8,8,4,,conv-30,ablation_37
vector_store,vector_store+HindsightTag,True,1,21600.0,3024000.0,0.9,0.05,0.0,7200.0,0.1,1.0,0.35,0.125,0.0,0.125,1.0,0.125,8,8,4,,conv-30,ablation_38
vector_store,vector_store+HindsightTag,True,1,21600.0,3024000.0,0.9,0.15,0.0,7200.0,0.1,1.0,0.35,0.125,0.0,0.125,1.0,0.125,8,8,4,,conv-30,ablation_39
vector_store,vector_store+HindsightTag,True,1,21600.0,3024000.0,0.9,0.3,0.0,7200.0,0.1,1.0,0.35,0.0,0.0,0.0,1.0,0.0,8,8,4,,conv-30,ablation_40
vector_store,vector_store+HindsightTag,True,1,21600.0,3024000.0,0.5,0.05,0.0,14400.0,0.1,1.0,0.35,0.125,0.0,0.125,1.0,0.125,8,8,4,,conv-30,ablation_41
vector_store,vector_store+HindsightTag,True,1,21600.0,3024000.0,0.5,0.15,0.0,14400.0,0.1,1.0,0.35,0.125,0.0,0.125,1.0,0.125,8,8,4,,conv-30,ablation_42
vector_store,vector_store+HindsightTag,True,1,21600.0,3024000.0,0.5,0.3,0.0,14400.0,0.1,1.0,0.35,0.0,0.0,0.0,1.0,0.0,8,8,4,,conv-30,ablation_43
vector_store,vector_store+HindsightTag,True,1,21600.0,3024000.0,0.7,0.05,0.0,14400.0,0.1,1.0,0.35,0.125,0.0,0.125,1.0,0.125,8,8,4,,conv-30,ablation_44
vector_store,vector_store+HindsightTag,True,1,21600.0,3024000.0,0.7,0.15,0.0,14400.0,0.1,1.0,0.35,0.125,0.0,0.125,1.0,0.125,8,8,4,,conv-30,ablation_45
vector_store,vector_store+HindsightTag,True,1,21600.0,3024000.0,0.7,0.3,0.0,14400.0,0.1,1.0,0.35,0.0,0.0,0.0,1.0,0.0,8,8,4,,conv-30,ablation_46
vector_store,vector_store+HindsightTag,True,1,21600.0,3024000.0,0.9,0.05,0.0,14400.0,0.1,1.0,0.35,0.125,0.0,0.125,1.0,0.125,8,8,4,,conv-30,ablation_47
vector_store,vector_store+HindsightTag,True,1,21600.0,3024000.0,0.9,0.15,0.0,14400.0,0.1,1.0,0.35,0.125,0.0,0.125,1.0,0.125,8,8,4,,conv-30,ablation_48
vector_store,vector_store+HindsightTag,True,1,21600.0,3024000.0,0.9,0.3,0.0,14400.0,0.1,1.0,0.35,0.0,0.0,0.0,1.0,0.0,8,8,4,,conv-30,ablation_49
vector_store,vector_store+HindsightTag,True,1,21600.0,3024000.0,0.5,0.05,0.0,28800.0,0.1,1.0,0.35,0.125,0.0,0.125,1.0,0.125,8,8,4,,conv-30,ablation_50
vector_store,vector_store+HindsightTag,True,1,21600.0,3024000.0,0.5,0.15,0.0,28800.0,0.1,1.0,0.35,0.125,0.0,0.125,1.0,0.125,8,8,4,,conv-30,ablation_51
vector_store,vector_store+HindsightTag,True,1,21600.0,3024000.0,0.5,0.3,0.0,28800.0,0.1,1.0,0.35,0.0,0.0,0.0,1.0,0.0,8,8,4,,conv-30,ablation_52
vector_store,vector_store+HindsightTag,True,1,21600.0,3024000.0,0.7,0.05,0.0,28800.0,0.1,1.0,0.35,0.125,0.0,0.125,1.0,0.125,8,8,4,,conv-30,ablation_53
vector_store,vector_store+HindsightTag,True,1,21600.0,3024000.0,0.7,0.15,0.0,28800.0,0.1,1.0,0.35,0.125,0.0,0.125,1.0,0.125,8,8,4,,conv-30,ablation_54
vector_store,vector_store+HindsightTag,True,1,21600.0,3024000.0,0.7,0.3,0.0,28800.0,0.1,1.0,0.35,0.0,0.0,0.0,1.0,0.0,8,8,4,,conv-30,ablation_55
vector_store,vector_store+HindsightTag,True,1,21600.0,3024000.0,0.9,0.05,0.0,28800.0,0.1,1.0,0.35,0.125,0.0,0.125,1.0,0.125,8,8,4,,conv-30,ablation_56
vector_store,vector_store+HindsightTag,True,1,21600.0,3024000.0,0.9,0.15,0.0,28800.0,0.1,1.0,0.35,0.125,0.0,0.125,1.0,0.125,8,8,4,,conv-30,ablation_57
vector_store,vector_store+HindsightTag,True,1,21600.0,3024000.0,0.9,0.3,0.0,28800.0,0.1,1.0,0.35,0.0,0.0,0.0,1.0,0.0,8,8,4,,conv-30,ablation_58
vector_store,vector_store+HindsightTag,True,1,21600.0,6048000.0,0.5,0.05,0.0,7200.0,0.1,1.0,0.35,0.125,0.0,0.125,1.0,0.125,8,8,4,,conv-30,ablation_59
vector_store,vector_store+HindsightTag,True,1,21600.0,6048000.0,0.5,0.15,0.0,7200.0,0.1,1.0,0.35,0.125,0.0,0.125,1.0,0.125,8,8,4,,conv-30,ablation_60
vector_store,vector_store+HindsightTag,True,1,21600.0,6048000.0,0.5,0.3,0.0,7200.0,0.1,1.0,0.35,0.0,0.0,0.0,1.0,0.0,8,8,4,,conv-30,ablation_61
vector_store,vector_store+HindsightTag,True,1,21600.0,6048000.0,0.7,0.05,0.0,7200.0,0.1,1.0,0.35,0.125,0.0,0.125,1.0,0.125,8,8,4,,conv-30,ablation_62
vector_store,vector_store+HindsightTag,True,1,21600.0,6048000.0,0.7,0.15,0.0,7200.0,0.1,1.0,0.35,0.125,0.0,0.125,1.0,0.125,8,8,4,,conv-30,ablation_63
vector_store,vector_store+HindsightTag,True,1,21600.0,6048000.0,0.7,0.3,0.0,7200.0,0.1,1.0,0.35,0.0,0.0,0.0,1.0,0.0,8,8,4,,conv-30,ablation_64
vector_store,vector_store+HindsightTag,True,1,21600.0,6048000.0,0.9,0.05,0.0,7200.0,0.1,1.0,0.35,0.125,0.0,0.125,1.0,0.125,8,8,4,,conv-30,ablation_65
vector_store,vector_store+HindsightTag,True,1,21600.0,6048000.0,0.9,0.15,0.0,7200.0,0.1,1.0,0.35,0.125,0.0,0.125,1.0,0.125,8,8,4,,conv-30,ablation_66
vector_store,vector_store+HindsightTag,True,1,21600.0,6048000.0,0.9,0.3,0.0,7200.0,0.1,1.0,0.35,0.0,0.0,0.0,1.0,0.0,8,8,4,,conv-30,ablation_67
vector_store,vector_store+HindsightTag,True,1,21600.0,6048000.0,0.5,0.05,0.0,14400.0,0.1,1.0,0.35,0.125,0.0,0.125,1.0,0.125,8,8,4,,conv-30,ablation_68
vector_store,vector_store+HindsightTag,True,1,21600.0,6048000.0,0.5,0.15,0.0,14400.0,0.1,1.0,0.35,0.125,0.0,0.125,1.0,0.125,8,8,4,,conv-30,ablation_69
vector_store,vector_store+HindsightTag,True,1,21600.0,6048000.0,0.5,0.3,0.0,14400.0,0.1,1.0,0.35,0.0,0.0,0.0,1.0,0.0,8,8,4,,conv-30,ablation_70
vector_store,vector_store+HindsightTag,True,1,21600.0,6048000.0,0.7,0.05,0.0,14400.0,0.1,1.0,0.35,0.125,0.0,0.125,1.0,0.125,8,8,4,,conv-30,ablation_71
vector_store,vector_store+HindsightTag,True,1,21600.0,6048000.0,0.7,0.15,0.0,14400.0,0.1,1.0,0.35,0.125,0.0,0.125,1.0,0.125,8,8,4,,conv-30,ablation_72
vector_store,vector_store+HindsightTag,True,1,21600.0,6048000.0,0.7,0.3,0.0,14400.0,0.1,1.0,0.35,0.0,0.0,0.0,1.0,0.0,8,8,4,,conv-30,ablation_73
vector_store,vector_store+HindsightTag,True,1,21600.0,6048000.0,0.9,0.05,0.0,14400.0,0.1,1.0,0.35,0.125,0.0,0.125,1.0,0.125,8,8,4,,conv-30,ablation_74
vector_store,vector_store+HindsightTag,True,1,21600.0,6048000.0,0.9,0.15,0.0,14400.0,0.1,1.0,0.35,0.125,0.0,0.125,1.0,0.125,8,8,4,,conv-30,ablation_75
vector_store,vector_store+HindsightTag,True,1,21600.0,6048000.0,0.9,0.3,0.0,14400.0,0.1,1.0,0.35,0.0,0.0,0.0,1.0,0.0,8,8,4,,conv-30,ablation_76
vector_store,vector_store+HindsightTag,True,1,21600.0,6048000.0,0.5,0.05,0.0,28800.0,0.1,1.0,0.35,0.125,0.0,0.125,1.0,0.125,8,8,4,,conv-30,ablation_77
vector_store,vector_store+HindsightTag,True,1,21600.0,6048000.0,0.5,0.15,0.0,28800.0,0.1,1.0,0.35,0.125,0.0,0.125,1.0,0.125,8,8,4,,conv-30,ablation_78
vector_store,vector_store+HindsightTag,True,1,21600.0,6048000.0,0.5,0.3,0.0,28800.0,0.1,1.0,0.35,0.0,0.0,0.0,1.0,0.0,8,8,4,,conv-30,ablation_79
vector_store,vector_store+HindsightTag,True,1,21600.0,6048000.0,0.7,0.05,0.0,28800.0,0.1,1.0,0.35,0.125,0.0,0.125,1.0,0.125,8,8,4,,conv-30,ablation_80
vector_store,vector_store+HindsightTag,True,1,21600.0,6048000.0,0.7,0.15,0.0,28800.0,0.1,1.0,0.35,0.125,0.0,0.125,1.0,0.125,8,8,4,,conv-30,ablation_81
vector_store,vector_store+HindsightTag,True,1,21600.0,6048000.0,0.7,0.3,0.0,28800.0,0.1,1.0,0.35,0.0,0.0,0.0,1.0,0.0,8,8,4,,conv-30,ablation_82
vector_store,vector_store+HindsightTag,True,1,21600.0,6048000.0,0.9,0.05,0.0,28800.0,0.1,1.0,0.35,0.125,0.0,0.125,1.0,0.125,8,8,4,,conv-30,ablation_83
vector_store,vector_store+HindsightTag,True,1,21600.0,6048000.0,0.9,0.15,0.0,28800.0,0.1,1.0,0.35,0.125,0.0,0.125,1.0,0.125,8,8,4,,conv-30,ablation_84
vector_store,vector_store+HindsightTag,True,1,21600.0,6048000.0,0.9,0.3,0.0,28800.0,0.1,1.0,0.35,0.0,0.0,0.0,1.0,0.0,8,8,4,,conv-30,ablation_85
mem0,mem0,False,2,21600.0,3024000.0,0.7,0.1,0.0,14400.0,0.1,1.0,0.35,0.0,0.0,0.0,,0.0,8,8,0,True,conv-30,baseline
mem0,mem0+HindsightTag,True,2,21600.0,3024000.0,0.7,0.1,0.0,14400.0,0.1,1.0,0.35,0.0,0.0,0.0,1.0,0.0,8,8,4,True,conv-30,ablation_0
mem0,mem0+HindsightTag,True,2,21600.0,3024000.0,0.7,0.1,0.25,14400.0,0.1,1.0,0.35,0.0,0.0,0.0,1.0,0.0,8,8,4,True,conv-30,ablation_1
mem0,mem0+HindsightTag,True,2,21600.0,3024000.0,0.7,0.1,0.5,14400.0,0.1,1.0,0.35,0.0,0.0,0.0,1.0,0.0,8,8,4,True,conv-30,ablation_2
mem0,mem0+HindsightTag,True,2,21600.0,3024000.0,0.7,0.1,0.75,14400.0,0.1,1.0,0.35,0.0,0.0,0.0,1.0,0.0,8,8,4,True,conv-30,ablation_3
mem0,mem0+HindsightTag,True,2,21600.0,3024000.0,0.7,0.1,1.0,14400.0,0.1,1.0,0.35,0.0,0.0,0.0,1.0,0.0,8,8,4,True,conv-30,ablation_4
mem0,mem0+HindsightTag,True,2,21600.0,756000.0,0.5,0.05,0.0,7200.0,0.1,1.0,0.35,0.0,0.0,0.0,1.0,0.0,8,8,4,True,conv-30,ablation_5
mem0,mem0+HindsightTag,True,2,21600.0,756000.0,0.5,0.15,0.0,7200.0,0.1,1.0,0.35,0.0,0.0,0.0,1.0,0.0,8,8,4,True,conv-30,ablation_6
mem0,mem0+HindsightTag,True,2,21600.0,756000.0,0.5,0.3,0.0,7200.0,0.1,1.0,0.35,0.0,0.0,0.0,1.0,0.0,8,8,4,True,conv-30,ablation_7
mem0,mem0+HindsightTag,True,2,21600.0,756000.0,0.7,0.05,0.0,7200.0,0.1,1.0,0.35,0.0,0.0,0.0,1.0,0.0,8,8,4,True,conv-30,ablation_8
mem0,mem0+HindsightTag,True,2,21600.0,756000.0,0.7,0.15,0.0,7200.0,0.1,1.0,0.35,0.0,0.0,0.0,1.0,0.0,8,8,4,True,conv-30,ablation_9
mem0,mem0+HindsightTag,True,2,21600.0,756000.0,0.7,0.3,0.0,7200.0,0.1,1.0,0.35,0.0,0.0,0.0,1.0,0.0,8,8,4,True,conv-30,ablation_10
mem0,mem0+HindsightTag,True,2,21600.0,756000.0,0.9,0.05,0.0,7200.0,0.1,1.0,0.35,0.0,0.0,0.0,1.0,0.0,8,8,4,True,conv-30,ablation_11
mem0,mem0+HindsightTag,True,2,21600.0,756000.0,0.9,0.15,0.0,7200.0,0.1,1.0,0.35,0.0,0.0,0.0,1.0,0.0,8,8,4,True,conv-30,ablation_12
mem0,mem0+HindsightTag,True,2,21600.0,756000.0,0.9,0.3,0.0,7200.0,0.1,1.0,0.35,0.0,0.0,0.0,1.0,0.0,8,8,4,True,conv-30,ablation_13
mem0,mem0+HindsightTag,True,2,21600.0,756000.0,0.5,0.05,0.0,14400.0,0.1,1.0,0.35,0.0,0.0,0.0,1.0,0.0,8,8,4,True,conv-30,ablation_14
mem0,mem0+HindsightTag,True,2,21600.0,756000.0,0.5,0.15,0.0,14400.0,0.1,1.0,0.35,0.0,0.0,0.0,1.0,0.0,8,8,4,True,conv-30,ablation_15
mem0,mem0+HindsightTag,True,2,21600.0,756000.0,0.5,0.3,0.0,14400.0,0.1,1.0,0.35,0.0,0.0,0.0,1.0,0.0,8,8,4,True,conv-30,ablation_16
mem0,mem0+HindsightTag,True,2,21600.0,756000.0,0.7,0.05,0.0,14400.0,0.1,1.0,0.35,0.0,0.0,0.0,1.0,0.0,8,8,4,True,conv-30,ablation_17
mem0,mem0+HindsightTag,True,2,21600.0,756000.0,0.7,0.15,0.0,14400.0,0.1,1.0,0.35,0.0,0.0,0.0,1.0,0.0,8,8,4,True,conv-30,ablation_18
mem0,mem0+HindsightTag,True,2,21600.0,756000.0,0.7,0.3,0.0,14400.0,0.1,1.0,0.35,0.0,0.0,0.0,1.0,0.0,8,8,4,True,conv-30,ablation_19
mem0,mem0+HindsightTag,True,2,21600.0,756000.0,0.9,0.05,0.0,14400.0,0.1,1.0,0.35,0.0,0.0,0.0,1.0,0.0,8,8,4,True,conv-30,ablation_20
mem0,mem0+HindsightTag,True,2,21600.0,756000.0,0.9,0.15,0.0,14400.0,0.1,1.0,0.35,0.0,0.0,0.0,1.0,0.0,8,8,4,True,conv-30,ablation_21
mem0,mem0+HindsightTag,True,2,21600.0,756000.0,0.9,0.3,0.0,14400.0,0.1,1.0,0.35,0.0,0.0,0.0,1.0,0.0,8,8,4,True,conv-30,ablation_22
mem0,mem0+HindsightTag,True,2,21600.0,756000.0,0.5,0.05,0.0,28800.0,0.1,1.0,0.35,0.0,0.0,0.0,1.0,0.0,8,8,4,True,conv-30,ablation_23
mem0,mem0+HindsightTag,True,2,21600.0,756000.0,0.5,0.15,0.0,28800.0,0.1,1.0,0.35,0.0,0.0,0.0,1.0,0.0,8,8,4,True,conv-30,ablation_24
mem0,mem0+HindsightTag,True,2,21600.0,756000.0,0.5,0.3,0.0,28800.0,0.1,1.0,0.35,0.0,0.0,0.0,1.0,0.0,8,8,4,True,conv-30,ablation_25
mem0,mem0+HindsightTag,True,2,21600.0,756000.0,0.7,0.05,0.0,28800.0,0.1,1.0,0.35,0.0,0.0,0.0,1.0,0.0,8,8,4,True,conv-30,ablation_26
mem0,mem0+HindsightTag,True,2,21600.0,756000.0,0.7,0.15,0.0,28800.0,0.1,1.0,0.35,0.0,0.0,0.0,1.0,0.0,8,8,4,True,conv-30,ablation_27
mem0,mem0+HindsightTag,True,2,21600.0,756000.0,0.7,0.3,0.0,28800.0,0.1,1.0,0.35,0.0,0.0,0.0,1.0,0.0,8,8,4,True,conv-30,ablation_28
mem0,mem0+HindsightTag,True,2,21600.0,756000.0,0.9,0.05,0.0,28800.0,0.1,1.0,0.35,0.0,0.0,0.0,1.0,0.0,8,8,4,True,conv-30,ablation_29
mem0,mem0+HindsightTag,True,2,21600.0,756000.0,0.9,0.15,0.0,28800.0,0.1,1.0,0.35,0.0,0.0,0.0,1.0,0.0,8,8,4,True,conv-30,ablation_30
mem0,mem0+HindsightTag,True,2,21600.0,756000.0,0.9,0.3,0.0,28800.0,0.1,1.0,0.35,0.0,0.0,0.0,1.0,0.0,8,8,4,True,conv-30,ablation_31
mem0,mem0+HindsightTag,True,2,21600.0,3024000.0,0.5,0.05,0.0,7200.0,0.1,1.0,0.35,0.0,0.0,0.0,1.0,0.0,8,8,4,True,conv-30,ablation_32
mem0,mem0+HindsightTag,True,2,21600.0,3024000.0,0.5,0.15,0.0,7200.0,0.1,1.0,0.35,0.0,0.0,0.0,1.0,0.0,8,8,4,True,conv-30,ablation_33
mem0,mem0+HindsightTag,True,2,21600.0,3024000.0,0.5,0.3,0.0,7200.0,0.1,1.0,0.35,0.0,0.0,0.0,1.0,0.0,8,8,4,True,conv-30,ablation_34
mem0,mem0+HindsightTag,True,2,21600.0,3024000.0,0.7,0.05,0.0,7200.0,0.1,1.0,0.35,0.0,0.0,0.0,1.0,0.0,8,8,4,True,conv-30,ablation_35
mem0,mem0+HindsightTag,True,2,21600.0,3024000.0,0.7,0.15,0.0,7200.0,0.1,1.0,0.35,0.0,0.0,0.0,1.0,0.0,8,8,4,True,conv-30,ablation_36
mem0,mem0+HindsightTag,True,2,21600.0,3024000.0,0.7,0.3,0.0,7200.0,0.1,1.0,0.35,0.0,0.0,0.0,1.0,0.0,8,8,4,True,conv-30,ablation_37
mem0,mem0+HindsightTag,True,2,21600.0,3024000.0,0.9,0.05,0.0,7200.0,0.1,1.0,0.35,0.0,0.0,0.0,1.0,0.0,8,8,4,True,conv-30,ablation_38
mem0,mem0+HindsightTag,True,2,21600.0,3024000.0,0.9,0.15,0.0,7200.0,0.1,1.0,0.35,0.0,0.0,0.0,1.0,0.0,8,8,4,True,conv-30,ablation_39
mem0,mem0+HindsightTag,True,2,21600.0,3024000.0,0.9,0.3,0.0,7200.0,0.1,1.0,0.35,0.0,0.0,0.0,1.0,0.0,8,8,4,True,conv-30,ablation_40
mem0,mem0+HindsightTag,True,2,21600.0,3024000.0,0.5,0.05,0.0,14400.0,0.1,1.0,0.35,0.0,0.0,0.0,1.0,0.0,8,8,4,True,conv-30,ablation_41
mem0,mem0+HindsightTag,True,2,21600.0,3024000.0,0.5,0.15,0.0,14400.0,0.1,1.0,0.35,0.0,0.0,0.0,1.0,0.0,8,8,4,True,conv-30,ablation_42
mem0,mem0+HindsightTag,True,2,21600.0,3024000.0,0.5,0.3,0.0,14400.0,0.1,1.0,0.35,0.0,0.0,0.0,1.0,0.0,8,8,4,True,conv-30,ablation_43
mem0,mem0+HindsightTag,True,2,21600.0,3024000.0,0.7,0.05,0.0,14400.0,0.1,1.0,0.35,0.0,0.0,0.0,1.0,0.0,8,8,4,True,conv-30,ablation_44
mem0,mem0+HindsightTag,True,2,21600.0,3024000.0,0.7,0.15,0.0,14400.0,0.1,1.0,0.35,0.0,0.0,0.0,1.0,0.0,8,8,4,True,conv-30,ablation_45
mem0,mem0+HindsightTag,True,2,21600.0,3024000.0,0.7,0.3,0.0,14400.0,0.1,1.0,0.35,0.0,0.0,0.0,1.0,0.0,8,8,4,True,conv-30,ablation_46
mem0,mem0+HindsightTag,True,2,21600.0,3024000.0,0.9,0.05,0.0,14400.0,0.1,1.0,0.35,0.0,0.0,0.0,1.0,0.0,8,8,4,True,conv-30,ablation_47
mem0,mem0+HindsightTag,True,2,21600.0,3024000.0,0.9,0.15,0.0,14400.0,0.1,1.0,0.35,0.0,0.0,0.0,1.0,0.0,8,8,4,True,conv-30,ablation_48
mem0,mem0+HindsightTag,True,2,21600.0,3024000.0,0.9,0.3,0.0,14400.0,0.1,1.0,0.35,0.0,0.0,0.0,1.0,0.0,8,8,4,True,conv-30,ablation_49
mem0,mem0+HindsightTag,True,2,21600.0,3024000.0,0.5,0.05,0.0,28800.0,0.1,1.0,0.35,0.0,0.0,0.0,1.0,0.0,8,8,4,True,conv-30,ablation_50
mem0,mem0+HindsightTag,True,2,21600.0,3024000.0,0.5,0.15,0.0,28800.0,0.1,1.0,0.35,0.0,0.0,0.0,1.0,0.0,8,8,4,True,conv-30,ablation_51
mem0,mem0+HindsightTag,True,2,21600.0,3024000.0,0.5,0.3,0.0,28800.0,0.1,1.0,0.35,0.0,0.0,0.0,1.0,0.0,8,8,4,True,conv-30,ablation_52
mem0,mem0+HindsightTag,True,2,21600.0,3024000.0,0.7,0.05,0.0,28800.0,0.1,1.0,0.35,0.0,0.0,0.0,1.0,0.0,8,8,4,True,conv-30,ablation_53
mem0,mem0+HindsightTag,True,2,21600.0,3024000.0,0.7,0.15,0.0,28800.0,0.1,1.0,0.35,0.0,0.0,0.0,1.0,0.0,8,8,4,True,conv-30,ablation_54
mem0,mem0+HindsightTag,True,2,21600.0,3024000.0,0.7,0.3,0.0,28800.0,0.1,1.0,0.35,0.0,0.0,0.0,1.0,0.0,8,8,4,True,conv-30,ablation_55
mem0,mem0+HindsightTag,True,2,21600.0,3024000.0,0.9,0.05,0.0,28800.0,0.1,1.0,0.35,0.0,0.0,0.0,1.0,0.0,8,8,4,True,conv-30,ablation_56
mem0,mem0+HindsightTag,True,2,21600.0,3024000.0,0.9,0.15,0.0,28800.0,0.1,1.0,0.35,0.0,0.0,0.0,1.0,0.0,8,8,4,True,conv-30,ablation_57
mem0,mem0+HindsightTag,True,2,21600.0,3024000.0,0.9,0.3,0.0,28800.0,0.1,1.0,0.35,0.0,0.0,0.0,1.0,0.0,8,8,4,True,conv-30,ablation_58
mem0,mem0+HindsightTag,True,2,21600.0,6048000.0,0.5,0.05,0.0,7200.0,0.1,1.0,0.35,0.0,0.0,0.0,1.0,0.0,8,8,4,True,conv-30,ablation_59
mem0,mem0+HindsightTag,True,2,21600.0,6048000.0,0.5,0.15,0.0,7200.0,0.1,1.0,0.35,0.0,0.0,0.0,1.0,0.0,8,8,4,True,conv-30,ablation_60
mem0,mem0+HindsightTag,True,2,21600.0,6048000.0,0.5,0.3,0.0,7200.0,0.1,1.0,0.35,0.0,0.0,0.0,1.0,0.0,8,8,4,True,conv-30,ablation_61
mem0,mem0+HindsightTag,True,2,21600.0,6048000.0,0.7,0.05,0.0,7200.0,0.1,1.0,0.35,0.0,0.0,0.0,1.0,0.0,8,8,4,True,conv-30,ablation_62
mem0,mem0+HindsightTag,True,2,21600.0,6048000.0,0.7,0.15,0.0,7200.0,0.1,1.0,0.35,0.0,0.0,0.0,1.0,0.0,8,8,4,True,conv-30,ablation_63
mem0,mem0+HindsightTag,True,2,21600.0,6048000.0,0.7,0.3,0.0,7200.0,0.1,1.0,0.35,0.0,0.0,0.0,1.0,0.0,8,8,4,True,conv-30,ablation_64
mem0,mem0+HindsightTag,True,2,21600.0,6048000.0,0.9,0.05,0.0,7200.0,0.1,1.0,0.35,0.0,0.0,0.0,1.0,0.0,8,8,4,True,conv-30,ablation_65
mem0,mem0+HindsightTag,True,2,21600.0,6048000.0,0.9,0.15,0.0,7200.0,0.1,1.0,0.35,0.0,0.0,0.0,1.0,0.0,8,8,4,True,conv-30,ablation_66
mem0,mem0+HindsightTag,True,2,21600.0,6048000.0,0.9,0.3,0.0,7200.0,0.1,1.0,0.35,0.0,0.0,0.0,1.0,0.0,8,8,4,True,conv-30,ablation_67
mem0,mem0+HindsightTag,True,2,21600.0,6048000.0,0.5,0.05,0.0,14400.0,0.1,1.0,0.35,0.0,0.0,0.0,1.0,0.0,8,8,4,True,conv-30,ablation_68
mem0,mem0+HindsightTag,True,2,21600.0,6048000.0,0.5,0.15,0.0,14400.0,0.1,1.0,0.35,0.0,0.0,0.0,1.0,0.0,8,8,4,True,conv-30,ablation_69
mem0,mem0+HindsightTag,True,2,21600.0,6048000.0,0.5,0.3,0.0,14400.0,0.1,1.0,0.35,0.0,0.0,0.0,1.0,0.0,8,8,4,True,conv-30,ablation_70
mem0,mem0+HindsightTag,True,2,21600.0,6048000.0,0.7,0.05,0.0,14400.0,0.1,1.0,0.35,0.0,0.0,0.0,1.0,0.0,8,8,4,True,conv-30,ablation_71
mem0,mem0+HindsightTag,True,2,21600.0,6048000.0,0.7,0.15,0.0,14400.0,0.1,1.0,0.35,0.0,0.0,0.0,1.0,0.0,8,8,4,True,conv-30,ablation_72
mem0,mem0+HindsightTag,True,2,21600.0,6048000.0,0.7,0.3,0.0,14400.0,0.1,1.0,0.35,0.0,0.0,0.0,1.0,0.0,8,8,4,True,conv-30,ablation_73
mem0,mem0+HindsightTag,True,2,21600.0,6048000.0,0.9,0.05,0.0,14400.0,0.1,1.0,0.35,0.0,0.0,0.0,1.0,0.0,8,8,4,True,conv-30,ablation_74
mem0,mem0+HindsightTag,True,2,21600.0,6048000.0,0.9,0.15,0.0,14400.0,0.1,1.0,0.35,0.0,0.0,0.0,1.0,0.0,8,8,4,True,conv-30,ablation_75
mem0,mem0+HindsightTag,True,2,21600.0,6048000.0,0.9,0.3,0.0,14400.0,0.1,1.0,0.35,0.0,0.0,0.0,1.0,0.0,8,8,4,True,conv-30,ablation_76
mem0,mem0+HindsightTag,True,2,21600.0,6048000.0,0.5,0.05,0.0,28800.0,0.1,1.0,0.35,0.0,0.0,0.0,1.0,0.0,8,8,4,True,conv-30,ablation_77
mem0,mem0+HindsightTag,True,2,21600.0,6048000.0,0.5,0.15,0.0,28800.0,0.1,1.0,0.35,0.0,0.0,0.0,1.0,0.0,8,8,4,True,conv-30,ablation_78
mem0,mem0+HindsightTag,True,2,21600.0,6048000.0,0.5,0.3,0.0,28800.0,0.1,1.0,0.35,0.0,0.0,0.0,1.0,0.0,8,8,4,True,conv-30,ablation_79
mem0,mem0+HindsightTag,True,2,21600.0,6048000.0,0.7,0.05,0.0,28800.0,0.1,1.0,0.35,0.0,0.0,0.0,1.0,0.0,8,8,4,True,conv-30,ablation_80
mem0,mem0+HindsightTag,True,2,21600.0,6048000.0,0.7,0.15,0.0,28800.0,0.1,1.0,0.35,0.0,0.0,0.0,1.0,0.0,8,8,4,True,conv-30,ablation_81
mem0,mem0+HindsightTag,True,2,21600.0,6048000.0,0.7,0.3,0.0,28800.0,0.1,1.0,0.35,0.0,0.0,0.0,1.0,0.0,8,8,4,True,conv-30,ablation_82
mem0,mem0+HindsightTag,True,2,21600.0,6048000.0,0.9,0.05,0.0,28800.0,0.1,1.0,0.35,0.0,0.0,0.0,1.0,0.0,8,8,4,True,conv-30,ablation_83
mem0,mem0+HindsightTag,True,2,21600.0,6048000.0,0.9,0.15,0.0,28800.0,0.1,1.0,0.35,0.0,0.0,0.0,1.0,0.0,8,8,4,True,conv-30,ablation_84
mem0,mem0+HindsightTag,True,2,21600.0,6048000.0,0.9,0.3,0.0,28800.0,0.1,1.0,0.35,0.0,0.0,0.0,1.0,0.0,8,8,4,True,conv-30,ablation_85
vector_store,vector_store,False,2,21600.0,3024000.0,0.7,0.1,0.0,14400.0,0.1,1.0,0.35,0.0,0.0,0.0,,0.0,8,8,0,,conv-30,baseline
vector_store,vector_store+HindsightTag,True,2,21600.0,3024000.0,0.7,0.1,0.0,14400.0,0.1,1.0,0.35,0.0,0.0,0.0,1.0,0.25,8,8,4,,conv-30,ablation_0
vector_store,vector_store+HindsightTag,True,2,21600.0,3024000.0,0.7,0.1,0.25,14400.0,0.1,1.0,0.35,0.0,0.0,0.0,1.0,0.25,8,8,4,,conv-30,ablation_1
vector_store,vector_store+HindsightTag,True,2,21600.0,3024000.0,0.7,0.1,0.5,14400.0,0.1,1.0,0.35,0.0,0.0,0.0,1.0,0.25,8,8,4,,conv-30,ablation_2
vector_store,vector_store+HindsightTag,True,2,21600.0,3024000.0,0.7,0.1,0.75,14400.0,0.1,1.0,0.35,0.0,0.0,0.0,1.0,0.25,8,8,4,,conv-30,ablation_3
vector_store,vector_store+HindsightTag,True,2,21600.0,3024000.0,0.7,0.1,1.0,14400.0,0.1,1.0,0.35,0.0,0.0,0.0,1.0,0.125,8,8,4,,conv-30,ablation_4
vector_store,vector_store+HindsightTag,True,2,21600.0,756000.0,0.5,0.05,0.0,7200.0,0.1,1.0,0.35,0.0,0.0,0.0,1.0,0.25,8,8,4,,conv-30,ablation_5
vector_store,vector_store+HindsightTag,True,2,21600.0,756000.0,0.5,0.15,0.0,7200.0,0.1,1.0,0.35,0.0,0.0,0.0,1.0,0.25,8,8,4,,conv-30,ablation_6
vector_store,vector_store+HindsightTag,True,2,21600.0,756000.0,0.5,0.3,0.0,7200.0,0.1,1.0,0.35,0.0,0.0,0.0,1.0,0.0,8,8,4,,conv-30,ablation_7
vector_store,vector_store+HindsightTag,True,2,21600.0,756000.0,0.7,0.05,0.0,7200.0,0.1,1.0,0.35,0.0,0.0,0.0,1.0,0.25,8,8,4,,conv-30,ablation_8
vector_store,vector_store+HindsightTag,True,2,21600.0,756000.0,0.7,0.15,0.0,7200.0,0.1,1.0,0.35,0.0,0.0,0.0,1.0,0.25,8,8,4,,conv-30,ablation_9
vector_store,vector_store+HindsightTag,True,2,21600.0,756000.0,0.7,0.3,0.0,7200.0,0.1,1.0,0.35,0.0,0.0,0.0,1.0,0.0,8,8,4,,conv-30,ablation_10
vector_store,vector_store+HindsightTag,True,2,21600.0,756000.0,0.9,0.05,0.0,7200.0,0.1,1.0,0.35,0.0,0.0,0.0,1.0,0.25,8,8,4,,conv-30,ablation_11
vector_store,vector_store+HindsightTag,True,2,21600.0,756000.0,0.9,0.15,0.0,7200.0,0.1,1.0,0.35,0.0,0.0,0.0,1.0,0.25,8,8,4,,conv-30,ablation_12
vector_store,vector_store+HindsightTag,True,2,21600.0,756000.0,0.9,0.3,0.0,7200.0,0.1,1.0,0.35,0.0,0.0,0.0,1.0,0.0,8,8,4,,conv-30,ablation_13
vector_store,vector_store+HindsightTag,True,2,21600.0,756000.0,0.5,0.05,0.0,14400.0,0.1,1.0,0.35,0.0,0.0,0.0,1.0,0.25,8,8,4,,conv-30,ablation_14
vector_store,vector_store+HindsightTag,True,2,21600.0,756000.0,0.5,0.15,0.0,14400.0,0.1,1.0,0.35,0.0,0.0,0.0,1.0,0.25,8,8,4,,conv-30,ablation_15
vector_store,vector_store+HindsightTag,True,2,21600.0,756000.0,0.5,0.3,0.0,14400.0,0.1,1.0,0.35,0.0,0.0,0.0,1.0,0.0,8,8,4,,conv-30,ablation_16
vector_store,vector_store+HindsightTag,True,2,21600.0,756000.0,0.7,0.05,0.0,14400.0,0.1,1.0,0.35,0.0,0.0,0.0,1.0,0.25,8,8,4,,conv-30,ablation_17
vector_store,vector_store+HindsightTag,True,2,21600.0,756000.0,0.7,0.15,0.0,14400.0,0.1,1.0,0.35,0.0,0.0,0.0,1.0,0.25,8,8,4,,conv-30,ablation_18
vector_store,vector_store+HindsightTag,True,2,21600.0,756000.0,0.7,0.3,0.0,14400.0,0.1,1.0,0.35,0.0,0.0,0.0,1.0,0.0,8,8,4,,conv-30,ablation_19
vector_store,vector_store+HindsightTag,True,2,21600.0,756000.0,0.9,0.05,0.0,14400.0,0.1,1.0,0.35,0.0,0.0,0.0,1.0,0.25,8,8,4,,conv-30,ablation_20
vector_store,vector_store+HindsightTag,True,2,21600.0,756000.0,0.9,0.15,0.0,14400.0,0.1,1.0,0.35,0.0,0.0,0.0,1.0,0.25,8,8,4,,conv-30,ablation_21
vector_store,vector_store+HindsightTag,True,2,21600.0,756000.0,0.9,0.3,0.0,14400.0,0.1,1.0,0.35,0.0,0.0,0.0,1.0,0.0,8,8,4,,conv-30,ablation_22
vector_store,vector_store+HindsightTag,True,2,21600.0,756000.0,0.5,0.05,0.0,28800.0,0.1,1.0,0.35,0.0,0.0,0.0,1.0,0.25,8,8,4,,conv-30,ablation_23
vector_store,vector_store+HindsightTag,True,2,21600.0,756000.0,0.5,0.15,0.0,28800.0,0.1,1.0,0.35,0.0,0.0,0.0,1.0,0.25,8,8,4,,conv-30,ablation_24
vector_store,vector_store+HindsightTag,True,2,21600.0,756000.0,0.5,0.3,0.0,28800.0,0.1,1.0,0.35,0.0,0.0,0.0,1.0,0.0,8,8,4,,conv-30,ablation_25
vector_store,vector_store+HindsightTag,True,2,21600.0,756000.0,0.7,0.05,0.0,28800.0,0.1,1.0,0.35,0.0,0.0,0.0,1.0,0.25,8,8,4,,conv-30,ablation_26
vector_store,vector_store+HindsightTag,True,2,21600.0,756000.0,0.7,0.15,0.0,28800.0,0.1,1.0,0.35,0.0,0.0,0.0,1.0,0.25,8,8,4,,conv-30,ablation_27
vector_store,vector_store+HindsightTag,True,2,21600.0,756000.0,0.7,0.3,0.0,28800.0,0.1,1.0,0.35,0.0,0.0,0.0,1.0,0.0,8,8,4,,conv-30,ablation_28
vector_store,vector_store+HindsightTag,True,2,21600.0,756000.0,0.9,0.05,0.0,28800.0,0.1,1.0,0.35,0.0,0.0,0.0,1.0,0.25,8,8,4,,conv-30,ablation_29
vector_store,vector_store+HindsightTag,True,2,21600.0,756000.0,0.9,0.15,0.0,28800.0,0.1,1.0,0.35,0.0,0.0,0.0,1.0,0.25,8,8,4,,conv-30,ablation_30
vector_store,vector_store+HindsightTag,True,2,21600.0,756000.0,0.9,0.3,0.0,28800.0,0.1,1.0,0.35,0.0,0.0,0.0,1.0,0.0,8,8,4,,conv-30,ablation_31
vector_store,vector_store+HindsightTag,True,2,21600.0,3024000.0,0.5,0.05,0.0,7200.0,0.1,1.0,0.35,0.0,0.0,0.0,1.0,0.25,8,8,4,,conv-30,ablation_32
vector_store,vector_store+HindsightTag,True,2,21600.0,3024000.0,0.5,0.15,0.0,7200.0,0.1,1.0,0.35,0.0,0.0,0.0,1.0,0.25,8,8,4,,conv-30,ablation_33
vector_store,vector_store+HindsightTag,True,2,21600.0,3024000.0,0.5,0.3,0.0,7200.0,0.1,1.0,0.35,0.0,0.0,0.0,1.0,0.0,8,8,4,,conv-30,ablation_34
vector_store,vector_store+HindsightTag,True,2,21600.0,3024000.0,0.7,0.05,0.0,7200.0,0.1,1.0,0.35,0.0,0.0,0.0,1.0,0.25,8,8,4,,conv-30,ablation_35
vector_store,vector_store+HindsightTag,True,2,21600.0,3024000.0,0.7,0.15,0.0,7200.0,0.1,1.0,0.35,0.0,0.0,0.0,1.0,0.25,8,8,4,,conv-30,ablation_36
vector_store,vector_store+HindsightTag,True,2,21600.0,3024000.0,0.7,0.3,0.0,7200.0,0.1,1.0,0.35,0.0,0.0,0.0,1.0,0.0,8,8,4,,conv-30,ablation_37
vector_store,vector_store+HindsightTag,True,2,21600.0,3024000.0,0.9,0.05,0.0,7200.0,0.1,1.0,0.35,0.0,0.0,0.0,1.0,0.25,8,8,4,,conv-30,ablation_38
vector_store,vector_store+HindsightTag,True,2,21600.0,3024000.0,0.9,0.15,0.0,7200.0,0.1,1.0,0.35,0.0,0.0,0.0,1.0,0.25,8,8,4,,conv-30,ablation_39
vector_store,vector_store+HindsightTag,True,2,21600.0,3024000.0,0.9,0.3,0.0,7200.0,0.1,1.0,0.35,0.0,0.0,0.0,1.0,0.0,8,8,4,,conv-30,ablation_40
vector_store,vector_store+HindsightTag,True,2,21600.0,3024000.0,0.5,0.05,0.0,14400.0,0.1,1.0,0.35,0.0,0.0,0.0,1.0,0.25,8,8,4,,conv-30,ablation_41
vector_store,vector_store+HindsightTag,True,2,21600.0,3024000.0,0.5,0.15,0.0,14400.0,0.1,1.0,0.35,0.0,0.0,0.0,1.0,0.25,8,8,4,,conv-30,ablation_42
vector_store,vector_store+HindsightTag,True,2,21600.0,3024000.0,0.5,0.3,0.0,14400.0,0.1,1.0,0.35,0.0,0.0,0.0,1.0,0.0,8,8,4,,conv-30,ablation_43
vector_store,vector_store+HindsightTag,True,2,21600.0,3024000.0,0.7,0.05,0.0,14400.0,0.1,1.0,0.35,0.0,0.0,0.0,1.0,0.25,8,8,4,,conv-30,ablation_44
vector_store,vector_store+HindsightTag,True,2,21600.0,3024000.0,0.7,0.15,0.0,14400.0,0.1,1.0,0.35,0.0,0.0,0.0,1.0,0.25,8,8,4,,conv-30,ablation_45
vector_store,vector_store+HindsightTag,True,2,21600.0,3024000.0,0.7,0.3,0.0,14400.0,0.1,1.0,0.35,0.0,0.0,0.0,1.0,0.0,8,8,4,,conv-30,ablation_46
vector_store,vector_store+HindsightTag,True,2,21600.0,3024000.0,0.9,0.05,0.0,14400.0,0.1,1.0,0.35,0.0,0.0,0.0,1.0,0.25,8,8,4,,conv-30,ablation_47
vector_store,vector_store+HindsightTag,True,2,21600.0,3024000.0,0.9,0.15,0.0,14400.0,0.1,1.0,0.35,0.0,0.0,0.0,1.0,0.25,8,8,4,,conv-30,ablation_48
vector_store,vector_store+HindsightTag,True,2,21600.0,3024000.0,0.9,0.3,0.0,14400.0,0.1,1.0,0.35,0.0,0.0,0.0,1.0,0.0,8,8,4,,conv-30,ablation_49
vector_store,vector_store+HindsightTag,True,2,21600.0,3024000.0,0.5,0.05,0.0,28800.0,0.1,1.0,0.35,0.0,0.0,0.0,1.0,0.25,8,8,4,,conv-30,ablation_50
vector_store,vector_store+HindsightTag,True,2,21600.0,3024000.0,0.5,0.15,0.0,28800.0,0.1,1.0,0.35,0.0,0.0,0.0,1.0,0.25,8,8,4,,conv-30,ablation_51
vector_store,vector_store+HindsightTag,True,2,21600.0,3024000.0,0.5,0.3,0.0,28800.0,0.1,1.0,0.35,0.0,0.0,0.0,1.0,0.0,8,8,4,,conv-30,ablation_52
vector_store,vector_store+HindsightTag,True,2,21600.0,3024000.0,0.7,0.05,0.0,28800.0,0.1,1.0,0.35,0.0,0.0,0.0,1.0,0.25,8,8,4,,conv-30,ablation_53
vector_store,vector_store+HindsightTag,True,2,21600.0,3024000.0,0.7,0.15,0.0,28800.0,0.1,1.0,0.35,0.0,0.0,0.0,1.0,0.25,8,8,4,,conv-30,ablation_54
vector_store,vector_store+HindsightTag,True,2,21600.0,3024000.0,0.7,0.3,0.0,28800.0,0.1,1.0,0.35,0.0,0.0,0.0,1.0,0.0,8,8,4,,conv-30,ablation_55
vector_store,vector_store+HindsightTag,True,2,21600.0,3024000.0,0.9,0.05,0.0,28800.0,0.1,1.0,0.35,0.0,0.0,0.0,1.0,0.25,8,8,4,,conv-30,ablation_56
vector_store,vector_store+HindsightTag,True,2,21600.0,3024000.0,0.9,0.15,0.0,28800.0,0.1,1.0,0.35,0.0,0.0,0.0,1.0,0.25,8,8,4,,conv-30,ablation_57
vector_store,vector_store+HindsightTag,True,2,21600.0,3024000.0,0.9,0.3,0.0,28800.0,0.1,1.0,0.35,0.0,0.0,0.0,1.0,0.0,8,8,4,,conv-30,ablation_58
vector_store,vector_store+HindsightTag,True,2,21600.0,6048000.0,0.5,0.05,0.0,7200.0,0.1,1.0,0.35,0.0,0.0,0.0,1.0,0.25,8,8,4,,conv-30,ablation_59
vector_store,vector_store+HindsightTag,True,2,21600.0,6048000.0,0.5,0.15,0.0,7200.0,0.1,1.0,0.35,0.0,0.0,0.0,1.0,0.25,8,8,4,,conv-30,ablation_60
vector_store,vector_store+HindsightTag,True,2,21600.0,6048000.0,0.5,0.3,0.0,7200.0,0.1,1.0,0.35,0.0,0.0,0.0,1.0,0.0,8,8,4,,conv-30,ablation_61
vector_store,vector_store+HindsightTag,True,2,21600.0,6048000.0,0.7,0.05,0.0,7200.0,0.1,1.0,0.35,0.0,0.0,0.0,1.0,0.25,8,8,4,,conv-30,ablation_62
vector_store,vector_store+HindsightTag,True,2,21600.0,6048000.0,0.7,0.15,0.0,7200.0,0.1,1.0,0.35,0.0,0.0,0.0,1.0,0.25,8,8,4,,conv-30,ablation_63
vector_store,vector_store+HindsightTag,True,2,21600.0,6048000.0,0.7,0.3,0.0,7200.0,0.1,1.0,0.35,0.0,0.0,0.0,1.0,0.0,8,8,4,,conv-30,ablation_64
vector_store,vector_store+HindsightTag,True,2,21600.0,6048000.0,0.9,0.05,0.0,7200.0,0.1,1.0,0.35,0.0,0.0,0.0,1.0,0.25,8,8,4,,conv-30,ablation_65
vector_store,vector_store+HindsightTag,True,2,21600.0,6048000.0,0.9,0.15,0.0,7200.0,0.1,1.0,0.35,0.0,0.0,0.0,1.0,0.25,8,8,4,,conv-30,ablation_66
vector_store,vector_store+HindsightTag,True,2,21600.0,6048000.0,0.9,0.3,0.0,7200.0,0.1,1.0,0.35,0.0,0.0,0.0,1.0,0.0,8,8,4,,conv-30,ablation_67
vector_store,vector_store+HindsightTag,True,2,21600.0,6048000.0,0.5,0.05,0.0,14400.0,0.1,1.0,0.35,0.0,0.0,0.0,1.0,0.25,8,8,4,,conv-30,ablation_68
vector_store,vector_store+HindsightTag,True,2,21600.0,6048000.0,0.5,0.15,0.0,14400.0,0.1,1.0,0.35,0.0,0.0,0.0,1.0,0.25,8,8,4,,conv-30,ablation_69
vector_store,vector_store+HindsightTag,True,2,21600.0,6048000.0,0.5,0.3,0.0,14400.0,0.1,1.0,0.35,0.0,0.0,0.0,1.0,0.0,8,8,4,,conv-30,ablation_70
vector_store,vector_store+HindsightTag,True,2,21600.0,6048000.0,0.7,0.05,0.0,14400.0,0.1,1.0,0.35,0.0,0.0,0.0,1.0,0.25,8,8,4,,conv-30,ablation_71
vector_store,vector_store+HindsightTag,True,2,21600.0,6048000.0,0.7,0.15,0.0,14400.0,0.1,1.0,0.35,0.0,0.0,0.0,1.0,0.25,8,8,4,,conv-30,ablation_72
vector_store,vector_store+HindsightTag,True,2,21600.0,6048000.0,0.7,0.3,0.0,14400.0,0.1,1.0,0.35,0.0,0.0,0.0,1.0,0.0,8,8,4,,conv-30,ablation_73
vector_store,vector_store+HindsightTag,True,2,21600.0,6048000.0,0.9,0.05,0.0,14400.0,0.1,1.0,0.35,0.0,0.0,0.0,1.0,0.25,8,8,4,,conv-30,ablation_74
vector_store,vector_store+HindsightTag,True,2,21600.0,6048000.0,0.9,0.15,0.0,14400.0,0.1,1.0,0.35,0.0,0.0,0.0,1.0,0.25,8,8,4,,conv-30,ablation_75
vector_store,vector_store+HindsightTag,True,2,21600.0,6048000.0,0.9,0.3,0.0,14400.0,0.1,1.0,0.35,0.0,0.0,0.0,1.0,0.0,8,8,4,,conv-30,ablation_76
vector_store,vector_store+HindsightTag,True,2,21600.0,6048000.0,0.5,0.05,0.0,28800.0,0.1,1.0,0.35,0.0,0.0,0.0,1.0,0.25,8,8,4,,conv-30,ablation_77
vector_store,vector_store+HindsightTag,True,2,21600.0,6048000.0,0.5,0.15,0.0,28800.0,0.1,1.0,0.35,0.0,0.0,0.0,1.0,0.25,8,8,4,,conv-30,ablation_78
vector_store,vector_store+HindsightTag,True,2,21600.0,6048000.0,0.5,0.3,0.0,28800.0,0.1,1.0,0.35,0.0,0.0,0.0,1.0,0.0,8,8,4,,conv-30,ablation_79
vector_store,vector_store+HindsightTag,True,2,21600.0,6048000.0,0.7,0.05,0.0,28800.0,0.1,1.0,0.35,0.0,0.0,0.0,1.0,0.25,8,8,4,,conv-30,ablation_80
vector_store,vector_store+HindsightTag,True,2,21600.0,6048000.0,0.7,0.15,0.0,28800.0,0.1,1.0,0.35,0.0,0.0,0.0,1.0,0.25,8,8,4,,conv-30,ablation_81
vector_store,vector_store+HindsightTag,True,2,21600.0,6048000.0,0.7,0.3,0.0,28800.0,0.1,1.0,0.35,0.0,0.0,0.0,1.0,0.0,8,8,4,,conv-30,ablation_82
vector_store,vector_store+HindsightTag,True,2,21600.0,6048000.0,0.9,0.05,0.0,28800.0,0.1,1.0,0.35,0.0,0.0,0.0,1.0,0.25,8,8,4,,conv-30,ablation_83
vector_store,vector_store+HindsightTag,True,2,21600.0,6048000.0,0.9,0.15,0.0,28800.0,0.1,1.0,0.35,0.0,0.0,0.0,1.0,0.25,8,8,4,,conv-30,ablation_84
vector_store,vector_store+HindsightTag,True,2,21600.0,6048000.0,0.9,0.3,0.0,28800.0,0.1,1.0,0.35,0.0,0.0,0.0,1.0,0.0,8,8,4,,conv-30,ablation_85
mem0,mem0,False,3,21600.0,3024000.0,0.7,0.1,0.0,14400.0,0.1,1.0,0.35,0.0,0.0,0.0,,0.0,8,8,0,True,conv-30,baseline
mem0,mem0+HindsightTag,True,3,21600.0,3024000.0,0.7,0.1,0.0,14400.0,0.1,1.0,0.35,0.0,0.0,0.0,1.0,0.0,8,8,4,True,conv-30,ablation_0
mem0,mem0+HindsightTag,True,3,21600.0,3024000.0,0.7,0.1,0.25,14400.0,0.1,1.0,0.35,0.0,0.0,0.0,1.0,0.0,8,8,4,True,conv-30,ablation_1
mem0,mem0+HindsightTag,True,3,21600.0,3024000.0,0.7,0.1,0.5,14400.0,0.1,1.0,0.35,0.0,0.0,0.0,1.0,0.0,8,8,4,True,conv-30,ablation_2
mem0,mem0+HindsightTag,True,3,21600.0,3024000.0,0.7,0.1,0.75,14400.0,0.1,1.0,0.35,0.0,0.0,0.0,1.0,0.0,8,8,4,True,conv-30,ablation_3
mem0,mem0+HindsightTag,True,3,21600.0,3024000.0,0.7,0.1,1.0,14400.0,0.1,1.0,0.35,0.0,0.0,0.0,1.0,0.0,8,8,4,True,conv-30,ablation_4
mem0,mem0+HindsightTag,True,3,21600.0,756000.0,0.5,0.05,0.0,7200.0,0.1,1.0,0.35,0.0,0.0,0.0,1.0,0.0,8,8,4,True,conv-30,ablation_5
mem0,mem0+HindsightTag,True,3,21600.0,756000.0,0.5,0.15,0.0,7200.0,0.1,1.0,0.35,0.0,0.0,0.0,1.0,0.0,8,8,4,True,conv-30,ablation_6
mem0,mem0+HindsightTag,True,3,21600.0,756000.0,0.5,0.3,0.0,7200.0,0.1,1.0,0.35,0.0,0.0,0.0,1.0,0.0,8,8,4,True,conv-30,ablation_7
mem0,mem0+HindsightTag,True,3,21600.0,756000.0,0.7,0.05,0.0,7200.0,0.1,1.0,0.35,0.0,0.0,0.0,1.0,0.0,8,8,4,True,conv-30,ablation_8
mem0,mem0+HindsightTag,True,3,21600.0,756000.0,0.7,0.15,0.0,7200.0,0.1,1.0,0.35,0.0,0.0,0.0,1.0,0.0,8,8,4,True,conv-30,ablation_9
mem0,mem0+HindsightTag,True,3,21600.0,756000.0,0.7,0.3,0.0,7200.0,0.1,1.0,0.35,0.0,0.0,0.0,1.0,0.0,8,8,4,True,conv-30,ablation_10
mem0,mem0+HindsightTag,True,3,21600.0,756000.0,0.9,0.05,0.0,7200.0,0.1,1.0,0.35,0.0,0.0,0.0,1.0,0.0,8,8,4,True,conv-30,ablation_11
mem0,mem0+HindsightTag,True,3,21600.0,756000.0,0.9,0.15,0.0,7200.0,0.1,1.0,0.35,0.0,0.0,0.0,1.0,0.0,8,8,4,True,conv-30,ablation_12
mem0,mem0+HindsightTag,True,3,21600.0,756000.0,0.9,0.3,0.0,7200.0,0.1,1.0,0.35,0.0,0.0,0.0,1.0,0.0,8,8,4,True,conv-30,ablation_13
mem0,mem0+HindsightTag,True,3,21600.0,756000.0,0.5,0.05,0.0,14400.0,0.1,1.0,0.35,0.0,0.0,0.0,1.0,0.0,8,8,4,True,conv-30,ablation_14
mem0,mem0+HindsightTag,True,3,21600.0,756000.0,0.5,0.15,0.0,14400.0,0.1,1.0,0.35,0.0,0.0,0.0,1.0,0.0,8,8,4,True,conv-30,ablation_15
mem0,mem0+HindsightTag,True,3,21600.0,756000.0,0.5,0.3,0.0,14400.0,0.1,1.0,0.35,0.0,0.0,0.0,1.0,0.0,8,8,4,True,conv-30,ablation_16
mem0,mem0+HindsightTag,True,3,21600.0,756000.0,0.7,0.05,0.0,14400.0,0.1,1.0,0.35,0.0,0.0,0.0,1.0,0.0,8,8,4,True,conv-30,ablation_17
mem0,mem0+HindsightTag,True,3,21600.0,756000.0,0.7,0.15,0.0,14400.0,0.1,1.0,0.35,0.0,0.0,0.0,1.0,0.0,8,8,4,True,conv-30,ablation_18
mem0,mem0+HindsightTag,True,3,21600.0,756000.0,0.7,0.3,0.0,14400.0,0.1,1.0,0.35,0.0,0.0,0.0,1.0,0.0,8,8,4,True,conv-30,ablation_19
mem0,mem0+HindsightTag,True,3,21600.0,756000.0,0.9,0.05,0.0,14400.0,0.1,1.0,0.35,0.0,0.0,0.0,1.0,0.0,8,8,4,True,conv-30,ablation_20
mem0,mem0+HindsightTag,True,3,21600.0,756000.0,0.9,0.15,0.0,14400.0,0.1,1.0,0.35,0.0,0.0,0.0,1.0,0.0,8,8,4,True,conv-30,ablation_21
mem0,mem0+HindsightTag,True,3,21600.0,756000.0,0.9,0.3,0.0,14400.0,0.1,1.0,0.35,0.0,0.0,0.0,1.0,0.0,8,8,4,True,conv-30,ablation_22
mem0,mem0+HindsightTag,True,3,21600.0,756000.0,0.5,0.05,0.0,28800.0,0.1,1.0,0.35,0.0,0.0,0.0,1.0,0.0,8,8,4,True,conv-30,ablation_23
mem0,mem0+HindsightTag,True,3,21600.0,756000.0,0.5,0.15,0.0,28800.0,0.1,1.0,0.35,0.0,0.0,0.0,1.0,0.0,8,8,4,True,conv-30,ablation_24
mem0,mem0+HindsightTag,True,3,21600.0,756000.0,0.5,0.3,0.0,28800.0,0.1,1.0,0.35,0.0,0.0,0.0,1.0,0.0,8,8,4,True,conv-30,ablation_25
mem0,mem0+HindsightTag,True,3,21600.0,756000.0,0.7,0.05,0.0,28800.0,0.1,1.0,0.35,0.0,0.0,0.0,1.0,0.0,8,8,4,True,conv-30,ablation_26
mem0,mem0+HindsightTag,True,3,21600.0,756000.0,0.7,0.15,0.0,28800.0,0.1,1.0,0.35,0.0,0.0,0.0,1.0,0.0,8,8,4,True,conv-30,ablation_27
mem0,mem0+HindsightTag,True,3,21600.0,756000.0,0.7,0.3,0.0,28800.0,0.1,1.0,0.35,0.0,0.0,0.0,1.0,0.0,8,8,4,True,conv-30,ablation_28
mem0,mem0+HindsightTag,True,3,21600.0,756000.0,0.9,0.05,0.0,28800.0,0.1,1.0,0.35,0.0,0.0,0.0,1.0,0.0,8,8,4,True,conv-30,ablation_29
mem0,mem0+HindsightTag,True,3,21600.0,756000.0,0.9,0.15,0.0,28800.0,0.1,1.0,0.35,0.0,0.0,0.0,1.0,0.0,8,8,4,True,conv-30,ablation_30
mem0,mem0+HindsightTag,True,3,21600.0,756000.0,0.9,0.3,0.0,28800.0,0.1,1.0,0.35,0.0,0.0,0.0,1.0,0.0,8,8,4,True,conv-30,ablation_31
mem0,mem0+HindsightTag,True,3,21600.0,3024000.0,0.5,0.05,0.0,7200.0,0.1,1.0,0.35,0.0,0.0,0.0,1.0,0.0,8,8,4,True,conv-30,ablation_32
mem0,mem0+HindsightTag,True,3,21600.0,3024000.0,0.5,0.15,0.0,7200.0,0.1,1.0,0.35,0.0,0.0,0.0,1.0,0.0,8,8,4,True,conv-30,ablation_33
mem0,mem0+HindsightTag,True,3,21600.0,3024000.0,0.5,0.3,0.0,7200.0,0.1,1.0,0.35,0.0,0.0,0.0,1.0,0.0,8,8,4,True,conv-30,ablation_34
mem0,mem0+HindsightTag,True,3,21600.0,3024000.0,0.7,0.05,0.0,7200.0,0.1,1.0,0.35,0.0,0.0,0.0,1.0,0.0,8,8,4,True,conv-30,ablation_35
mem0,mem0+HindsightTag,True,3,21600.0,3024000.0,0.7,0.15,0.0,7200.0,0.1,1.0,0.35,0.0,0.0,0.0,1.0,0.0,8,8,4,True,conv-30,ablation_36
mem0,mem0+HindsightTag,True,3,21600.0,3024000.0,0.7,0.3,0.0,7200.0,0.1,1.0,0.35,0.0,0.0,0.0,1.0,0.0,8,8,4,True,conv-30,ablation_37
mem0,mem0+HindsightTag,True,3,21600.0,3024000.0,0.9,0.05,0.0,7200.0,0.1,1.0,0.35,0.0,0.0,0.0,1.0,0.0,8,8,4,True,conv-30,ablation_38
mem0,mem0+HindsightTag,True,3,21600.0,3024000.0,0.9,0.15,0.0,7200.0,0.1,1.0,0.35,0.0,0.0,0.0,1.0,0.0,8,8,4,True,conv-30,ablation_39
mem0,mem0+HindsightTag,True,3,21600.0,3024000.0,0.9,0.3,0.0,7200.0,0.1,1.0,0.35,0.0,0.0,0.0,1.0,0.0,8,8,4,True,conv-30,ablation_40
mem0,mem0+HindsightTag,True,3,21600.0,3024000.0,0.5,0.05,0.0,14400.0,0.1,1.0,0.35,0.0,0.0,0.0,1.0,0.0,8,8,4,True,conv-30,ablation_41
mem0,mem0+HindsightTag,True,3,21600.0,3024000.0,0.5,0.15,0.0,14400.0,0.1,1.0,0.35,0.0,0.0,0.0,1.0,0.0,8,8,4,True,conv-30,ablation_42
mem0,mem0+HindsightTag,True,3,21600.0,3024000.0,0.5,0.3,0.0,14400.0,0.1,1.0,0.35,0.0,0.0,0.0,1.0,0.0,8,8,4,True,conv-30,ablation_43
mem0,mem0+HindsightTag,True,3,21600.0,3024000.0,0.7,0.05,0.0,14400.0,0.1,1.0,0.35,0.0,0.0,0.0,1.0,0.0,8,8,4,True,conv-30,ablation_44
mem0,mem0+HindsightTag,True,3,21600.0,3024000.0,0.7,0.15,0.0,14400.0,0.1,1.0,0.35,0.0,0.0,0.0,1.0,0.0,8,8,4,True,conv-30,ablation_45
mem0,mem0+HindsightTag,True,3,21600.0,3024000.0,0.7,0.3,0.0,14400.0,0.1,1.0,0.35,0.0,0.0,0.0,1.0,0.0,8,8,4,True,conv-30,ablation_46
mem0,mem0+HindsightTag,True,3,21600.0,3024000.0,0.9,0.05,0.0,14400.0,0.1,1.0,0.35,0.0,0.0,0.0,1.0,0.0,8,8,4,True,conv-30,ablation_47
mem0,mem0+HindsightTag,True,3,21600.0,3024000.0,0.9,0.15,0.0,14400.0,0.1,1.0,0.35,0.0,0.0,0.0,1.0,0.0,8,8,4,True,conv-30,ablation_48
mem0,mem0+HindsightTag,True,3,21600.0,3024000.0,0.9,0.3,0.0,14400.0,0.1,1.0,0.35,0.0,0.0,0.0,1.0,0.0,8,8,4,True,conv-30,ablation_49
mem0,mem0+HindsightTag,True,3,21600.0,3024000.0,0.5,0.05,0.0,28800.0,0.1,1.0,0.35,0.0,0.0,0.0,1.0,0.0,8,8,4,True,conv-30,ablation_50
mem0,mem0+HindsightTag,True,3,21600.0,3024000.0,0.5,0.15,0.0,28800.0,0.1,1.0,0.35,0.0,0.0,0.0,1.0,0.0,8,8,4,True,conv-30,ablation_51
mem0,mem0+HindsightTag,True,3,21600.0,3024000.0,0.5,0.3,0.0,28800.0,0.1,1.0,0.35,0.0,0.0,0.0,1.0,0.0,8,8,4,True,conv-30,ablation_52
mem0,mem0+HindsightTag,True,3,21600.0,3024000.0,0.7,0.05,0.0,28800.0,0.1,1.0,0.35,0.0,0.0,0.0,1.0,0.0,8,8,4,True,conv-30,ablation_53
mem0,mem0+HindsightTag,True,3,21600.0,3024000.0,0.7,0.15,0.0,28800.0,0.1,1.0,0.35,0.0,0.0,0.0,1.0,0.0,8,8,4,True,conv-30,ablation_54
mem0,mem0+HindsightTag,True,3,21600.0,3024000.0,0.7,0.3,0.0,28800.0,0.1,1.0,0.35,0.0,0.0,0.0,1.0,0.0,8,8,4,True,conv-30,ablation_55
mem0,mem0+HindsightTag,True,3,21600.0,3024000.0,0.9,0.05,0.0,28800.0,0.1,1.0,0.35,0.0,0.0,0.0,1.0,0.0,8,8,4,True,conv-30,ablation_56
mem0,mem0+HindsightTag,True,3,21600.0,3024000.0,0.9,0.15,0.0,28800.0,0.1,1.0,0.35,0.0,0.0,0.0,1.0,0.0,8,8,4,True,conv-30,ablation_57
mem0,mem0+HindsightTag,True,3,21600.0,3024000.0,0.9,0.3,0.0,28800.0,0.1,1.0,0.35,0.0,0.0,0.0,1.0,0.0,8,8,4,True,conv-30,ablation_58
mem0,mem0+HindsightTag,True,3,21600.0,6048000.0,0.5,0.05,0.0,7200.0,0.1,1.0,0.35,0.0,0.0,0.0,1.0,0.0,8,8,4,True,conv-30,ablation_59
mem0,mem0+HindsightTag,True,3,21600.0,6048000.0,0.5,0.15,0.0,7200.0,0.1,1.0,0.35,0.0,0.0,0.0,1.0,0.0,8,8,4,True,conv-30,ablation_60
mem0,mem0+HindsightTag,True,3,21600.0,6048000.0,0.5,0.3,0.0,7200.0,0.1,1.0,0.35,0.0,0.0,0.0,1.0,0.0,8,8,4,True,conv-30,ablation_61
mem0,mem0+HindsightTag,True,3,21600.0,6048000.0,0.7,0.05,0.0,7200.0,0.1,1.0,0.35,0.0,0.0,0.0,1.0,0.0,8,8,4,True,conv-30,ablation_62
mem0,mem0+HindsightTag,True,3,21600.0,6048000.0,0.7,0.15,0.0,7200.0,0.1,1.0,0.35,0.0,0.0,0.0,1.0,0.0,8,8,4,True,conv-30,ablation_63
mem0,mem0+HindsightTag,True,3,21600.0,6048000.0,0.7,0.3,0.0,7200.0,0.1,1.0,0.35,0.0,0.0,0.0,1.0,0.0,8,8,4,True,conv-30,ablation_64
mem0,mem0+HindsightTag,True,3,21600.0,6048000.0,0.9,0.05,0.0,7200.0,0.1,1.0,0.35,0.0,0.0,0.0,1.0,0.0,8,8,4,True,conv-30,ablation_65
mem0,mem0+HindsightTag,True,3,21600.0,6048000.0,0.9,0.15,0.0,7200.0,0.1,1.0,0.35,0.0,0.0,0.0,1.0,0.0,8,8,4,True,conv-30,ablation_66
mem0,mem0+HindsightTag,True,3,21600.0,6048000.0,0.9,0.3,0.0,7200.0,0.1,1.0,0.35,0.0,0.0,0.0,1.0,0.0,8,8,4,True,conv-30,ablation_67
mem0,mem0+HindsightTag,True,3,21600.0,6048000.0,0.5,0.05,0.0,14400.0,0.1,1.0,0.35,0.0,0.0,0.0,1.0,0.0,8,8,4,True,conv-30,ablation_68
mem0,mem0+HindsightTag,True,3,21600.0,6048000.0,0.5,0.15,0.0,14400.0,0.1,1.0,0.35,0.0,0.0,0.0,1.0,0.0,8,8,4,True,conv-30,ablation_69
mem0,mem0+HindsightTag,True,3,21600.0,6048000.0,0.5,0.3,0.0,14400.0,0.1,1.0,0.35,0.0,0.0,0.0,1.0,0.0,8,8,4,True,conv-30,ablation_70
mem0,mem0+HindsightTag,True,3,21600.0,6048000.0,0.7,0.05,0.0,14400.0,0.1,1.0,0.35,0.0,0.0,0.0,1.0,0.0,8,8,4,True,conv-30,ablation_71
mem0,mem0+HindsightTag,True,3,21600.0,6048000.0,0.7,0.15,0.0,14400.0,0.1,1.0,0.35,0.0,0.0,0.0,1.0,0.0,8,8,4,True,conv-30,ablation_72
mem0,mem0+HindsightTag,True,3,21600.0,6048000.0,0.7,0.3,0.0,14400.0,0.1,1.0,0.35,0.0,0.0,0.0,1.0,0.0,8,8,4,True,conv-30,ablation_73
mem0,mem0+HindsightTag,True,3,21600.0,6048000.0,0.9,0.05,0.0,14400.0,0.1,1.0,0.35,0.0,0.0,0.0,1.0,0.0,8,8,4,True,conv-30,ablation_74
mem0,mem0+HindsightTag,True,3,21600.0,6048000.0,0.9,0.15,0.0,14400.0,0.1,1.0,0.35,0.0,0.0,0.0,1.0,0.0,8,8,4,True,conv-30,ablation_75
mem0,mem0+HindsightTag,True,3,21600.0,6048000.0,0.9,0.3,0.0,14400.0,0.1,1.0,0.35,0.0,0.0,0.0,1.0,0.0,8,8,4,True,conv-30,ablation_76
mem0,mem0+HindsightTag,True,3,21600.0,6048000.0,0.5,0.05,0.0,28800.0,0.1,1.0,0.35,0.0,0.0,0.0,1.0,0.0,8,8,4,True,conv-30,ablation_77
mem0,mem0+HindsightTag,True,3,21600.0,6048000.0,0.5,0.15,0.0,28800.0,0.1,1.0,0.35,0.0,0.0,0.0,1.0,0.0,8,8,4,True,conv-30,ablation_78
mem0,mem0+HindsightTag,True,3,21600.0,6048000.0,0.5,0.3,0.0,28800.0,0.1,1.0,0.35,0.0,0.0,0.0,1.0,0.0,8,8,4,True,conv-30,ablation_79
mem0,mem0+HindsightTag,True,3,21600.0,6048000.0,0.7,0.05,0.0,28800.0,0.1,1.0,0.35,0.0,0.0,0.0,1.0,0.0,8,8,4,True,conv-30,ablation_80
mem0,mem0+HindsightTag,True,3,21600.0,6048000.0,0.7,0.15,0.0,28800.0,0.1,1.0,0.35,0.0,0.0,0.0,1.0,0.0,8,8,4,True,conv-30,ablation_81
mem0,mem0+HindsightTag,True,3,21600.0,6048000.0,0.7,0.3,0.0,28800.0,0.1,1.0,0.35,0.0,0.0,0.0,1.0,0.0,8,8,4,True,conv-30,ablation_82
mem0,mem0+HindsightTag,True,3,21600.0,6048000.0,0.9,0.05,0.0,28800.0,0.1,1.0,0.35,0.0,0.0,0.0,1.0,0.0,8,8,4,True,conv-30,ablation_83
mem0,mem0+HindsightTag,True,3,21600.0,6048000.0,0.9,0.15,0.0,28800.0,0.1,1.0,0.35,0.0,0.0,0.0,1.0,0.0,8,8,4,True,conv-30,ablation_84
mem0,mem0+HindsightTag,True,3,21600.0,6048000.0,0.9,0.3,0.0,28800.0,0.1,1.0,0.35,0.0,0.0,0.0,1.0,0.0,8,8,4,True,conv-30,ablation_85
vector_store,vector_store,False,3,21600.0,3024000.0,0.7,0.1,0.0,14400.0,0.1,1.0,0.35,0.0,0.0,0.0,,0.0,8,8,0,,conv-30,baseline
vector_store,vector_store+HindsightTag,True,3,21600.0,3024000.0,0.7,0.1,0.0,14400.0,0.1,1.0,0.35,0.125,0.0,0.125,1.0,0.25,8,8,4,,conv-30,ablation_0
vector_store,vector_store+HindsightTag,True,3,21600.0,3024000.0,0.7,0.1,0.25,14400.0,0.1,1.0,0.35,0.125,0.0,0.125,1.0,0.25,8,8,4,,conv-30,ablation_1
vector_store,vector_store+HindsightTag,True,3,21600.0,3024000.0,0.7,0.1,0.5,14400.0,0.1,1.0,0.35,0.125,0.0,0.125,1.0,0.25,8,8,4,,conv-30,ablation_2
vector_store,vector_store+HindsightTag,True,3,21600.0,3024000.0,0.7,0.1,0.75,14400.0,0.1,1.0,0.35,0.125,0.0,0.125,1.0,0.25,8,8,4,,conv-30,ablation_3
vector_store,vector_store+HindsightTag,True,3,21600.0,3024000.0,0.7,0.1,1.0,14400.0,0.1,1.0,0.35,0.125,0.0,0.125,1.0,0.0,8,8,4,,conv-30,ablation_4
vector_store,vector_store+HindsightTag,True,3,21600.0,756000.0,0.5,0.05,0.0,7200.0,0.1,1.0,0.35,0.125,0.0,0.125,1.0,0.25,8,8,4,,conv-30,ablation_5
vector_store,vector_store+HindsightTag,True,3,21600.0,756000.0,0.5,0.15,0.0,7200.0,0.1,1.0,0.35,0.125,0.0,0.125,1.0,0.25,8,8,4,,conv-30,ablation_6
vector_store,vector_store+HindsightTag,True,3,21600.0,756000.0,0.5,0.3,0.0,7200.0,0.1,1.0,0.35,0.0,0.0,0.0,1.0,0.0,8,8,4,,conv-30,ablation_7
vector_store,vector_store+HindsightTag,True,3,21600.0,756000.0,0.7,0.05,0.0,7200.0,0.1,1.0,0.35,0.125,0.0,0.125,1.0,0.25,8,8,4,,conv-30,ablation_8
vector_store,vector_store+HindsightTag,True,3,21600.0,756000.0,0.7,0.15,0.0,7200.0,0.1,1.0,0.35,0.125,0.0,0.125,1.0,0.25,8,8,4,,conv-30,ablation_9
vector_store,vector_store+HindsightTag,True,3,21600.0,756000.0,0.7,0.3,0.0,7200.0,0.1,1.0,0.35,0.0,0.0,0.0,1.0,0.0,8,8,4,,conv-30,ablation_10
vector_store,vector_store+HindsightTag,True,3,21600.0,756000.0,0.9,0.05,0.0,7200.0,0.1,1.0,0.35,0.125,0.0,0.125,1.0,0.25,8,8,4,,conv-30,ablation_11
vector_store,vector_store+HindsightTag,True,3,21600.0,756000.0,0.9,0.15,0.0,7200.0,0.1,1.0,0.35,0.125,0.0,0.125,1.0,0.25,8,8,4,,conv-30,ablation_12
vector_store,vector_store+HindsightTag,True,3,21600.0,756000.0,0.9,0.3,0.0,7200.0,0.1,1.0,0.35,0.0,0.0,0.0,1.0,0.0,8,8,4,,conv-30,ablation_13
vector_store,vector_store+HindsightTag,True,3,21600.0,756000.0,0.5,0.05,0.0,14400.0,0.1,1.0,0.35,0.125,0.0,0.125,1.0,0.25,8,8,4,,conv-30,ablation_14
vector_store,vector_store+HindsightTag,True,3,21600.0,756000.0,0.5,0.15,0.0,14400.0,0.1,1.0,0.35,0.125,0.0,0.125,1.0,0.25,8,8,4,,conv-30,ablation_15
vector_store,vector_store+HindsightTag,True,3,21600.0,756000.0,0.5,0.3,0.0,14400.0,0.1,1.0,0.35,0.0,0.0,0.0,1.0,0.0,8,8,4,,conv-30,ablation_16
vector_store,vector_store+HindsightTag,True,3,21600.0,756000.0,0.7,0.05,0.0,14400.0,0.1,1.0,0.35,0.125,0.0,0.125,1.0,0.25,8,8,4,,conv-30,ablation_17
vector_store,vector_store+HindsightTag,True,3,21600.0,756000.0,0.7,0.15,0.0,14400.0,0.1,1.0,0.35,0.125,0.0,0.125,1.0,0.25,8,8,4,,conv-30,ablation_18
vector_store,vector_store+HindsightTag,True,3,21600.0,756000.0,0.7,0.3,0.0,14400.0,0.1,1.0,0.35,0.0,0.0,0.0,1.0,0.0,8,8,4,,conv-30,ablation_19
vector_store,vector_store+HindsightTag,True,3,21600.0,756000.0,0.9,0.05,0.0,14400.0,0.1,1.0,0.35,0.125,0.0,0.125,1.0,0.25,8,8,4,,conv-30,ablation_20
vector_store,vector_store+HindsightTag,True,3,21600.0,756000.0,0.9,0.15,0.0,14400.0,0.1,1.0,0.35,0.125,0.0,0.125,1.0,0.25,8,8,4,,conv-30,ablation_21
vector_store,vector_store+HindsightTag,True,3,21600.0,756000.0,0.9,0.3,0.0,14400.0,0.1,1.0,0.35,0.0,0.0,0.0,1.0,0.0,8,8,4,,conv-30,ablation_22
vector_store,vector_store+HindsightTag,True,3,21600.0,756000.0,0.5,0.05,0.0,28800.0,0.1,1.0,0.35,0.125,0.0,0.125,1.0,0.25,8,8,4,,conv-30,ablation_23
vector_store,vector_store+HindsightTag,True,3,21600.0,756000.0,0.5,0.15,0.0,28800.0,0.1,1.0,0.35,0.125,0.0,0.125,1.0,0.25,8,8,4,,conv-30,ablation_24
vector_store,vector_store+HindsightTag,True,3,21600.0,756000.0,0.5,0.3,0.0,28800.0,0.1,1.0,0.35,0.0,0.0,0.0,1.0,0.0,8,8,4,,conv-30,ablation_25
vector_store,vector_store+HindsightTag,True,3,21600.0,756000.0,0.7,0.05,0.0,28800.0,0.1,1.0,0.35,0.125,0.0,0.125,1.0,0.25,8,8,4,,conv-30,ablation_26
vector_store,vector_store+HindsightTag,True,3,21600.0,756000.0,0.7,0.15,0.0,28800.0,0.1,1.0,0.35,0.125,0.0,0.125,1.0,0.25,8,8,4,,conv-30,ablation_27
vector_store,vector_store+HindsightTag,True,3,21600.0,756000.0,0.7,0.3,0.0,28800.0,0.1,1.0,0.35,0.0,0.0,0.0,1.0,0.0,8,8,4,,conv-30,ablation_28
vector_store,vector_store+HindsightTag,True,3,21600.0,756000.0,0.9,0.05,0.0,28800.0,0.1,1.0,0.35,0.125,0.0,0.125,1.0,0.25,8,8,4,,conv-30,ablation_29
vector_store,vector_store+HindsightTag,True,3,21600.0,756000.0,0.9,0.15,0.0,28800.0,0.1,1.0,0.35,0.125,0.0,0.125,1.0,0.25,8,8,4,,conv-30,ablation_30
vector_store,vector_store+HindsightTag,True,3,21600.0,756000.0,0.9,0.3,0.0,28800.0,0.1,1.0,0.35,0.0,0.0,0.0,1.0,0.0,8,8,4,,conv-30,ablation_31
vector_store,vector_store+HindsightTag,True,3,21600.0,3024000.0,0.5,0.05,0.0,7200.0,0.1,1.0,0.35,0.125,0.0,0.125,1.0,0.25,8,8,4,,conv-30,ablation_32
vector_store,vector_store+HindsightTag,True,3,21600.0,3024000.0,0.5,0.15,0.0,7200.0,0.1,1.0,0.35,0.125,0.0,0.125,1.0,0.25,8,8,4,,conv-30,ablation_33
vector_store,vector_store+HindsightTag,True,3,21600.0,3024000.0,0.5,0.3,0.0,7200.0,0.1,1.0,0.35,0.0,0.0,0.0,1.0,0.0,8,8,4,,conv-30,ablation_34
vector_store,vector_store+HindsightTag,True,3,21600.0,3024000.0,0.7,0.05,0.0,7200.0,0.1,1.0,0.35,0.125,0.0,0.125,1.0,0.25,8,8,4,,conv-30,ablation_35
vector_store,vector_store+HindsightTag,True,3,21600.0,3024000.0,0.7,0.15,0.0,7200.0,0.1,1.0,0.35,0.125,0.0,0.125,1.0,0.25,8,8,4,,conv-30,ablation_36
vector_store,vector_store+HindsightTag,True,3,21600.0,3024000.0,0.7,0.3,0.0,7200.0,0.1,1.0,0.35,0.0,0.0,0.0,1.0,0.0,8,8,4,,conv-30,ablation_37
vector_store,vector_store+HindsightTag,True,3,21600.0,3024000.0,0.9,0.05,0.0,7200.0,0.1,1.0,0.35,0.125,0.0,0.125,1.0,0.25,8,8,4,,conv-30,ablation_38
vector_store,vector_store+HindsightTag,True,3,21600.0,3024000.0,0.9,0.15,0.0,7200.0,0.1,1.0,0.35,0.125,0.0,0.125,1.0,0.25,8,8,4,,conv-30,ablation_39
vector_store,vector_store+HindsightTag,True,3,21600.0,3024000.0,0.9,0.3,0.0,7200.0,0.1,1.0,0.35,0.0,0.0,0.0,1.0,0.0,8,8,4,,conv-30,ablation_40
vector_store,vector_store+HindsightTag,True,3,21600.0,3024000.0,0.5,0.05,0.0,14400.0,0.1,1.0,0.35,0.125,0.0,0.125,1.0,0.25,8,8,4,,conv-30,ablation_41
vector_store,vector_store+HindsightTag,True,3,21600.0,3024000.0,0.5,0.15,0.0,14400.0,0.1,1.0,0.35,0.125,0.0,0.125,1.0,0.25,8,8,4,,conv-30,ablation_42
vector_store,vector_store+HindsightTag,True,3,21600.0,3024000.0,0.5,0.3,0.0,14400.0,0.1,1.0,0.35,0.0,0.0,0.0,1.0,0.0,8,8,4,,conv-30,ablation_43
vector_store,vector_store+HindsightTag,True,3,21600.0,3024000.0,0.7,0.05,0.0,14400.0,0.1,1.0,0.35,0.125,0.0,0.125,1.0,0.25,8,8,4,,conv-30,ablation_44
vector_store,vector_store+HindsightTag,True,3,21600.0,3024000.0,0.7,0.15,0.0,14400.0,0.1,1.0,0.35,0.125,0.0,0.125,1.0,0.25,8,8,4,,conv-30,ablation_45
vector_store,vector_store+HindsightTag,True,3,21600.0,3024000.0,0.7,0.3,0.0,14400.0,0.1,1.0,0.35,0.0,0.0,0.0,1.0,0.0,8,8,4,,conv-30,ablation_46
vector_store,vector_store+HindsightTag,True,3,21600.0,3024000.0,0.9,0.05,0.0,14400.0,0.1,1.0,0.35,0.125,0.0,0.125,1.0,0.25,8,8,4,,conv-30,ablation_47
vector_store,vector_store+HindsightTag,True,3,21600.0,3024000.0,0.9,0.15,0.0,14400.0,0.1,1.0,0.35,0.125,0.0,0.125,1.0,0.25,8,8,4,,conv-30,ablation_48
vector_store,vector_store+HindsightTag,True,3,21600.0,3024000.0,0.9,0.3,0.0,14400.0,0.1,1.0,0.35,0.0,0.0,0.0,1.0,0.0,8,8,4,,conv-30,ablation_49
vector_store,vector_store+HindsightTag,True,3,21600.0,3024000.0,0.5,0.05,0.0,28800.0,0.1,1.0,0.35,0.125,0.0,0.125,1.0,0.25,8,8,4,,conv-30,ablation_50
vector_store,vector_store+HindsightTag,True,3,21600.0,3024000.0,0.5,0.15,0.0,28800.0,0.1,1.0,0.35,0.125,0.0,0.125,1.0,0.25,8,8,4,,conv-30,ablation_51
vector_store,vector_store+HindsightTag,True,3,21600.0,3024000.0,0.5,0.3,0.0,28800.0,0.1,1.0,0.35,0.0,0.0,0.0,1.0,0.0,8,8,4,,conv-30,ablation_52
vector_store,vector_store+HindsightTag,True,3,21600.0,3024000.0,0.7,0.05,0.0,28800.0,0.1,1.0,0.35,0.125,0.0,0.125,1.0,0.25,8,8,4,,conv-30,ablation_53
vector_store,vector_store+HindsightTag,True,3,21600.0,3024000.0,0.7,0.15,0.0,28800.0,0.1,1.0,0.35,0.125,0.0,0.125,1.0,0.25,8,8,4,,conv-30,ablation_54
vector_store,vector_store+HindsightTag,True,3,21600.0,3024000.0,0.7,0.3,0.0,28800.0,0.1,1.0,0.35,0.0,0.0,0.0,1.0,0.0,8,8,4,,conv-30,ablation_55
vector_store,vector_store+HindsightTag,True,3,21600.0,3024000.0,0.9,0.05,0.0,28800.0,0.1,1.0,0.35,0.125,0.0,0.125,1.0,0.25,8,8,4,,conv-30,ablation_56
vector_store,vector_store+HindsightTag,True,3,21600.0,3024000.0,0.9,0.15,0.0,28800.0,0.1,1.0,0.35,0.125,0.0,0.125,1.0,0.25,8,8,4,,conv-30,ablation_57
vector_store,vector_store+HindsightTag,True,3,21600.0,3024000.0,0.9,0.3,0.0,28800.0,0.1,1.0,0.35,0.0,0.0,0.0,1.0,0.0,8,8,4,,conv-30,ablation_58
vector_store,vector_store+HindsightTag,True,3,21600.0,6048000.0,0.5,0.05,0.0,7200.0,0.1,1.0,0.35,0.125,0.0,0.125,1.0,0.25,8,8,4,,conv-30,ablation_59
vector_store,vector_store+HindsightTag,True,3,21600.0,6048000.0,0.5,0.15,0.0,7200.0,0.1,1.0,0.35,0.125,0.0,0.125,1.0,0.25,8,8,4,,conv-30,ablation_60
vector_store,vector_store+HindsightTag,True,3,21600.0,6048000.0,0.5,0.3,0.0,7200.0,0.1,1.0,0.35,0.0,0.0,0.0,1.0,0.0,8,8,4,,conv-30,ablation_61
vector_store,vector_store+HindsightTag,True,3,21600.0,6048000.0,0.7,0.05,0.0,7200.0,0.1,1.0,0.35,0.125,0.0,0.125,1.0,0.25,8,8,4,,conv-30,ablation_62
vector_store,vector_store+HindsightTag,True,3,21600.0,6048000.0,0.7,0.15,0.0,7200.0,0.1,1.0,0.35,0.125,0.0,0.125,1.0,0.25,8,8,4,,conv-30,ablation_63
vector_store,vector_store+HindsightTag,True,3,21600.0,6048000.0,0.7,0.3,0.0,7200.0,0.1,1.0,0.35,0.0,0.0,0.0,1.0,0.0,8,8,4,,conv-30,ablation_64
vector_store,vector_store+HindsightTag,True,3,21600.0,6048000.0,0.9,0.05,0.0,7200.0,0.1,1.0,0.35,0.125,0.0,0.125,1.0,0.25,8,8,4,,conv-30,ablation_65
vector_store,vector_store+HindsightTag,True,3,21600.0,6048000.0,0.9,0.15,0.0,7200.0,0.1,1.0,0.35,0.125,0.0,0.125,1.0,0.25,8,8,4,,conv-30,ablation_66
vector_store,vector_store+HindsightTag,True,3,21600.0,6048000.0,0.9,0.3,0.0,7200.0,0.1,1.0,0.35,0.0,0.0,0.0,1.0,0.0,8,8,4,,conv-30,ablation_67
vector_store,vector_store+HindsightTag,True,3,21600.0,6048000.0,0.5,0.05,0.0,14400.0,0.1,1.0,0.35,0.125,0.0,0.125,1.0,0.25,8,8,4,,conv-30,ablation_68
vector_store,vector_store+HindsightTag,True,3,21600.0,6048000.0,0.5,0.15,0.0,14400.0,0.1,1.0,0.35,0.125,0.0,0.125,1.0,0.25,8,8,4,,conv-30,ablation_69
vector_store,vector_store+HindsightTag,True,3,21600.0,6048000.0,0.5,0.3,0.0,14400.0,0.1,1.0,0.35,0.0,0.0,0.0,1.0,0.0,8,8,4,,conv-30,ablation_70
vector_store,vector_store+HindsightTag,True,3,21600.0,6048000.0,0.7,0.05,0.0,14400.0,0.1,1.0,0.35,0.125,0.0,0.125,1.0,0.25,8,8,4,,conv-30,ablation_71
vector_store,vector_store+HindsightTag,True,3,21600.0,6048000.0,0.7,0.15,0.0,14400.0,0.1,1.0,0.35,0.125,0.0,0.125,1.0,0.25,8,8,4,,conv-30,ablation_72
vector_store,vector_store+HindsightTag,True,3,21600.0,6048000.0,0.7,0.3,0.0,14400.0,0.1,1.0,0.35,0.0,0.0,0.0,1.0,0.0,8,8,4,,conv-30,ablation_73
vector_store,vector_store+HindsightTag,True,3,21600.0,6048000.0,0.9,0.05,0.0,14400.0,0.1,1.0,0.35,0.125,0.0,0.125,1.0,0.25,8,8,4,,conv-30,ablation_74
vector_store,vector_store+HindsightTag,True,3,21600.0,6048000.0,0.9,0.15,0.0,14400.0,0.1,1.0,0.35,0.125,0.0,0.125,1.0,0.25,8,8,4,,conv-30,ablation_75
vector_store,vector_store+HindsightTag,True,3,21600.0,6048000.0,0.9,0.3,0.0,14400.0,0.1,1.0,0.35,0.0,0.0,0.0,1.0,0.0,8,8,4,,conv-30,ablation_76
vector_store,vector_store+HindsightTag,True,3,21600.0,6048000.0,0.5,0.05,0.0,28800.0,0.1,1.0,0.35,0.125,0.0,0.125,1.0,0.25,8,8,4,,conv-30,ablation_77
vector_store,vector_store+HindsightTag,True,3,21600.0,6048000.0,0.5,0.15,0.0,28800.0,0.1,1.0,0.35,0.125,0.0,0.125,1.0,0.25,8,8,4,,conv-30,ablation_78
vector_store,vector_store+HindsightTag,True,3,21600.0,6048000.0,0.5,0.3,0.0,28800.0,0.1,1.0,0.35,0.0,0.0,0.0,1.0,0.0,8,8,4,,conv-30,ablation_79
vector_store,vector_store+HindsightTag,True,3,21600.0,6048000.0,0.7,0.05,0.0,28800.0,0.1,1.0,0.35,0.125,0.0,0.125,1.0,0.25,8,8,4,,conv-30,ablation_80
vector_store,vector_store+HindsightTag,True,3,21600.0,6048000.0,0.7,0.15,0.0,28800.0,0.1,1.0,0.35,0.125,0.0,0.125,1.0,0.25,8,8,4,,conv-30,ablation_81
vector_store,vector_store+HindsightTag,True,3,21600.0,6048000.0,0.7,0.3,0.0,28800.0,0.1,1.0,0.35,0.0,0.0,0.0,1.0,0.0,8,8,4,,conv-30,ablation_82
vector_store,vector_store+HindsightTag,True,3,21600.0,6048000.0,0.9,0.05,0.0,28800.0,0.1,1.0,0.35,0.125,0.0,0.125,1.0,0.25,8,8,4,,conv-30,ablation_83
vector_store,vector_store+HindsightTag,True,3,21600.0,6048000.0,0.9,0.15,0.0,28800.0,0.1,1.0,0.35,0.125,0.0,0.125,1.0,0.25,8,8,4,,conv-30,ablation_84
vector_store,vector_store+HindsightTag,True,3,21600.0,6048000.0,0.9,0.3,0.0,28800.0,0.1,1.0,0.35,0.0,0.0,0.0,1.0,0.0,8,8,4,,conv-30,ablation_85
mem0,mem0,False,4,21600.0,3024000.0,0.7,0.1,0.0,14400.0,0.1,1.0,0.35,0.0,0.0,0.0,,0.0,8,8,0,True,conv-30,baseline
mem0,mem0+HindsightTag,True,4,21600.0,3024000.0,0.7,0.1,0.0,14400.0,0.1,1.0,0.35,0.0,0.0,0.0,1.0,0.0,8,8,4,True,conv-30,ablation_0
mem0,mem0+HindsightTag,True,4,21600.0,3024000.0,0.7,0.1,0.25,14400.0,0.1,1.0,0.35,0.0,0.0,0.0,1.0,0.0,8,8,4,True,conv-30,ablation_1
mem0,mem0+HindsightTag,True,4,21600.0,3024000.0,0.7,0.1,0.5,14400.0,0.1,1.0,0.35,0.0,0.0,0.0,1.0,0.0,8,8,4,True,conv-30,ablation_2
mem0,mem0+HindsightTag,True,4,21600.0,3024000.0,0.7,0.1,0.75,14400.0,0.1,1.0,0.35,0.0,0.0,0.0,1.0,0.0,8,8,4,True,conv-30,ablation_3
mem0,mem0+HindsightTag,True,4,21600.0,3024000.0,0.7,0.1,1.0,14400.0,0.1,1.0,0.35,0.0,0.0,0.0,1.0,0.0,8,8,4,True,conv-30,ablation_4
mem0,mem0+HindsightTag,True,4,21600.0,756000.0,0.5,0.05,0.0,7200.0,0.1,1.0,0.35,0.0,0.0,0.0,1.0,0.0,8,8,4,True,conv-30,ablation_5
mem0,mem0+HindsightTag,True,4,21600.0,756000.0,0.5,0.15,0.0,7200.0,0.1,1.0,0.35,0.0,0.0,0.0,1.0,0.0,8,8,4,True,conv-30,ablation_6
mem0,mem0+HindsightTag,True,4,21600.0,756000.0,0.5,0.3,0.0,7200.0,0.1,1.0,0.35,0.0,0.0,0.0,1.0,0.0,8,8,4,True,conv-30,ablation_7
mem0,mem0+HindsightTag,True,4,21600.0,756000.0,0.7,0.05,0.0,7200.0,0.1,1.0,0.35,0.0,0.0,0.0,1.0,0.0,8,8,4,True,conv-30,ablation_8
mem0,mem0+HindsightTag,True,4,21600.0,756000.0,0.7,0.15,0.0,7200.0,0.1,1.0,0.35,0.0,0.0,0.0,1.0,0.0,8,8,4,True,conv-30,ablation_9
mem0,mem0+HindsightTag,True,4,21600.0,756000.0,0.7,0.3,0.0,7200.0,0.1,1.0,0.35,0.0,0.0,0.0,1.0,0.0,8,8,4,True,conv-30,ablation_10
mem0,mem0+HindsightTag,True,4,21600.0,756000.0,0.9,0.05,0.0,7200.0,0.1,1.0,0.35,0.0,0.0,0.0,1.0,0.0,8,8,4,True,conv-30,ablation_11
mem0,mem0+HindsightTag,True,4,21600.0,756000.0,0.9,0.15,0.0,7200.0,0.1,1.0,0.35,0.0,0.0,0.0,1.0,0.0,8,8,4,True,conv-30,ablation_12
mem0,mem0+HindsightTag,True,4,21600.0,756000.0,0.9,0.3,0.0,7200.0,0.1,1.0,0.35,0.0,0.0,0.0,1.0,0.0,8,8,4,True,conv-30,ablation_13
mem0,mem0+HindsightTag,True,4,21600.0,756000.0,0.5,0.05,0.0,14400.0,0.1,1.0,0.35,0.0,0.0,0.0,1.0,0.0,8,8,4,True,conv-30,ablation_14
mem0,mem0+HindsightTag,True,4,21600.0,756000.0,0.5,0.15,0.0,14400.0,0.1,1.0,0.35,0.0,0.0,0.0,1.0,0.0,8,8,4,True,conv-30,ablation_15
mem0,mem0+HindsightTag,True,4,21600.0,756000.0,0.5,0.3,0.0,14400.0,0.1,1.0,0.35,0.0,0.0,0.0,1.0,0.0,8,8,4,True,conv-30,ablation_16
mem0,mem0+HindsightTag,True,4,21600.0,756000.0,0.7,0.05,0.0,14400.0,0.1,1.0,0.35,0.0,0.0,0.0,1.0,0.0,8,8,4,True,conv-30,ablation_17
mem0,mem0+HindsightTag,True,4,21600.0,756000.0,0.7,0.15,0.0,14400.0,0.1,1.0,0.35,0.0,0.0,0.0,1.0,0.0,8,8,4,True,conv-30,ablation_18
mem0,mem0+HindsightTag,True,4,21600.0,756000.0,0.7,0.3,0.0,14400.0,0.1,1.0,0.35,0.0,0.0,0.0,1.0,0.0,8,8,4,True,conv-30,ablation_19
mem0,mem0+HindsightTag,True,4,21600.0,756000.0,0.9,0.05,0.0,14400.0,0.1,1.0,0.35,0.0,0.0,0.0,1.0,0.0,8,8,4,True,conv-30,ablation_20
mem0,mem0+HindsightTag,True,4,21600.0,756000.0,0.9,0.15,0.0,14400.0,0.1,1.0,0.35,0.0,0.0,0.0,1.0,0.0,8,8,4,True,conv-30,ablation_21
mem0,mem0+HindsightTag,True,4,21600.0,756000.0,0.9,0.3,0.0,14400.0,0.1,1.0,0.35,0.0,0.0,0.0,1.0,0.0,8,8,4,True,conv-30,ablation_22
mem0,mem0+HindsightTag,True,4,21600.0,756000.0,0.5,0.05,0.0,28800.0,0.1,1.0,0.35,0.0,0.0,0.0,1.0,0.0,8,8,4,True,conv-30,ablation_23
mem0,mem0+HindsightTag,True,4,21600.0,756000.0,0.5,0.15,0.0,28800.0,0.1,1.0,0.35,0.0,0.0,0.0,1.0,0.0,8,8,4,True,conv-30,ablation_24
mem0,mem0+HindsightTag,True,4,21600.0,756000.0,0.5,0.3,0.0,28800.0,0.1,1.0,0.35,0.0,0.0,0.0,1.0,0.0,8,8,4,True,conv-30,ablation_25
mem0,mem0+HindsightTag,True,4,21600.0,756000.0,0.7,0.05,0.0,28800.0,0.1,1.0,0.35,0.0,0.0,0.0,1.0,0.0,8,8,4,True,conv-30,ablation_26
mem0,mem0+HindsightTag,True,4,21600.0,756000.0,0.7,0.15,0.0,28800.0,0.1,1.0,0.35,0.0,0.0,0.0,1.0,0.0,8,8,4,True,conv-30,ablation_27
mem0,mem0+HindsightTag,True,4,21600.0,756000.0,0.7,0.3,0.0,28800.0,0.1,1.0,0.35,0.0,0.0,0.0,1.0,0.0,8,8,4,True,conv-30,ablation_28
mem0,mem0+HindsightTag,True,4,21600.0,756000.0,0.9,0.05,0.0,28800.0,0.1,1.0,0.35,0.0,0.0,0.0,1.0,0.0,8,8,4,True,conv-30,ablation_29
mem0,mem0+HindsightTag,True,4,21600.0,756000.0,0.9,0.15,0.0,28800.0,0.1,1.0,0.35,0.0,0.0,0.0,1.0,0.0,8,8,4,True,conv-30,ablation_30
mem0,mem0+HindsightTag,True,4,21600.0,756000.0,0.9,0.3,0.0,28800.0,0.1,1.0,0.35,0.0,0.0,0.0,1.0,0.0,8,8,4,True,conv-30,ablation_31
mem0,mem0+HindsightTag,True,4,21600.0,3024000.0,0.5,0.05,0.0,7200.0,0.1,1.0,0.35,0.0,0.0,0.0,1.0,0.0,8,8,4,True,conv-30,ablation_32
mem0,mem0+HindsightTag,True,4,21600.0,3024000.0,0.5,0.15,0.0,7200.0,0.1,1.0,0.35,0.0,0.0,0.0,1.0,0.0,8,8,4,True,conv-30,ablation_33
mem0,mem0+HindsightTag,True,4,21600.0,3024000.0,0.5,0.3,0.0,7200.0,0.1,1.0,0.35,0.0,0.0,0.0,1.0,0.0,8,8,4,True,conv-30,ablation_34
mem0,mem0+HindsightTag,True,4,21600.0,3024000.0,0.7,0.05,0.0,7200.0,0.1,1.0,0.35,0.0,0.0,0.0,1.0,0.0,8,8,4,True,conv-30,ablation_35
mem0,mem0+HindsightTag,True,4,21600.0,3024000.0,0.7,0.15,0.0,7200.0,0.1,1.0,0.35,0.0,0.0,0.0,1.0,0.0,8,8,4,True,conv-30,ablation_36
mem0,mem0+HindsightTag,True,4,21600.0,3024000.0,0.7,0.3,0.0,7200.0,0.1,1.0,0.35,0.0,0.0,0.0,1.0,0.0,8,8,4,True,conv-30,ablation_37
mem0,mem0+HindsightTag,True,4,21600.0,3024000.0,0.9,0.05,0.0,7200.0,0.1,1.0,0.35,0.0,0.0,0.0,1.0,0.0,8,8,4,True,conv-30,ablation_38
mem0,mem0+HindsightTag,True,4,21600.0,3024000.0,0.9,0.15,0.0,7200.0,0.1,1.0,0.35,0.0,0.0,0.0,1.0,0.0,8,8,4,True,conv-30,ablation_39
mem0,mem0+HindsightTag,True,4,21600.0,3024000.0,0.9,0.3,0.0,7200.0,0.1,1.0,0.35,0.0,0.0,0.0,1.0,0.0,8,8,4,True,conv-30,ablation_40
mem0,mem0+HindsightTag,True,4,21600.0,3024000.0,0.5,0.05,0.0,14400.0,0.1,1.0,0.35,0.0,0.0,0.0,1.0,0.0,8,8,4,True,conv-30,ablation_41
mem0,mem0+HindsightTag,True,4,21600.0,3024000.0,0.5,0.15,0.0,14400.0,0.1,1.0,0.35,0.0,0.0,0.0,1.0,0.0,8,8,4,True,conv-30,ablation_42
mem0,mem0+HindsightTag,True,4,21600.0,3024000.0,0.5,0.3,0.0,14400.0,0.1,1.0,0.35,0.0,0.0,0.0,1.0,0.0,8,8,4,True,conv-30,ablation_43
mem0,mem0+HindsightTag,True,4,21600.0,3024000.0,0.7,0.05,0.0,14400.0,0.1,1.0,0.35,0.0,0.0,0.0,1.0,0.0,8,8,4,True,conv-30,ablation_44
mem0,mem0+HindsightTag,True,4,21600.0,3024000.0,0.7,0.15,0.0,14400.0,0.1,1.0,0.35,0.0,0.0,0.0,1.0,0.0,8,8,4,True,conv-30,ablation_45
mem0,mem0+HindsightTag,True,4,21600.0,3024000.0,0.7,0.3,0.0,14400.0,0.1,1.0,0.35,0.0,0.0,0.0,1.0,0.0,8,8,4,True,conv-30,ablation_46
mem0,mem0+HindsightTag,True,4,21600.0,3024000.0,0.9,0.05,0.0,14400.0,0.1,1.0,0.35,0.0,0.0,0.0,1.0,0.0,8,8,4,True,conv-30,ablation_47
mem0,mem0+HindsightTag,True,4,21600.0,3024000.0,0.9,0.15,0.0,14400.0,0.1,1.0,0.35,0.0,0.0,0.0,1.0,0.0,8,8,4,True,conv-30,ablation_48
mem0,mem0+HindsightTag,True,4,21600.0,3024000.0,0.9,0.3,0.0,14400.0,0.1,1.0,0.35,0.0,0.0,0.0,1.0,0.0,8,8,4,True,conv-30,ablation_49
mem0,mem0+HindsightTag,True,4,21600.0,3024000.0,0.5,0.05,0.0,28800.0,0.1,1.0,0.35,0.0,0.0,0.0,1.0,0.0,8,8,4,True,conv-30,ablation_50
mem0,mem0+HindsightTag,True,4,21600.0,3024000.0,0.5,0.15,0.0,28800.0,0.1,1.0,0.35,0.0,0.0,0.0,1.0,0.0,8,8,4,True,conv-30,ablation_51
mem0,mem0+HindsightTag,True,4,21600.0,3024000.0,0.5,0.3,0.0,28800.0,0.1,1.0,0.35,0.0,0.0,0.0,1.0,0.0,8,8,4,True,conv-30,ablation_52
mem0,mem0+HindsightTag,True,4,21600.0,3024000.0,0.7,0.05,0.0,28800.0,0.1,1.0,0.35,0.0,0.0,0.0,1.0,0.0,8,8,4,True,conv-30,ablation_53
mem0,mem0+HindsightTag,True,4,21600.0,3024000.0,0.7,0.15,0.0,28800.0,0.1,1.0,0.35,0.0,0.0,0.0,1.0,0.0,8,8,4,True,conv-30,ablation_54
mem0,mem0+HindsightTag,True,4,21600.0,3024000.0,0.7,0.3,0.0,28800.0,0.1,1.0,0.35,0.0,0.0,0.0,1.0,0.0,8,8,4,True,conv-30,ablation_55
mem0,mem0+HindsightTag,True,4,21600.0,3024000.0,0.9,0.05,0.0,28800.0,0.1,1.0,0.35,0.0,0.0,0.0,1.0,0.0,8,8,4,True,conv-30,ablation_56
mem0,mem0+HindsightTag,True,4,21600.0,3024000.0,0.9,0.15,0.0,28800.0,0.1,1.0,0.35,0.0,0.0,0.0,1.0,0.0,8,8,4,True,conv-30,ablation_57
mem0,mem0+HindsightTag,True,4,21600.0,3024000.0,0.9,0.3,0.0,28800.0,0.1,1.0,0.35,0.0,0.0,0.0,1.0,0.0,8,8,4,True,conv-30,ablation_58
mem0,mem0+HindsightTag,True,4,21600.0,6048000.0,0.5,0.05,0.0,7200.0,0.1,1.0,0.35,0.0,0.0,0.0,1.0,0.0,8,8,4,True,conv-30,ablation_59
mem0,mem0+HindsightTag,True,4,21600.0,6048000.0,0.5,0.15,0.0,7200.0,0.1,1.0,0.35,0.0,0.0,0.0,1.0,0.0,8,8,4,True,conv-30,ablation_60
mem0,mem0+HindsightTag,True,4,21600.0,6048000.0,0.5,0.3,0.0,7200.0,0.1,1.0,0.35,0.0,0.0,0.0,1.0,0.0,8,8,4,True,conv-30,ablation_61
mem0,mem0+HindsightTag,True,4,21600.0,6048000.0,0.7,0.05,0.0,7200.0,0.1,1.0,0.35,0.0,0.0,0.0,1.0,0.0,8,8,4,True,conv-30,ablation_62
mem0,mem0+HindsightTag,True,4,21600.0,6048000.0,0.7,0.15,0.0,7200.0,0.1,1.0,0.35,0.0,0.0,0.0,1.0,0.0,8,8,4,True,conv-30,ablation_63
mem0,mem0+HindsightTag,True,4,21600.0,6048000.0,0.7,0.3,0.0,7200.0,0.1,1.0,0.35,0.0,0.0,0.0,1.0,0.0,8,8,4,True,conv-30,ablation_64
mem0,mem0+HindsightTag,True,4,21600.0,6048000.0,0.9,0.05,0.0,7200.0,0.1,1.0,0.35,0.0,0.0,0.0,1.0,0.0,8,8,4,True,conv-30,ablation_65
mem0,mem0+HindsightTag,True,4,21600.0,6048000.0,0.9,0.15,0.0,7200.0,0.1,1.0,0.35,0.0,0.0,0.0,1.0,0.0,8,8,4,True,conv-30,ablation_66
mem0,mem0+HindsightTag,True,4,21600.0,6048000.0,0.9,0.3,0.0,7200.0,0.1,1.0,0.35,0.0,0.0,0.0,1.0,0.0,8,8,4,True,conv-30,ablation_67
mem0,mem0+HindsightTag,True,4,21600.0,6048000.0,0.5,0.05,0.0,14400.0,0.1,1.0,0.35,0.0,0.0,0.0,1.0,0.0,8,8,4,True,conv-30,ablation_68
mem0,mem0+HindsightTag,True,4,21600.0,6048000.0,0.5,0.15,0.0,14400.0,0.1,1.0,0.35,0.0,0.0,0.0,1.0,0.0,8,8,4,True,conv-30,ablation_69
mem0,mem0+HindsightTag,True,4,21600.0,6048000.0,0.5,0.3,0.0,14400.0,0.1,1.0,0.35,0.0,0.0,0.0,1.0,0.0,8,8,4,True,conv-30,ablation_70
mem0,mem0+HindsightTag,True,4,21600.0,6048000.0,0.7,0.05,0.0,14400.0,0.1,1.0,0.35,0.0,0.0,0.0,1.0,0.0,8,8,4,True,conv-30,ablation_71
mem0,mem0+HindsightTag,True,4,21600.0,6048000.0,0.7,0.15,0.0,14400.0,0.1,1.0,0.35,0.0,0.0,0.0,1.0,0.0,8,8,4,True,conv-30,ablation_72
mem0,mem0+HindsightTag,True,4,21600.0,6048000.0,0.7,0.3,0.0,14400.0,0.1,1.0,0.35,0.0,0.0,0.0,1.0,0.0,8,8,4,True,conv-30,ablation_73
mem0,mem0+HindsightTag,True,4,21600.0,6048000.0,0.9,0.05,0.0,14400.0,0.1,1.0,0.35,0.0,0.0,0.0,1.0,0.0,8,8,4,True,conv-30,ablation_74
mem0,mem0+HindsightTag,True,4,21600.0,6048000.0,0.9,0.15,0.0,14400.0,0.1,1.0,0.35,0.0,0.0,0.0,1.0,0.0,8,8,4,True,conv-30,ablation_75
mem0,mem0+HindsightTag,True,4,21600.0,6048000.0,0.9,0.3,0.0,14400.0,0.1,1.0,0.35,0.0,0.0,0.0,1.0,0.0,8,8,4,True,conv-30,ablation_76
mem0,mem0+HindsightTag,True,4,21600.0,6048000.0,0.5,0.05,0.0,28800.0,0.1,1.0,0.35,0.0,0.0,0.0,1.0,0.0,8,8,4,True,conv-30,ablation_77
mem0,mem0+HindsightTag,True,4,21600.0,6048000.0,0.5,0.15,0.0,28800.0,0.1,1.0,0.35,0.0,0.0,0.0,1.0,0.0,8,8,4,True,conv-30,ablation_78
mem0,mem0+HindsightTag,True,4,21600.0,6048000.0,0.5,0.3,0.0,28800.0,0.1,1.0,0.35,0.0,0.0,0.0,1.0,0.0,8,8,4,True,conv-30,ablation_79
mem0,mem0+HindsightTag,True,4,21600.0,6048000.0,0.7,0.05,0.0,28800.0,0.1,1.0,0.35,0.0,0.0,0.0,1.0,0.0,8,8,4,True,conv-30,ablation_80
mem0,mem0+HindsightTag,True,4,21600.0,6048000.0,0.7,0.15,0.0,28800.0,0.1,1.0,0.35,0.0,0.0,0.0,1.0,0.0,8,8,4,True,conv-30,ablation_81
mem0,mem0+HindsightTag,True,4,21600.0,6048000.0,0.7,0.3,0.0,28800.0,0.1,1.0,0.35,0.0,0.0,0.0,1.0,0.0,8,8,4,True,conv-30,ablation_82
mem0,mem0+HindsightTag,True,4,21600.0,6048000.0,0.9,0.05,0.0,28800.0,0.1,1.0,0.35,0.0,0.0,0.0,1.0,0.0,8,8,4,True,conv-30,ablation_83
mem0,mem0+HindsightTag,True,4,21600.0,6048000.0,0.9,0.15,0.0,28800.0,0.1,1.0,0.35,0.0,0.0,0.0,1.0,0.0,8,8,4,True,conv-30,ablation_84
mem0,mem0+HindsightTag,True,4,21600.0,6048000.0,0.9,0.3,0.0,28800.0,0.1,1.0,0.35,0.0,0.0,0.0,1.0,0.0,8,8,4,True,conv-30,ablation_85
vector_store,vector_store,False,4,21600.0,3024000.0,0.7,0.1,0.0,14400.0,0.1,1.0,0.35,0.0,0.0,0.0,,0.0,8,8,0,,conv-30,baseline
vector_store,vector_store+HindsightTag,True,4,21600.0,3024000.0,0.7,0.1,0.0,14400.0,0.1,1.0,0.35,0.25,0.0,0.25,1.0,0.25,8,8,4,,conv-30,ablation_0
vector_store,vector_store+HindsightTag,True,4,21600.0,3024000.0,0.7,0.1,0.25,14400.0,0.1,1.0,0.35,0.25,0.0,0.25,1.0,0.25,8,8,4,,conv-30,ablation_1
vector_store,vector_store+HindsightTag,True,4,21600.0,3024000.0,0.7,0.1,0.5,14400.0,0.1,1.0,0.35,0.25,0.0,0.25,1.0,0.25,8,8,4,,conv-30,ablation_2
vector_store,vector_store+HindsightTag,True,4,21600.0,3024000.0,0.7,0.1,0.75,14400.0,0.1,1.0,0.35,0.25,0.0,0.25,1.0,0.25,8,8,4,,conv-30,ablation_3
vector_store,vector_store+HindsightTag,True,4,21600.0,3024000.0,0.7,0.1,1.0,14400.0,0.1,1.0,0.35,0.25,0.0,0.25,1.0,0.125,8,8,4,,conv-30,ablation_4
vector_store,vector_store+HindsightTag,True,4,21600.0,756000.0,0.5,0.05,0.0,7200.0,0.1,1.0,0.35,0.25,0.0,0.25,1.0,0.25,8,8,4,,conv-30,ablation_5
vector_store,vector_store+HindsightTag,True,4,21600.0,756000.0,0.5,0.15,0.0,7200.0,0.1,1.0,0.35,0.25,0.0,0.25,1.0,0.25,8,8,4,,conv-30,ablation_6
vector_store,vector_store+HindsightTag,True,4,21600.0,756000.0,0.5,0.3,0.0,7200.0,0.1,1.0,0.35,0.0,0.0,0.0,1.0,0.0,8,8,4,,conv-30,ablation_7
vector_store,vector_store+HindsightTag,True,4,21600.0,756000.0,0.7,0.05,0.0,7200.0,0.1,1.0,0.35,0.25,0.0,0.25,1.0,0.25,8,8,4,,conv-30,ablation_8
vector_store,vector_store+HindsightTag,True,4,21600.0,756000.0,0.7,0.15,0.0,7200.0,0.1,1.0,0.35,0.25,0.0,0.25,1.0,0.25,8,8,4,,conv-30,ablation_9
vector_store,vector_store+HindsightTag,True,4,21600.0,756000.0,0.7,0.3,0.0,7200.0,0.1,1.0,0.35,0.0,0.0,0.0,1.0,0.0,8,8,4,,conv-30,ablation_10
vector_store,vector_store+HindsightTag,True,4,21600.0,756000.0,0.9,0.05,0.0,7200.0,0.1,1.0,0.35,0.25,0.0,0.25,1.0,0.25,8,8,4,,conv-30,ablation_11
vector_store,vector_store+HindsightTag,True,4,21600.0,756000.0,0.9,0.15,0.0,7200.0,0.1,1.0,0.35,0.25,0.0,0.25,1.0,0.25,8,8,4,,conv-30,ablation_12
vector_store,vector_store+HindsightTag,True,4,21600.0,756000.0,0.9,0.3,0.0,7200.0,0.1,1.0,0.35,0.0,0.0,0.0,1.0,0.0,8,8,4,,conv-30,ablation_13
vector_store,vector_store+HindsightTag,True,4,21600.0,756000.0,0.5,0.05,0.0,14400.0,0.1,1.0,0.35,0.25,0.0,0.25,1.0,0.25,8,8,4,,conv-30,ablation_14
vector_store,vector_store+HindsightTag,True,4,21600.0,756000.0,0.5,0.15,0.0,14400.0,0.1,1.0,0.35,0.25,0.0,0.25,1.0,0.25,8,8,4,,conv-30,ablation_15
vector_store,vector_store+HindsightTag,True,4,21600.0,756000.0,0.5,0.3,0.0,14400.0,0.1,1.0,0.35,0.0,0.0,0.0,1.0,0.0,8,8,4,,conv-30,ablation_16
vector_store,vector_store+HindsightTag,True,4,21600.0,756000.0,0.7,0.05,0.0,14400.0,0.1,1.0,0.35,0.25,0.0,0.25,1.0,0.25,8,8,4,,conv-30,ablation_17
vector_store,vector_store+HindsightTag,True,4,21600.0,756000.0,0.7,0.15,0.0,14400.0,0.1,1.0,0.35,0.25,0.0,0.25,1.0,0.25,8,8,4,,conv-30,ablation_18
vector_store,vector_store+HindsightTag,True,4,21600.0,756000.0,0.7,0.3,0.0,14400.0,0.1,1.0,0.35,0.0,0.0,0.0,1.0,0.0,8,8,4,,conv-30,ablation_19
vector_store,vector_store+HindsightTag,True,4,21600.0,756000.0,0.9,0.05,0.0,14400.0,0.1,1.0,0.35,0.25,0.0,0.25,1.0,0.25,8,8,4,,conv-30,ablation_20
vector_store,vector_store+HindsightTag,True,4,21600.0,756000.0,0.9,0.15,0.0,14400.0,0.1,1.0,0.35,0.25,0.0,0.25,1.0,0.25,8,8,4,,conv-30,ablation_21
vector_store,vector_store+HindsightTag,True,4,21600.0,756000.0,0.9,0.3,0.0,14400.0,0.1,1.0,0.35,0.0,0.0,0.0,1.0,0.0,8,8,4,,conv-30,ablation_22
vector_store,vector_store+HindsightTag,True,4,21600.0,756000.0,0.5,0.05,0.0,28800.0,0.1,1.0,0.35,0.25,0.0,0.25,1.0,0.25,8,8,4,,conv-30,ablation_23
vector_store,vector_store+HindsightTag,True,4,21600.0,756000.0,0.5,0.15,0.0,28800.0,0.1,1.0,0.35,0.25,0.0,0.25,1.0,0.25,8,8,4,,conv-30,ablation_24
vector_store,vector_store+HindsightTag,True,4,21600.0,756000.0,0.5,0.3,0.0,28800.0,0.1,1.0,0.35,0.0,0.0,0.0,1.0,0.0,8,8,4,,conv-30,ablation_25
vector_store,vector_store+HindsightTag,True,4,21600.0,756000.0,0.7,0.05,0.0,28800.0,0.1,1.0,0.35,0.25,0.0,0.25,1.0,0.25,8,8,4,,conv-30,ablation_26
vector_store,vector_store+HindsightTag,True,4,21600.0,756000.0,0.7,0.15,0.0,28800.0,0.1,1.0,0.35,0.25,0.0,0.25,1.0,0.25,8,8,4,,conv-30,ablation_27
vector_store,vector_store+HindsightTag,True,4,21600.0,756000.0,0.7,0.3,0.0,28800.0,0.1,1.0,0.35,0.0,0.0,0.0,1.0,0.0,8,8,4,,conv-30,ablation_28
vector_store,vector_store+HindsightTag,True,4,21600.0,756000.0,0.9,0.05,0.0,28800.0,0.1,1.0,0.35,0.25,0.0,0.25,1.0,0.25,8,8,4,,conv-30,ablation_29
vector_store,vector_store+HindsightTag,True,4,21600.0,756000.0,0.9,0.15,0.0,28800.0,0.1,1.0,0.35,0.25,0.0,0.25,1.0,0.25,8,8,4,,conv-30,ablation_30
vector_store,vector_store+HindsightTag,True,4,21600.0,756000.0,0.9,0.3,0.0,28800.0,0.1,1.0,0.35,0.0,0.0,0.0,1.0,0.0,8,8,4,,conv-30,ablation_31
vector_store,vector_store+HindsightTag,True,4,21600.0,3024000.0,0.5,0.05,0.0,7200.0,0.1,1.0,0.35,0.25,0.0,0.25,1.0,0.25,8,8,4,,conv-30,ablation_32
vector_store,vector_store+HindsightTag,True,4,21600.0,3024000.0,0.5,0.15,0.0,7200.0,0.1,1.0,0.35,0.25,0.0,0.25,1.0,0.25,8,8,4,,conv-30,ablation_33
vector_store,vector_store+HindsightTag,True,4,21600.0,3024000.0,0.5,0.3,0.0,7200.0,0.1,1.0,0.35,0.0,0.0,0.0,1.0,0.0,8,8,4,,conv-30,ablation_34
vector_store,vector_store+HindsightTag,True,4,21600.0,3024000.0,0.7,0.05,0.0,7200.0,0.1,1.0,0.35,0.25,0.0,0.25,1.0,0.25,8,8,4,,conv-30,ablation_35
vector_store,vector_store+HindsightTag,True,4,21600.0,3024000.0,0.7,0.15,0.0,7200.0,0.1,1.0,0.35,0.25,0.0,0.25,1.0,0.25,8,8,4,,conv-30,ablation_36
vector_store,vector_store+HindsightTag,True,4,21600.0,3024000.0,0.7,0.3,0.0,7200.0,0.1,1.0,0.35,0.0,0.0,0.0,1.0,0.0,8,8,4,,conv-30,ablation_37
vector_store,vector_store+HindsightTag,True,4,21600.0,3024000.0,0.9,0.05,0.0,7200.0,0.1,1.0,0.35,0.25,0.0,0.25,1.0,0.25,8,8,4,,conv-30,ablation_38
vector_store,vector_store+HindsightTag,True,4,21600.0,3024000.0,0.9,0.15,0.0,7200.0,0.1,1.0,0.35,0.25,0.0,0.25,1.0,0.25,8,8,4,,conv-30,ablation_39
vector_store,vector_store+HindsightTag,True,4,21600.0,3024000.0,0.9,0.3,0.0,7200.0,0.1,1.0,0.35,0.0,0.0,0.0,1.0,0.0,8,8,4,,conv-30,ablation_40
vector_store,vector_store+HindsightTag,True,4,21600.0,3024000.0,0.5,0.05,0.0,14400.0,0.1,1.0,0.35,0.25,0.0,0.25,1.0,0.25,8,8,4,,conv-30,ablation_41
vector_store,vector_store+HindsightTag,True,4,21600.0,3024000.0,0.5,0.15,0.0,14400.0,0.1,1.0,0.35,0.25,0.0,0.25,1.0,0.25,8,8,4,,conv-30,ablation_42
vector_store,vector_store+HindsightTag,True,4,21600.0,3024000.0,0.5,0.3,0.0,14400.0,0.1,1.0,0.35,0.0,0.0,0.0,1.0,0.0,8,8,4,,conv-30,ablation_43
vector_store,vector_store+HindsightTag,True,4,21600.0,3024000.0,0.7,0.05,0.0,14400.0,0.1,1.0,0.35,0.25,0.0,0.25,1.0,0.25,8,8,4,,conv-30,ablation_44
vector_store,vector_store+HindsightTag,True,4,21600.0,3024000.0,0.7,0.15,0.0,14400.0,0.1,1.0,0.35,0.25,0.0,0.25,1.0,0.25,8,8,4,,conv-30,ablation_45
vector_store,vector_store+HindsightTag,True,4,21600.0,3024000.0,0.7,0.3,0.0,14400.0,0.1,1.0,0.35,0.0,0.0,0.0,1.0,0.0,8,8,4,,conv-30,ablation_46
vector_store,vector_store+HindsightTag,True,4,21600.0,3024000.0,0.9,0.05,0.0,14400.0,0.1,1.0,0.35,0.25,0.0,0.25,1.0,0.25,8,8,4,,conv-30,ablation_47
vector_store,vector_store+HindsightTag,True,4,21600.0,3024000.0,0.9,0.15,0.0,14400.0,0.1,1.0,0.35,0.25,0.0,0.25,1.0,0.25,8,8,4,,conv-30,ablation_48
vector_store,vector_store+HindsightTag,True,4,21600.0,3024000.0,0.9,0.3,0.0,14400.0,0.1,1.0,0.35,0.0,0.0,0.0,1.0,0.0,8,8,4,,conv-30,ablation_49
vector_store,vector_store+HindsightTag,True,4,21600.0,3024000.0,0.5,0.05,0.0,28800.0,0.1,1.0,0.35,0.25,0.0,0.25,1.0,0.25,8,8,4,,conv-30,ablation_50
vector_store,vector_store+HindsightTag,True,4,21600.0,3024000.0,0.5,0.15,0.0,28800.0,0.1,1.0,0.35,0.25,0.0,0.25,1.0,0.25,8,8,4,,conv-30,ablation_51
vector_store,vector_store+HindsightTag,True,4,21600.0,3024000.0,0.5,0.3,0.0,28800.0,0.1,1.0,0.35,0.0,0.0,0.0,1.0,0.0,8,8,4,,conv-30,ablation_52
vector_store,vector_store+HindsightTag,True,4,21600.0,3024000.0,0.7,0.05,0.0,28800.0,0.1,1.0,0.35,0.25,0.0,0.25,1.0,0.25,8,8,4,,conv-30,ablation_53
vector_store,vector_store+HindsightTag,True,4,21600.0,3024000.0,0.7,0.15,0.0,28800.0,0.1,1.0,0.35,0.25,0.0,0.25,1.0,0.25,8,8,4,,conv-30,ablation_54
vector_store,vector_store+HindsightTag,True,4,21600.0,3024000.0,0.7,0.3,0.0,28800.0,0.1,1.0,0.35,0.0,0.0,0.0,1.0,0.0,8,8,4,,conv-30,ablation_55
vector_store,vector_store+HindsightTag,True,4,21600.0,3024000.0,0.9,0.05,0.0,28800.0,0.1,1.0,0.35,0.25,0.0,0.25,1.0,0.25,8,8,4,,conv-30,ablation_56
vector_store,vector_store+HindsightTag,True,4,21600.0,3024000.0,0.9,0.15,0.0,28800.0,0.1,1.0,0.35,0.25,0.0,0.25,1.0,0.25,8,8,4,,conv-30,ablation_57
vector_store,vector_store+HindsightTag,True,4,21600.0,3024000.0,0.9,0.3,0.0,28800.0,0.1,1.0,0.35,0.0,0.0,0.0,1.0,0.0,8,8,4,,conv-30,ablation_58
vector_store,vector_store+HindsightTag,True,4,21600.0,6048000.0,0.5,0.05,0.0,7200.0,0.1,1.0,0.35,0.25,0.0,0.25,1.0,0.25,8,8,4,,conv-30,ablation_59
vector_store,vector_store+HindsightTag,True,4,21600.0,6048000.0,0.5,0.15,0.0,7200.0,0.1,1.0,0.35,0.25,0.0,0.25,1.0,0.25,8,8,4,,conv-30,ablation_60
vector_store,vector_store+HindsightTag,True,4,21600.0,6048000.0,0.5,0.3,0.0,7200.0,0.1,1.0,0.35,0.0,0.0,0.0,1.0,0.0,8,8,4,,conv-30,ablation_61
vector_store,vector_store+HindsightTag,True,4,21600.0,6048000.0,0.7,0.05,0.0,7200.0,0.1,1.0,0.35,0.25,0.0,0.25,1.0,0.25,8,8,4,,conv-30,ablation_62
vector_store,vector_store+HindsightTag,True,4,21600.0,6048000.0,0.7,0.15,0.0,7200.0,0.1,1.0,0.35,0.25,0.0,0.25,1.0,0.25,8,8,4,,conv-30,ablation_63
vector_store,vector_store+HindsightTag,True,4,21600.0,6048000.0,0.7,0.3,0.0,7200.0,0.1,1.0,0.35,0.0,0.0,0.0,1.0,0.0,8,8,4,,conv-30,ablation_64
vector_store,vector_store+HindsightTag,True,4,21600.0,6048000.0,0.9,0.05,0.0,7200.0,0.1,1.0,0.35,0.25,0.0,0.25,1.0,0.25,8,8,4,,conv-30,ablation_65
vector_store,vector_store+HindsightTag,True,4,21600.0,6048000.0,0.9,0.15,0.0,7200.0,0.1,1.0,0.35,0.25,0.0,0.25,1.0,0.25,8,8,4,,conv-30,ablation_66
vector_store,vector_store+HindsightTag,True,4,21600.0,6048000.0,0.9,0.3,0.0,7200.0,0.1,1.0,0.35,0.0,0.0,0.0,1.0,0.0,8,8,4,,conv-30,ablation_67
vector_store,vector_store+HindsightTag,True,4,21600.0,6048000.0,0.5,0.05,0.0,14400.0,0.1,1.0,0.35,0.25,0.0,0.25,1.0,0.25,8,8,4,,conv-30,ablation_68
vector_store,vector_store+HindsightTag,True,4,21600.0,6048000.0,0.5,0.15,0.0,14400.0,0.1,1.0,0.35,0.25,0.0,0.25,1.0,0.25,8,8,4,,conv-30,ablation_69
vector_store,vector_store+HindsightTag,True,4,21600.0,6048000.0,0.5,0.3,0.0,14400.0,0.1,1.0,0.35,0.0,0.0,0.0,1.0,0.0,8,8,4,,conv-30,ablation_70
vector_store,vector_store+HindsightTag,True,4,21600.0,6048000.0,0.7,0.05,0.0,14400.0,0.1,1.0,0.35,0.25,0.0,0.25,1.0,0.25,8,8,4,,conv-30,ablation_71
vector_store,vector_store+HindsightTag,True,4,21600.0,6048000.0,0.7,0.15,0.0,14400.0,0.1,1.0,0.35,0.25,0.0,0.25,1.0,0.25,8,8,4,,conv-30,ablation_72
vector_store,vector_store+HindsightTag,True,4,21600.0,6048000.0,0.7,0.3,0.0,14400.0,0.1,1.0,0.35,0.0,0.0,0.0,1.0,0.0,8,8,4,,conv-30,ablation_73
vector_store,vector_store+HindsightTag,True,4,21600.0,6048000.0,0.9,0.05,0.0,14400.0,0.1,1.0,0.35,0.25,0.0,0.25,1.0,0.25,8,8,4,,conv-30,ablation_74
vector_store,vector_store+HindsightTag,True,4,21600.0,6048000.0,0.9,0.15,0.0,14400.0,0.1,1.0,0.35,0.25,0.0,0.25,1.0,0.25,8,8,4,,conv-30,ablation_75
vector_store,vector_store+HindsightTag,True,4,21600.0,6048000.0,0.9,0.3,0.0,14400.0,0.1,1.0,0.35,0.0,0.0,0.0,1.0,0.0,8,8,4,,conv-30,ablation_76
vector_store,vector_store+HindsightTag,True,4,21600.0,6048000.0,0.5,0.05,0.0,28800.0,0.1,1.0,0.35,0.25,0.0,0.25,1.0,0.25,8,8,4,,conv-30,ablation_77
vector_store,vector_store+HindsightTag,True,4,21600.0,6048000.0,0.5,0.15,0.0,28800.0,0.1,1.0,0.35,0.25,0.0,0.25,1.0,0.25,8,8,4,,conv-30,ablation_78
vector_store,vector_store+HindsightTag,True,4,21600.0,6048000.0,0.5,0.3,0.0,28800.0,0.1,1.0,0.35,0.0,0.0,0.0,1.0,0.0,8,8,4,,conv-30,ablation_79
vector_store,vector_store+HindsightTag,True,4,21600.0,6048000.0,0.7,0.05,0.0,28800.0,0.1,1.0,0.35,0.25,0.0,0.25,1.0,0.25,8,8,4,,conv-30,ablation_80
vector_store,vector_store+HindsightTag,True,4,21600.0,6048000.0,0.7,0.15,0.0,28800.0,0.1,1.0,0.35,0.25,0.0,0.25,1.0,0.25,8,8,4,,conv-30,ablation_81
vector_store,vector_store+HindsightTag,True,4,21600.0,6048000.0,0.7,0.3,0.0,28800.0,0.1,1.0,0.35,0.0,0.0,0.0,1.0,0.0,8,8,4,,conv-30,ablation_82
vector_store,vector_store+HindsightTag,True,4,21600.0,6048000.0,0.9,0.05,0.0,28800.0,0.1,1.0,0.35,0.25,0.0,0.25,1.0,0.25,8,8,4,,conv-30,ablation_83
vector_store,vector_store+HindsightTag,True,4,21600.0,6048000.0,0.9,0.15,0.0,28800.0,0.1,1.0,0.35,0.25,0.0,0.25,1.0,0.25,8,8,4,,conv-30,ablation_84
vector_store,vector_store+HindsightTag,True,4,21600.0,6048000.0,0.9,0.3,0.0,28800.0,0.1,1.0,0.35,0.0,0.0,0.0,1.0,0.0,8,8,4,,conv-30,ablation_85
mem0,mem0,False,0,21600.0,3024000.0,0.7,0.1,0.0,14400.0,0.1,1.0,0.35,0.0,0.0,0.0,,0.0,8,8,0,True,conv-41,baseline
mem0,mem0+HindsightTag,True,0,21600.0,3024000.0,0.7,0.1,0.0,14400.0,0.1,1.0,0.35,0.0,0.0,0.0,1.0,0.0,8,8,4,True,conv-41,ablation_0
mem0,mem0+HindsightTag,True,0,21600.0,3024000.0,0.7,0.1,0.25,14400.0,0.1,1.0,0.35,0.0,0.0,0.0,1.0,0.0,8,8,4,True,conv-41,ablation_1
mem0,mem0+HindsightTag,True,0,21600.0,3024000.0,0.7,0.1,0.5,14400.0,0.1,1.0,0.35,0.0,0.0,0.0,1.0,0.0,8,8,4,True,conv-41,ablation_2
mem0,mem0+HindsightTag,True,0,21600.0,3024000.0,0.7,0.1,0.75,14400.0,0.1,1.0,0.35,0.0,0.0,0.0,1.0,0.0,8,8,4,True,conv-41,ablation_3
mem0,mem0+HindsightTag,True,0,21600.0,3024000.0,0.7,0.1,1.0,14400.0,0.1,1.0,0.35,0.0,0.0,0.0,1.0,0.0,8,8,4,True,conv-41,ablation_4
mem0,mem0+HindsightTag,True,0,21600.0,756000.0,0.5,0.05,0.0,7200.0,0.1,1.0,0.35,0.0,0.0,0.0,1.0,0.0,8,8,4,True,conv-41,ablation_5
mem0,mem0+HindsightTag,True,0,21600.0,756000.0,0.5,0.15,0.0,7200.0,0.1,1.0,0.35,0.0,0.0,0.0,1.0,0.0,8,8,4,True,conv-41,ablation_6
mem0,mem0+HindsightTag,True,0,21600.0,756000.0,0.5,0.3,0.0,7200.0,0.1,1.0,0.35,0.0,0.0,0.0,1.0,0.0,8,8,4,True,conv-41,ablation_7
mem0,mem0+HindsightTag,True,0,21600.0,756000.0,0.7,0.05,0.0,7200.0,0.1,1.0,0.35,0.0,0.0,0.0,1.0,0.0,8,8,4,True,conv-41,ablation_8
mem0,mem0+HindsightTag,True,0,21600.0,756000.0,0.7,0.15,0.0,7200.0,0.1,1.0,0.35,0.0,0.0,0.0,1.0,0.0,8,8,4,True,conv-41,ablation_9
mem0,mem0+HindsightTag,True,0,21600.0,756000.0,0.7,0.3,0.0,7200.0,0.1,1.0,0.35,0.0,0.0,0.0,1.0,0.0,8,8,4,True,conv-41,ablation_10
mem0,mem0+HindsightTag,True,0,21600.0,756000.0,0.9,0.05,0.0,7200.0,0.1,1.0,0.35,0.0,0.0,0.0,1.0,0.0,8,8,4,True,conv-41,ablation_11
mem0,mem0+HindsightTag,True,0,21600.0,756000.0,0.9,0.15,0.0,7200.0,0.1,1.0,0.35,0.0,0.0,0.0,1.0,0.0,8,8,4,True,conv-41,ablation_12
mem0,mem0+HindsightTag,True,0,21600.0,756000.0,0.9,0.3,0.0,7200.0,0.1,1.0,0.35,0.0,0.0,0.0,1.0,0.0,8,8,4,True,conv-41,ablation_13
mem0,mem0+HindsightTag,True,0,21600.0,756000.0,0.5,0.05,0.0,14400.0,0.1,1.0,0.35,0.0,0.0,0.0,1.0,0.0,8,8,4,True,conv-41,ablation_14
mem0,mem0+HindsightTag,True,0,21600.0,756000.0,0.5,0.15,0.0,14400.0,0.1,1.0,0.35,0.0,0.0,0.0,1.0,0.0,8,8,4,True,conv-41,ablation_15
mem0,mem0+HindsightTag,True,0,21600.0,756000.0,0.5,0.3,0.0,14400.0,0.1,1.0,0.35,0.0,0.0,0.0,1.0,0.0,8,8,4,True,conv-41,ablation_16
mem0,mem0+HindsightTag,True,0,21600.0,756000.0,0.7,0.05,0.0,14400.0,0.1,1.0,0.35,0.0,0.0,0.0,1.0,0.0,8,8,4,True,conv-41,ablation_17
mem0,mem0+HindsightTag,True,0,21600.0,756000.0,0.7,0.15,0.0,14400.0,0.1,1.0,0.35,0.0,0.0,0.0,1.0,0.0,8,8,4,True,conv-41,ablation_18
mem0,mem0+HindsightTag,True,0,21600.0,756000.0,0.7,0.3,0.0,14400.0,0.1,1.0,0.35,0.0,0.0,0.0,1.0,0.0,8,8,4,True,conv-41,ablation_19
mem0,mem0+HindsightTag,True,0,21600.0,756000.0,0.9,0.05,0.0,14400.0,0.1,1.0,0.35,0.0,0.0,0.0,1.0,0.0,8,8,4,True,conv-41,ablation_20
mem0,mem0+HindsightTag,True,0,21600.0,756000.0,0.9,0.15,0.0,14400.0,0.1,1.0,0.35,0.0,0.0,0.0,1.0,0.0,8,8,4,True,conv-41,ablation_21
mem0,mem0+HindsightTag,True,0,21600.0,756000.0,0.9,0.3,0.0,14400.0,0.1,1.0,0.35,0.0,0.0,0.0,1.0,0.0,8,8,4,True,conv-41,ablation_22
mem0,mem0+HindsightTag,True,0,21600.0,756000.0,0.5,0.05,0.0,28800.0,0.1,1.0,0.35,0.0,0.0,0.0,1.0,0.0,8,8,4,True,conv-41,ablation_23
mem0,mem0+HindsightTag,True,0,21600.0,756000.0,0.5,0.15,0.0,28800.0,0.1,1.0,0.35,0.0,0.0,0.0,1.0,0.0,8,8,4,True,conv-41,ablation_24
mem0,mem0+HindsightTag,True,0,21600.0,756000.0,0.5,0.3,0.0,28800.0,0.1,1.0,0.35,0.0,0.0,0.0,1.0,0.0,8,8,4,True,conv-41,ablation_25
mem0,mem0+HindsightTag,True,0,21600.0,756000.0,0.7,0.05,0.0,28800.0,0.1,1.0,0.35,0.0,0.0,0.0,1.0,0.0,8,8,4,True,conv-41,ablation_26
mem0,mem0+HindsightTag,True,0,21600.0,756000.0,0.7,0.15,0.0,28800.0,0.1,1.0,0.35,0.0,0.0,0.0,1.0,0.0,8,8,4,True,conv-41,ablation_27
mem0,mem0+HindsightTag,True,0,21600.0,756000.0,0.7,0.3,0.0,28800.0,0.1,1.0,0.35,0.0,0.0,0.0,1.0,0.0,8,8,4,True,conv-41,ablation_28
mem0,mem0+HindsightTag,True,0,21600.0,756000.0,0.9,0.05,0.0,28800.0,0.1,1.0,0.35,0.0,0.0,0.0,1.0,0.0,8,8,4,True,conv-41,ablation_29
mem0,mem0+HindsightTag,True,0,21600.0,756000.0,0.9,0.15,0.0,28800.0,0.1,1.0,0.35,0.0,0.0,0.0,1.0,0.0,8,8,4,True,conv-41,ablation_30
mem0,mem0+HindsightTag,True,0,21600.0,756000.0,0.9,0.3,0.0,28800.0,0.1,1.0,0.35,0.0,0.0,0.0,1.0,0.0,8,8,4,True,conv-41,ablation_31
mem0,mem0+HindsightTag,True,0,21600.0,3024000.0,0.5,0.05,0.0,7200.0,0.1,1.0,0.35,0.0,0.0,0.0,1.0,0.0,8,8,4,True,conv-41,ablation_32
mem0,mem0+HindsightTag,True,0,21600.0,3024000.0,0.5,0.15,0.0,7200.0,0.1,1.0,0.35,0.0,0.0,0.0,1.0,0.0,8,8,4,True,conv-41,ablation_33
mem0,mem0+HindsightTag,True,0,21600.0,3024000.0,0.5,0.3,0.0,7200.0,0.1,1.0,0.35,0.0,0.0,0.0,1.0,0.0,8,8,4,True,conv-41,ablation_34
mem0,mem0+HindsightTag,True,0,21600.0,3024000.0,0.7,0.05,0.0,7200.0,0.1,1.0,0.35,0.0,0.0,0.0,1.0,0.0,8,8,4,True,conv-41,ablation_35
mem0,mem0+HindsightTag,True,0,21600.0,3024000.0,0.7,0.15,0.0,7200.0,0.1,1.0,0.35,0.0,0.0,0.0,1.0,0.0,8,8,4,True,conv-41,ablation_36
mem0,mem0+HindsightTag,True,0,21600.0,3024000.0,0.7,0.3,0.0,7200.0,0.1,1.0,0.35,0.0,0.0,0.0,1.0,0.0,8,8,4,True,conv-41,ablation_37
mem0,mem0+HindsightTag,True,0,21600.0,3024000.0,0.9,0.05,0.0,7200.0,0.1,1.0,0.35,0.0,0.0,0.0,1.0,0.0,8,8,4,True,conv-41,ablation_38
mem0,mem0+HindsightTag,True,0,21600.0,3024000.0,0.9,0.15,0.0,7200.0,0.1,1.0,0.35,0.0,0.0,0.0,1.0,0.0,8,8,4,True,conv-41,ablation_39
mem0,mem0+HindsightTag,True,0,21600.0,3024000.0,0.9,0.3,0.0,7200.0,0.1,1.0,0.35,0.0,0.0,0.0,1.0,0.0,8,8,4,True,conv-41,ablation_40
mem0,mem0+HindsightTag,True,0,21600.0,3024000.0,0.5,0.05,0.0,14400.0,0.1,1.0,0.35,0.0,0.0,0.0,1.0,0.0,8,8,4,True,conv-41,ablation_41
mem0,mem0+HindsightTag,True,0,21600.0,3024000.0,0.5,0.15,0.0,14400.0,0.1,1.0,0.35,0.0,0.0,0.0,1.0,0.0,8,8,4,True,conv-41,ablation_42
mem0,mem0+HindsightTag,True,0,21600.0,3024000.0,0.5,0.3,0.0,14400.0,0.1,1.0,0.35,0.0,0.0,0.0,1.0,0.0,8,8,4,True,conv-41,ablation_43
mem0,mem0+HindsightTag,True,0,21600.0,3024000.0,0.7,0.05,0.0,14400.0,0.1,1.0,0.35,0.0,0.0,0.0,1.0,0.0,8,8,4,True,conv-41,ablation_44
mem0,mem0+HindsightTag,True,0,21600.0,3024000.0,0.7,0.15,0.0,14400.0,0.1,1.0,0.35,0.0,0.0,0.0,1.0,0.0,8,8,4,True,conv-41,ablation_45
mem0,mem0+HindsightTag,True,0,21600.0,3024000.0,0.7,0.3,0.0,14400.0,0.1,1.0,0.35,0.0,0.0,0.0,1.0,0.0,8,8,4,True,conv-41,ablation_46
mem0,mem0+HindsightTag,True,0,21600.0,3024000.0,0.9,0.05,0.0,14400.0,0.1,1.0,0.35,0.0,0.0,0.0,1.0,0.0,8,8,4,True,conv-41,ablation_47
mem0,mem0+HindsightTag,True,0,21600.0,3024000.0,0.9,0.15,0.0,14400.0,0.1,1.0,0.35,0.0,0.0,0.0,1.0,0.0,8,8,4,True,conv-41,ablation_48
mem0,mem0+HindsightTag,True,0,21600.0,3024000.0,0.9,0.3,0.0,14400.0,0.1,1.0,0.35,0.0,0.0,0.0,1.0,0.0,8,8,4,True,conv-41,ablation_49
mem0,mem0+HindsightTag,True,0,21600.0,3024000.0,0.5,0.05,0.0,28800.0,0.1,1.0,0.35,0.0,0.0,0.0,1.0,0.0,8,8,4,True,conv-41,ablation_50
mem0,mem0+HindsightTag,True,0,21600.0,3024000.0,0.5,0.15,0.0,28800.0,0.1,1.0,0.35,0.0,0.0,0.0,1.0,0.0,8,8,4,True,conv-41,ablation_51
mem0,mem0+HindsightTag,True,0,21600.0,3024000.0,0.5,0.3,0.0,28800.0,0.1,1.0,0.35,0.0,0.0,0.0,1.0,0.0,8,8,4,True,conv-41,ablation_52
mem0,mem0+HindsightTag,True,0,21600.0,3024000.0,0.7,0.05,0.0,28800.0,0.1,1.0,0.35,0.0,0.0,0.0,1.0,0.0,8,8,4,True,conv-41,ablation_53
mem0,mem0+HindsightTag,True,0,21600.0,3024000.0,0.7,0.15,0.0,28800.0,0.1,1.0,0.35,0.0,0.0,0.0,1.0,0.0,8,8,4,True,conv-41,ablation_54
mem0,mem0+HindsightTag,True,0,21600.0,3024000.0,0.7,0.3,0.0,28800.0,0.1,1.0,0.35,0.0,0.0,0.0,1.0,0.0,8,8,4,True,conv-41,ablation_55
mem0,mem0+HindsightTag,True,0,21600.0,3024000.0,0.9,0.05,0.0,28800.0,0.1,1.0,0.35,0.0,0.0,0.0,1.0,0.0,8,8,4,True,conv-41,ablation_56
mem0,mem0+HindsightTag,True,0,21600.0,3024000.0,0.9,0.15,0.0,28800.0,0.1,1.0,0.35,0.0,0.0,0.0,1.0,0.0,8,8,4,True,conv-41,ablation_57
mem0,mem0+HindsightTag,True,0,21600.0,3024000.0,0.9,0.3,0.0,28800.0,0.1,1.0,0.35,0.0,0.0,0.0,1.0,0.0,8,8,4,True,conv-41,ablation_58
mem0,mem0+HindsightTag,True,0,21600.0,6048000.0,0.5,0.05,0.0,7200.0,0.1,1.0,0.35,0.0,0.0,0.0,1.0,0.0,8,8,4,True,conv-41,ablation_59
mem0,mem0+HindsightTag,True,0,21600.0,6048000.0,0.5,0.15,0.0,7200.0,0.1,1.0,0.35,0.0,0.0,0.0,1.0,0.0,8,8,4,True,conv-41,ablation_60
mem0,mem0+HindsightTag,True,0,21600.0,6048000.0,0.5,0.3,0.0,7200.0,0.1,1.0,0.35,0.0,0.0,0.0,1.0,0.0,8,8,4,True,conv-41,ablation_61
mem0,mem0+HindsightTag,True,0,21600.0,6048000.0,0.7,0.05,0.0,7200.0,0.1,1.0,0.35,0.0,0.0,0.0,1.0,0.0,8,8,4,True,conv-41,ablation_62
mem0,mem0+HindsightTag,True,0,21600.0,6048000.0,0.7,0.15,0.0,7200.0,0.1,1.0,0.35,0.0,0.0,0.0,1.0,0.0,8,8,4,True,conv-41,ablation_63
mem0,mem0+HindsightTag,True,0,21600.0,6048000.0,0.7,0.3,0.0,7200.0,0.1,1.0,0.35,0.0,0.0,0.0,1.0,0.0,8,8,4,True,conv-41,ablation_64
mem0,mem0+HindsightTag,True,0,21600.0,6048000.0,0.9,0.05,0.0,7200.0,0.1,1.0,0.35,0.0,0.0,0.0,1.0,0.0,8,8,4,True,conv-41,ablation_65
mem0,mem0+HindsightTag,True,0,21600.0,6048000.0,0.9,0.15,0.0,7200.0,0.1,1.0,0.35,0.0,0.0,0.0,1.0,0.0,8,8,4,True,conv-41,ablation_66
mem0,mem0+HindsightTag,True,0,21600.0,6048000.0,0.9,0.3,0.0,7200.0,0.1,1.0,0.35,0.0,0.0,0.0,1.0,0.0,8,8,4,True,conv-41,ablation_67
mem0,mem0+HindsightTag,True,0,21600.0,6048000.0,0.5,0.05,0.0,14400.0,0.1,1.0,0.35,0.0,0.0,0.0,1.0,0.0,8,8,4,True,conv-41,ablation_68
mem0,mem0+HindsightTag,True,0,21600.0,6048000.0,0.5,0.15,0.0,14400.0,0.1,1.0,0.35,0.0,0.0,0.0,1.0,0.0,8,8,4,True,conv-41,ablation_69
mem0,mem0+HindsightTag,True,0,21600.0,6048000.0,0.5,0.3,0.0,14400.0,0.1,1.0,0.35,0.0,0.0,0.0,1.0,0.0,8,8,4,True,conv-41,ablation_70
mem0,mem0+HindsightTag,True,0,21600.0,6048000.0,0.7,0.05,0.0,14400.0,0.1,1.0,0.35,0.0,0.0,0.0,1.0,0.0,8,8,4,True,conv-41,ablation_71
mem0,mem0+HindsightTag,True,0,21600.0,6048000.0,0.7,0.15,0.0,14400.0,0.1,1.0,0.35,0.0,0.0,0.0,1.0,0.0,8,8,4,True,conv-41,ablation_72
mem0,mem0+HindsightTag,True,0,21600.0,6048000.0,0.7,0.3,0.0,14400.0,0.1,1.0,0.35,0.0,0.0,0.0,1.0,0.0,8,8,4,True,conv-41,ablation_73
mem0,mem0+HindsightTag,True,0,21600.0,6048000.0,0.9,0.05,0.0,14400.0,0.1,1.0,0.35,0.0,0.0,0.0,1.0,0.0,8,8,4,True,conv-41,ablation_74
mem0,mem0+HindsightTag,True,0,21600.0,6048000.0,0.9,0.15,0.0,14400.0,0.1,1.0,0.35,0.0,0.0,0.0,1.0,0.0,8,8,4,True,conv-41,ablation_75
mem0,mem0+HindsightTag,True,0,21600.0,6048000.0,0.9,0.3,0.0,14400.0,0.1,1.0,0.35,0.0,0.0,0.0,1.0,0.0,8,8,4,True,conv-41,ablation_76
mem0,mem0+HindsightTag,True,0,21600.0,6048000.0,0.5,0.05,0.0,28800.0,0.1,1.0,0.35,0.0,0.0,0.0,1.0,0.0,8,8,4,True,conv-41,ablation_77
mem0,mem0+HindsightTag,True,0,21600.0,6048000.0,0.5,0.15,0.0,28800.0,0.1,1.0,0.35,0.0,0.0,0.0,1.0,0.0,8,8,4,True,conv-41,ablation_78
mem0,mem0+HindsightTag,True,0,21600.0,6048000.0,0.5,0.3,0.0,28800.0,0.1,1.0,0.35,0.0,0.0,0.0,1.0,0.0,8,8,4,True,conv-41,ablation_79
mem0,mem0+HindsightTag,True,0,21600.0,6048000.0,0.7,0.05,0.0,28800.0,0.1,1.0,0.35,0.0,0.0,0.0,1.0,0.0,8,8,4,True,conv-41,ablation_80
mem0,mem0+HindsightTag,True,0,21600.0,6048000.0,0.7,0.15,0.0,28800.0,0.1,1.0,0.35,0.0,0.0,0.0,1.0,0.0,8,8,4,True,conv-41,ablation_81
mem0,mem0+HindsightTag,True,0,21600.0,6048000.0,0.7,0.3,0.0,28800.0,0.1,1.0,0.35,0.0,0.0,0.0,1.0,0.0,8,8,4,True,conv-41,ablation_82
mem0,mem0+HindsightTag,True,0,21600.0,6048000.0,0.9,0.05,0.0,28800.0,0.1,1.0,0.35,0.0,0.0,0.0,1.0,0.0,8,8,4,True,conv-41,ablation_83
mem0,mem0+HindsightTag,True,0,21600.0,6048000.0,0.9,0.15,0.0,28800.0,0.1,1.0,0.35,0.0,0.0,0.0,1.0,0.0,8,8,4,True,conv-41,ablation_84
mem0,mem0+HindsightTag,True,0,21600.0,6048000.0,0.9,0.3,0.0,28800.0,0.1,1.0,0.35,0.0,0.0,0.0,1.0,0.0,8,8,4,True,conv-41,ablation_85
vector_store,vector_store,False,0,21600.0,3024000.0,0.7,0.1,0.0,14400.0,0.1,1.0,0.35,0.0,0.0,0.0,,0.0,8,8,0,,conv-41,baseline
vector_store,vector_store+HindsightTag,True,0,21600.0,3024000.0,0.7,0.1,0.0,14400.0,0.1,1.0,0.35,0.125,0.0,0.125,1.0,0.25,8,8,4,,conv-41,ablation_0
vector_store,vector_store+HindsightTag,True,0,21600.0,3024000.0,0.7,0.1,0.25,14400.0,0.1,1.0,0.35,0.125,0.0,0.125,1.0,0.25,8,8,4,,conv-41,ablation_1
vector_store,vector_store+HindsightTag,True,0,21600.0,3024000.0,0.7,0.1,0.5,14400.0,0.1,1.0,0.35,0.125,0.0,0.125,1.0,0.125,8,8,4,,conv-41,ablation_2
vector_store,vector_store+HindsightTag,True,0,21600.0,3024000.0,0.7,0.1,0.75,14400.0,0.1,1.0,0.35,0.125,0.0,0.125,1.0,0.125,8,8,4,,conv-41,ablation_3
vector_store,vector_store+HindsightTag,True,0,21600.0,3024000.0,0.7,0.1,1.0,14400.0,0.1,1.0,0.35,0.125,0.0,0.125,1.0,0.125,8,8,4,,conv-41,ablation_4
vector_store,vector_store+HindsightTag,True,0,21600.0,756000.0,0.5,0.05,0.0,7200.0,0.1,1.0,0.35,0.125,0.0,0.125,1.0,0.25,8,8,4,,conv-41,ablation_5
vector_store,vector_store+HindsightTag,True,0,21600.0,756000.0,0.5,0.15,0.0,7200.0,0.1,1.0,0.35,0.125,0.0,0.125,1.0,0.25,8,8,4,,conv-41,ablation_6
vector_store,vector_store+HindsightTag,True,0,21600.0,756000.0,0.5,0.3,0.0,7200.0,0.1,1.0,0.35,0.0,0.0,0.0,1.0,0.0,8,8,4,,conv-41,ablation_7
vector_store,vector_store+HindsightTag,True,0,21600.0,756000.0,0.7,0.05,0.0,7200.0,0.1,1.0,0.35,0.125,0.0,0.125,1.0,0.25,8,8,4,,conv-41,ablation_8
vector_store,vector_store+HindsightTag,True,0,21600.0,756000.0,0.7,0.15,0.0,7200.0,0.1,1.0,0.35,0.125,0.0,0.125,1.0,0.25,8,8,4,,conv-41,ablation_9
vector_store,vector_store+HindsightTag,True,0,21600.0,756000.0,0.7,0.3,0.0,7200.0,0.1,1.0,0.35,0.0,0.0,0.0,1.0,0.0,8,8,4,,conv-41,ablation_10
vector_store,vector_store+HindsightTag,True,0,21600.0,756000.0,0.9,0.05,0.0,7200.0,0.1,1.0,0.35,0.125,0.0,0.125,1.0,0.25,8,8,4,,conv-41,ablation_11
vector_store,vector_store+HindsightTag,True,0,21600.0,756000.0,0.9,0.15,0.0,7200.0,0.1,1.0,0.35,0.125,0.0,0.125,1.0,0.25,8,8,4,,conv-41,ablation_12
vector_store,vector_store+HindsightTag,True,0,21600.0,756000.0,0.9,0.3,0.0,7200.0,0.1,1.0,0.35,0.0,0.0,0.0,1.0,0.0,8,8,4,,conv-41,ablation_13
vector_store,vector_store+HindsightTag,True,0,21600.0,756000.0,0.5,0.05,0.0,14400.0,0.1,1.0,0.35,0.125,0.0,0.125,1.0,0.25,8,8,4,,conv-41,ablation_14
vector_store,vector_store+HindsightTag,True,0,21600.0,756000.0,0.5,0.15,0.0,14400.0,0.1,1.0,0.35,0.125,0.0,0.125,1.0,0.25,8,8,4,,conv-41,ablation_15
vector_store,vector_store+HindsightTag,True,0,21600.0,756000.0,0.5,0.3,0.0,14400.0,0.1,1.0,0.35,0.0,0.0,0.0,1.0,0.0,8,8,4,,conv-41,ablation_16
vector_store,vector_store+HindsightTag,True,0,21600.0,756000.0,0.7,0.05,0.0,14400.0,0.1,1.0,0.35,0.125,0.0,0.125,1.0,0.25,8,8,4,,conv-41,ablation_17
vector_store,vector_store+HindsightTag,True,0,21600.0,756000.0,0.7,0.15,0.0,14400.0,0.1,1.0,0.35,0.125,0.0,0.125,1.0,0.25,8,8,4,,conv-41,ablation_18
vector_store,vector_store+HindsightTag,True,0,21600.0,756000.0,0.7,0.3,0.0,14400.0,0.1,1.0,0.35,0.0,0.0,0.0,1.0,0.0,8,8,4,,conv-41,ablation_19
vector_store,vector_store+HindsightTag,True,0,21600.0,756000.0,0.9,0.05,0.0,14400.0,0.1,1.0,0.35,0.125,0.0,0.125,1.0,0.25,8,8,4,,conv-41,ablation_20
vector_store,vector_store+HindsightTag,True,0,21600.0,756000.0,0.9,0.15,0.0,14400.0,0.1,1.0,0.35,0.125,0.0,0.125,1.0,0.25,8,8,4,,conv-41,ablation_21
vector_store,vector_store+HindsightTag,True,0,21600.0,756000.0,0.9,0.3,0.0,14400.0,0.1,1.0,0.35,0.0,0.0,0.0,1.0,0.0,8,8,4,,conv-41,ablation_22
vector_store,vector_store+HindsightTag,True,0,21600.0,756000.0,0.5,0.05,0.0,28800.0,0.1,1.0,0.35,0.125,0.0,0.125,1.0,0.25,8,8,4,,conv-41,ablation_23
vector_store,vector_store+HindsightTag,True,0,21600.0,756000.0,0.5,0.15,0.0,28800.0,0.1,1.0,0.35,0.125,0.0,0.125,1.0,0.25,8,8,4,,conv-41,ablation_24
vector_store,vector_store+HindsightTag,True,0,21600.0,756000.0,0.5,0.3,0.0,28800.0,0.1,1.0,0.35,0.0,0.0,0.0,1.0,0.0,8,8,4,,conv-41,ablation_25
vector_store,vector_store+HindsightTag,True,0,21600.0,756000.0,0.7,0.05,0.0,28800.0,0.1,1.0,0.35,0.125,0.0,0.125,1.0,0.25,8,8,4,,conv-41,ablation_26
vector_store,vector_store+HindsightTag,True,0,21600.0,756000.0,0.7,0.15,0.0,28800.0,0.1,1.0,0.35,0.125,0.0,0.125,1.0,0.25,8,8,4,,conv-41,ablation_27
vector_store,vector_store+HindsightTag,True,0,21600.0,756000.0,0.7,0.3,0.0,28800.0,0.1,1.0,0.35,0.0,0.0,0.0,1.0,0.0,8,8,4,,conv-41,ablation_28
vector_store,vector_store+HindsightTag,True,0,21600.0,756000.0,0.9,0.05,0.0,28800.0,0.1,1.0,0.35,0.125,0.0,0.125,1.0,0.25,8,8,4,,conv-41,ablation_29
vector_store,vector_store+HindsightTag,True,0,21600.0,756000.0,0.9,0.15,0.0,28800.0,0.1,1.0,0.35,0.125,0.0,0.125,1.0,0.25,8,8,4,,conv-41,ablation_30
vector_store,vector_store+HindsightTag,True,0,21600.0,756000.0,0.9,0.3,0.0,28800.0,0.1,1.0,0.35,0.0,0.0,0.0,1.0,0.0,8,8,4,,conv-41,ablation_31
vector_store,vector_store+HindsightTag,True,0,21600.0,3024000.0,0.5,0.05,0.0,7200.0,0.1,1.0,0.35,0.125,0.0,0.125,1.0,0.25,8,8,4,,conv-41,ablation_32
vector_store,vector_store+HindsightTag,True,0,21600.0,3024000.0,0.5,0.15,0.0,7200.0,0.1,1.0,0.35,0.125,0.0,0.125,1.0,0.25,8,8,4,,conv-41,ablation_33
vector_store,vector_store+HindsightTag,True,0,21600.0,3024000.0,0.5,0.3,0.0,7200.0,0.1,1.0,0.35,0.0,0.0,0.0,1.0,0.0,8,8,4,,conv-41,ablation_34
vector_store,vector_store+HindsightTag,True,0,21600.0,3024000.0,0.7,0.05,0.0,7200.0,0.1,1.0,0.35,0.125,0.0,0.125,1.0,0.25,8,8,4,,conv-41,ablation_35
vector_store,vector_store+HindsightTag,True,0,21600.0,3024000.0,0.7,0.15,0.0,7200.0,0.1,1.0,0.35,0.125,0.0,0.125,1.0,0.25,8,8,4,,conv-41,ablation_36
vector_store,vector_store+HindsightTag,True,0,21600.0,3024000.0,0.7,0.3,0.0,7200.0,0.1,1.0,0.35,0.0,0.0,0.0,1.0,0.0,8,8,4,,conv-41,ablation_37
vector_store,vector_store+HindsightTag,True,0,21600.0,3024000.0,0.9,0.05,0.0,7200.0,0.1,1.0,0.35,0.125,0.0,0.125,1.0,0.25,8,8,4,,conv-41,ablation_38
vector_store,vector_store+HindsightTag,True,0,21600.0,3024000.0,0.9,0.15,0.0,7200.0,0.1,1.0,0.35,0.125,0.0,0.125,1.0,0.25,8,8,4,,conv-41,ablation_39
vector_store,vector_store+HindsightTag,True,0,21600.0,3024000.0,0.9,0.3,0.0,7200.0,0.1,1.0,0.35,0.0,0.0,0.0,1.0,0.0,8,8,4,,conv-41,ablation_40
vector_store,vector_store+HindsightTag,True,0,21600.0,3024000.0,0.5,0.05,0.0,14400.0,0.1,1.0,0.35,0.125,0.0,0.125,1.0,0.25,8,8,4,,conv-41,ablation_41
vector_store,vector_store+HindsightTag,True,0,21600.0,3024000.0,0.5,0.15,0.0,14400.0,0.1,1.0,0.35,0.125,0.0,0.125,1.0,0.25,8,8,4,,conv-41,ablation_42
vector_store,vector_store+HindsightTag,True,0,21600.0,3024000.0,0.5,0.3,0.0,14400.0,0.1,1.0,0.35,0.0,0.0,0.0,1.0,0.0,8,8,4,,conv-41,ablation_43
vector_store,vector_store+HindsightTag,True,0,21600.0,3024000.0,0.7,0.05,0.0,14400.0,0.1,1.0,0.35,0.125,0.0,0.125,1.0,0.25,8,8,4,,conv-41,ablation_44
vector_store,vector_store+HindsightTag,True,0,21600.0,3024000.0,0.7,0.15,0.0,14400.0,0.1,1.0,0.35,0.125,0.0,0.125,1.0,0.25,8,8,4,,conv-41,ablation_45
vector_store,vector_store+HindsightTag,True,0,21600.0,3024000.0,0.7,0.3,0.0,14400.0,0.1,1.0,0.35,0.0,0.0,0.0,1.0,0.0,8,8,4,,conv-41,ablation_46
vector_store,vector_store+HindsightTag,True,0,21600.0,3024000.0,0.9,0.05,0.0,14400.0,0.1,1.0,0.35,0.125,0.0,0.125,1.0,0.25,8,8,4,,conv-41,ablation_47
vector_store,vector_store+HindsightTag,True,0,21600.0,3024000.0,0.9,0.15,0.0,14400.0,0.1,1.0,0.35,0.125,0.0,0.125,1.0,0.25,8,8,4,,conv-41,ablation_48
vector_store,vector_store+HindsightTag,True,0,21600.0,3024000.0,0.9,0.3,0.0,14400.0,0.1,1.0,0.35,0.0,0.0,0.0,1.0,0.0,8,8,4,,conv-41,ablation_49
vector_store,vector_store+HindsightTag,True,0,21600.0,3024000.0,0.5,0.05,0.0,28800.0,0.1,1.0,0.35,0.125,0.0,0.125,1.0,0.25,8,8,4,,conv-41,ablation_50
vector_store,vector_store+HindsightTag,True,0,21600.0,3024000.0,0.5,0.15,0.0,28800.0,0.1,1.0,0.35,0.125,0.0,0.125,1.0,0.25,8,8,4,,conv-41,ablation_51
vector_store,vector_store+HindsightTag,True,0,21600.0,3024000.0,0.5,0.3,0.0,28800.0,0.1,1.0,0.35,0.0,0.0,0.0,1.0,0.0,8,8,4,,conv-41,ablation_52
vector_store,vector_store+HindsightTag,True,0,21600.0,3024000.0,0.7,0.05,0.0,28800.0,0.1,1.0,0.35,0.125,0.0,0.125,1.0,0.25,8,8,4,,conv-41,ablation_53
vector_store,vector_store+HindsightTag,True,0,21600.0,3024000.0,0.7,0.15,0.0,28800.0,0.1,1.0,0.35,0.125,0.0,0.125,1.0,0.25,8,8,4,,conv-41,ablation_54
vector_store,vector_store+HindsightTag,True,0,21600.0,3024000.0,0.7,0.3,0.0,28800.0,0.1,1.0,0.35,0.0,0.0,0.0,1.0,0.0,8,8,4,,conv-41,ablation_55
vector_store,vector_store+HindsightTag,True,0,21600.0,3024000.0,0.9,0.05,0.0,28800.0,0.1,1.0,0.35,0.125,0.0,0.125,1.0,0.25,8,8,4,,conv-41,ablation_56
vector_store,vector_store+HindsightTag,True,0,21600.0,3024000.0,0.9,0.15,0.0,28800.0,0.1,1.0,0.35,0.125,0.0,0.125,1.0,0.25,8,8,4,,conv-41,ablation_57
vector_store,vector_store+HindsightTag,True,0,21600.0,3024000.0,0.9,0.3,0.0,28800.0,0.1,1.0,0.35,0.0,0.0,0.0,1.0,0.0,8,8,4,,conv-41,ablation_58
vector_store,vector_store+HindsightTag,True,0,21600.0,6048000.0,0.5,0.05,0.0,7200.0,0.1,1.0,0.35,0.125,0.0,0.125,1.0,0.25,8,8,4,,conv-41,ablation_59
vector_store,vector_store+HindsightTag,True,0,21600.0,6048000.0,0.5,0.15,0.0,7200.0,0.1,1.0,0.35,0.125,0.0,0.125,1.0,0.25,8,8,4,,conv-41,ablation_60
vector_store,vector_store+HindsightTag,True,0,21600.0,6048000.0,0.5,0.3,0.0,7200.0,0.1,1.0,0.35,0.0,0.0,0.0,1.0,0.0,8,8,4,,conv-41,ablation_61
vector_store,vector_store+HindsightTag,True,0,21600.0,6048000.0,0.7,0.05,0.0,7200.0,0.1,1.0,0.35,0.125,0.0,0.125,1.0,0.25,8,8,4,,conv-41,ablation_62
vector_store,vector_store+HindsightTag,True,0,21600.0,6048000.0,0.7,0.15,0.0,7200.0,0.1,1.0,0.35,0.125,0.0,0.125,1.0,0.25,8,8,4,,conv-41,ablation_63
vector_store,vector_store+HindsightTag,True,0,21600.0,6048000.0,0.7,0.3,0.0,7200.0,0.1,1.0,0.35,0.0,0.0,0.0,1.0,0.0,8,8,4,,conv-41,ablation_64
vector_store,vector_store+HindsightTag,True,0,21600.0,6048000.0,0.9,0.05,0.0,7200.0,0.1,1.0,0.35,0.125,0.0,0.125,1.0,0.25,8,8,4,,conv-41,ablation_65
vector_store,vector_store+HindsightTag,True,0,21600.0,6048000.0,0.9,0.15,0.0,7200.0,0.1,1.0,0.35,0.125,0.0,0.125,1.0,0.25,8,8,4,,conv-41,ablation_66
vector_store,vector_store+HindsightTag,True,0,21600.0,6048000.0,0.9,0.3,0.0,7200.0,0.1,1.0,0.35,0.0,0.0,0.0,1.0,0.0,8,8,4,,conv-41,ablation_67
vector_store,vector_store+HindsightTag,True,0,21600.0,6048000.0,0.5,0.05,0.0,14400.0,0.1,1.0,0.35,0.125,0.0,0.125,1.0,0.25,8,8,4,,conv-41,ablation_68
vector_store,vector_store+HindsightTag,True,0,21600.0,6048000.0,0.5,0.15,0.0,14400.0,0.1,1.0,0.35,0.125,0.0,0.125,1.0,0.25,8,8,4,,conv-41,ablation_69
vector_store,vector_store+HindsightTag,True,0,21600.0,6048000.0,0.5,0.3,0.0,14400.0,0.1,1.0,0.35,0.0,0.0,0.0,1.0,0.0,8,8,4,,conv-41,ablation_70
vector_store,vector_store+HindsightTag,True,0,21600.0,6048000.0,0.7,0.05,0.0,14400.0,0.1,1.0,0.35,0.125,0.0,0.125,1.0,0.25,8,8,4,,conv-41,ablation_71
vector_store,vector_store+HindsightTag,True,0,21600.0,6048000.0,0.7,0.15,0.0,14400.0,0.1,1.0,0.35,0.125,0.0,0.125,1.0,0.25,8,8,4,,conv-41,ablation_72
vector_store,vector_store+HindsightTag,True,0,21600.0,6048000.0,0.7,0.3,0.0,14400.0,0.1,1.0,0.35,0.0,0.0,0.0,1.0,0.0,8,8,4,,conv-41,ablation_73
vector_store,vector_store+HindsightTag,True,0,21600.0,6048000.0,0.9,0.05,0.0,14400.0,0.1,1.0,0.35,0.125,0.0,0.125,1.0,0.25,8,8,4,,conv-41,ablation_74
vector_store,vector_store+HindsightTag,True,0,21600.0,6048000.0,0.9,0.15,0.0,14400.0,0.1,1.0,0.35,0.125,0.0,0.125,1.0,0.25,8,8,4,,conv-41,ablation_75
vector_store,vector_store+HindsightTag,True,0,21600.0,6048000.0,0.9,0.3,0.0,14400.0,0.1,1.0,0.35,0.0,0.0,0.0,1.0,0.0,8,8,4,,conv-41,ablation_76
vector_store,vector_store+HindsightTag,True,0,21600.0,6048000.0,0.5,0.05,0.0,28800.0,0.1,1.0,0.35,0.125,0.0,0.125,1.0,0.25,8,8,4,,conv-41,ablation_77
vector_store,vector_store+HindsightTag,True,0,21600.0,6048000.0,0.5,0.15,0.0,28800.0,0.1,1.0,0.35,0.125,0.0,0.125,1.0,0.25,8,8,4,,conv-41,ablation_78
vector_store,vector_store+HindsightTag,True,0,21600.0,6048000.0,0.5,0.3,0.0,28800.0,0.1,1.0,0.35,0.0,0.0,0.0,1.0,0.0,8,8,4,,conv-41,ablation_79
vector_store,vector_store+HindsightTag,True,0,21600.0,6048000.0,0.7,0.05,0.0,28800.0,0.1,1.0,0.35,0.125,0.0,0.125,1.0,0.25,8,8,4,,conv-41,ablation_80
vector_store,vector_store+HindsightTag,True,0,21600.0,6048000.0,0.7,0.15,0.0,28800.0,0.1,1.0,0.35,0.125,0.0,0.125,1.0,0.25,8,8,4,,conv-41,ablation_81
vector_store,vector_store+HindsightTag,True,0,21600.0,6048000.0,0.7,0.3,0.0,28800.0,0.1,1.0,0.35,0.0,0.0,0.0,1.0,0.0,8,8,4,,conv-41,ablation_82
vector_store,vector_store+HindsightTag,True,0,21600.0,6048000.0,0.9,0.05,0.0,28800.0,0.1,1.0,0.35,0.125,0.0,0.125,1.0,0.25,8,8,4,,conv-41,ablation_83
vector_store,vector_store+HindsightTag,True,0,21600.0,6048000.0,0.9,0.15,0.0,28800.0,0.1,1.0,0.35,0.125,0.0,0.125,1.0,0.25,8,8,4,,conv-41,ablation_84
vector_store,vector_store+HindsightTag,True,0,21600.0,6048000.0,0.9,0.3,0.0,28800.0,0.1,1.0,0.35,0.0,0.0,0.0,1.0,0.0,8,8,4,,conv-41,ablation_85
mem0,mem0,False,1,21600.0,3024000.0,0.7,0.1,0.0,14400.0,0.1,1.0,0.35,0.0,0.0,0.0,,0.0,8,8,0,True,conv-41,baseline
mem0,mem0+HindsightTag,True,1,21600.0,3024000.0,0.7,0.1,0.0,14400.0,0.1,1.0,0.35,0.0,0.0,0.0,1.0,0.0,8,8,4,True,conv-41,ablation_0
mem0,mem0+HindsightTag,True,1,21600.0,3024000.0,0.7,0.1,0.25,14400.0,0.1,1.0,0.35,0.0,0.0,0.0,1.0,0.0,8,8,4,True,conv-41,ablation_1
mem0,mem0+HindsightTag,True,1,21600.0,3024000.0,0.7,0.1,0.5,14400.0,0.1,1.0,0.35,0.0,0.0,0.0,1.0,0.0,8,8,4,True,conv-41,ablation_2
mem0,mem0+HindsightTag,True,1,21600.0,3024000.0,0.7,0.1,0.75,14400.0,0.1,1.0,0.35,0.0,0.0,0.0,1.0,0.0,8,8,4,True,conv-41,ablation_3
mem0,mem0+HindsightTag,True,1,21600.0,3024000.0,0.7,0.1,1.0,14400.0,0.1,1.0,0.35,0.0,0.0,0.0,1.0,0.0,8,8,4,True,conv-41,ablation_4
mem0,mem0+HindsightTag,True,1,21600.0,756000.0,0.5,0.05,0.0,7200.0,0.1,1.0,0.35,0.0,0.0,0.0,1.0,0.0,8,8,4,True,conv-41,ablation_5
mem0,mem0+HindsightTag,True,1,21600.0,756000.0,0.5,0.15,0.0,7200.0,0.1,1.0,0.35,0.0,0.0,0.0,1.0,0.0,8,8,4,True,conv-41,ablation_6
mem0,mem0+HindsightTag,True,1,21600.0,756000.0,0.5,0.3,0.0,7200.0,0.1,1.0,0.35,0.0,0.0,0.0,1.0,0.0,8,8,4,True,conv-41,ablation_7
mem0,mem0+HindsightTag,True,1,21600.0,756000.0,0.7,0.05,0.0,7200.0,0.1,1.0,0.35,0.0,0.0,0.0,1.0,0.0,8,8,4,True,conv-41,ablation_8
mem0,mem0+HindsightTag,True,1,21600.0,756000.0,0.7,0.15,0.0,7200.0,0.1,1.0,0.35,0.0,0.0,0.0,1.0,0.0,8,8,4,True,conv-41,ablation_9
mem0,mem0+HindsightTag,True,1,21600.0,756000.0,0.7,0.3,0.0,7200.0,0.1,1.0,0.35,0.0,0.0,0.0,1.0,0.0,8,8,4,True,conv-41,ablation_10
mem0,mem0+HindsightTag,True,1,21600.0,756000.0,0.9,0.05,0.0,7200.0,0.1,1.0,0.35,0.0,0.0,0.0,1.0,0.0,8,8,4,True,conv-41,ablation_11
mem0,mem0+HindsightTag,True,1,21600.0,756000.0,0.9,0.15,0.0,7200.0,0.1,1.0,0.35,0.0,0.0,0.0,1.0,0.0,8,8,4,True,conv-41,ablation_12
mem0,mem0+HindsightTag,True,1,21600.0,756000.0,0.9,0.3,0.0,7200.0,0.1,1.0,0.35,0.0,0.0,0.0,1.0,0.0,8,8,4,True,conv-41,ablation_13
mem0,mem0+HindsightTag,True,1,21600.0,756000.0,0.5,0.05,0.0,14400.0,0.1,1.0,0.35,0.0,0.0,0.0,1.0,0.0,8,8,4,True,conv-41,ablation_14
mem0,mem0+HindsightTag,True,1,21600.0,756000.0,0.5,0.15,0.0,14400.0,0.1,1.0,0.35,0.0,0.0,0.0,1.0,0.0,8,8,4,True,conv-41,ablation_15
mem0,mem0+HindsightTag,True,1,21600.0,756000.0,0.5,0.3,0.0,14400.0,0.1,1.0,0.35,0.0,0.0,0.0,1.0,0.0,8,8,4,True,conv-41,ablation_16
mem0,mem0+HindsightTag,True,1,21600.0,756000.0,0.7,0.05,0.0,14400.0,0.1,1.0,0.35,0.0,0.0,0.0,1.0,0.0,8,8,4,True,conv-41,ablation_17
mem0,mem0+HindsightTag,True,1,21600.0,756000.0,0.7,0.15,0.0,14400.0,0.1,1.0,0.35,0.0,0.0,0.0,1.0,0.0,8,8,4,True,conv-41,ablation_18
mem0,mem0+HindsightTag,True,1,21600.0,756000.0,0.7,0.3,0.0,14400.0,0.1,1.0,0.35,0.0,0.0,0.0,1.0,0.0,8,8,4,True,conv-41,ablation_19
mem0,mem0+HindsightTag,True,1,21600.0,756000.0,0.9,0.05,0.0,14400.0,0.1,1.0,0.35,0.0,0.0,0.0,1.0,0.0,8,8,4,True,conv-41,ablation_20
mem0,mem0+HindsightTag,True,1,21600.0,756000.0,0.9,0.15,0.0,14400.0,0.1,1.0,0.35,0.0,0.0,0.0,1.0,0.0,8,8,4,True,conv-41,ablation_21
mem0,mem0+HindsightTag,True,1,21600.0,756000.0,0.9,0.3,0.0,14400.0,0.1,1.0,0.35,0.0,0.0,0.0,1.0,0.0,8,8,4,True,conv-41,ablation_22
mem0,mem0+HindsightTag,True,1,21600.0,756000.0,0.5,0.05,0.0,28800.0,0.1,1.0,0.35,0.0,0.0,0.0,1.0,0.0,8,8,4,True,conv-41,ablation_23
mem0,mem0+HindsightTag,True,1,21600.0,756000.0,0.5,0.15,0.0,28800.0,0.1,1.0,0.35,0.0,0.0,0.0,1.0,0.0,8,8,4,True,conv-41,ablation_24
mem0,mem0+HindsightTag,True,1,21600.0,756000.0,0.5,0.3,0.0,28800.0,0.1,1.0,0.35,0.0,0.0,0.0,1.0,0.0,8,8,4,True,conv-41,ablation_25
mem0,mem0+HindsightTag,True,1,21600.0,756000.0,0.7,0.05,0.0,28800.0,0.1,1.0,0.35,0.0,0.0,0.0,1.0,0.0,8,8,4,True,conv-41,ablation_26
mem0,mem0+HindsightTag,True,1,21600.0,756000.0,0.7,0.15,0.0,28800.0,0.1,1.0,0.35,0.0,0.0,0.0,1.0,0.0,8,8,4,True,conv-41,ablation_27
mem0,mem0+HindsightTag,True,1,21600.0,756000.0,0.7,0.3,0.0,28800.0,0.1,1.0,0.35,0.0,0.0,0.0,1.0,0.0,8,8,4,True,conv-41,ablation_28
mem0,mem0+HindsightTag,True,1,21600.0,756000.0,0.9,0.05,0.0,28800.0,0.1,1.0,0.35,0.0,0.0,0.0,1.0,0.0,8,8,4,True,conv-41,ablation_29
mem0,mem0+HindsightTag,True,1,21600.0,756000.0,0.9,0.15,0.0,28800.0,0.1,1.0,0.35,0.0,0.0,0.0,1.0,0.0,8,8,4,True,conv-41,ablation_30
mem0,mem0+HindsightTag,True,1,21600.0,756000.0,0.9,0.3,0.0,28800.0,0.1,1.0,0.35,0.0,0.0,0.0,1.0,0.0,8,8,4,True,conv-41,ablation_31
mem0,mem0+HindsightTag,True,1,21600.0,3024000.0,0.5,0.05,0.0,7200.0,0.1,1.0,0.35,0.0,0.0,0.0,1.0,0.0,8,8,4,True,conv-41,ablation_32
mem0,mem0+HindsightTag,True,1,21600.0,3024000.0,0.5,0.15,0.0,7200.0,0.1,1.0,0.35,0.0,0.0,0.0,1.0,0.0,8,8,4,True,conv-41,ablation_33
mem0,mem0+HindsightTag,True,1,21600.0,3024000.0,0.5,0.3,0.0,7200.0,0.1,1.0,0.35,0.0,0.0,0.0,1.0,0.0,8,8,4,True,conv-41,ablation_34
mem0,mem0+HindsightTag,True,1,21600.0,3024000.0,0.7,0.05,0.0,7200.0,0.1,1.0,0.35,0.0,0.0,0.0,1.0,0.0,8,8,4,True,conv-41,ablation_35
mem0,mem0+HindsightTag,True,1,21600.0,3024000.0,0.7,0.15,0.0,7200.0,0.1,1.0,0.35,0.0,0.0,0.0,1.0,0.0,8,8,4,True,conv-41,ablation_36
mem0,mem0+HindsightTag,True,1,21600.0,3024000.0,0.7,0.3,0.0,7200.0,0.1,1.0,0.35,0.0,0.0,0.0,1.0,0.0,8,8,4,True,conv-41,ablation_37
mem0,mem0+HindsightTag,True,1,21600.0,3024000.0,0.9,0.05,0.0,7200.0,0.1,1.0,0.35,0.0,0.0,0.0,1.0,0.0,8,8,4,True,conv-41,ablation_38
mem0,mem0+HindsightTag,True,1,21600.0,3024000.0,0.9,0.15,0.0,7200.0,0.1,1.0,0.35,0.0,0.0,0.0,1.0,0.0,8,8,4,True,conv-41,ablation_39
mem0,mem0+HindsightTag,True,1,21600.0,3024000.0,0.9,0.3,0.0,7200.0,0.1,1.0,0.35,0.0,0.0,0.0,1.0,0.0,8,8,4,True,conv-41,ablation_40
mem0,mem0+HindsightTag,True,1,21600.0,3024000.0,0.5,0.05,0.0,14400.0,0.1,1.0,0.35,0.0,0.0,0.0,1.0,0.0,8,8,4,True,conv-41,ablation_41
mem0,mem0+HindsightTag,True,1,21600.0,3024000.0,0.5,0.15,0.0,14400.0,0.1,1.0,0.35,0.0,0.0,0.0,1.0,0.0,8,8,4,True,conv-41,ablation_42
mem0,mem0+HindsightTag,True,1,21600.0,3024000.0,0.5,0.3,0.0,14400.0,0.1,1.0,0.35,0.0,0.0,0.0,1.0,0.0,8,8,4,True,conv-41,ablation_43
mem0,mem0+HindsightTag,True,1,21600.0,3024000.0,0.7,0.05,0.0,14400.0,0.1,1.0,0.35,0.0,0.0,0.0,1.0,0.0,8,8,4,True,conv-41,ablation_44
mem0,mem0+HindsightTag,True,1,21600.0,3024000.0,0.7,0.15,0.0,14400.0,0.1,1.0,0.35,0.0,0.0,0.0,1.0,0.0,8,8,4,True,conv-41,ablation_45
mem0,mem0+HindsightTag,True,1,21600.0,3024000.0,0.7,0.3,0.0,14400.0,0.1,1.0,0.35,0.0,0.0,0.0,1.0,0.0,8,8,4,True,conv-41,ablation_46
mem0,mem0+HindsightTag,True,1,21600.0,3024000.0,0.9,0.05,0.0,14400.0,0.1,1.0,0.35,0.0,0.0,0.0,1.0,0.0,8,8,4,True,conv-41,ablation_47
mem0,mem0+HindsightTag,True,1,21600.0,3024000.0,0.9,0.15,0.0,14400.0,0.1,1.0,0.35,0.0,0.0,0.0,1.0,0.0,8,8,4,True,conv-41,ablation_48
mem0,mem0+HindsightTag,True,1,21600.0,3024000.0,0.9,0.3,0.0,14400.0,0.1,1.0,0.35,0.0,0.0,0.0,1.0,0.0,8,8,4,True,conv-41,ablation_49
mem0,mem0+HindsightTag,True,1,21600.0,3024000.0,0.5,0.05,0.0,28800.0,0.1,1.0,0.35,0.0,0.0,0.0,1.0,0.0,8,8,4,True,conv-41,ablation_50
mem0,mem0+HindsightTag,True,1,21600.0,3024000.0,0.5,0.15,0.0,28800.0,0.1,1.0,0.35,0.0,0.0,0.0,1.0,0.0,8,8,4,True,conv-41,ablation_51
mem0,mem0+HindsightTag,True,1,21600.0,3024000.0,0.5,0.3,0.0,28800.0,0.1,1.0,0.35,0.0,0.0,0.0,1.0,0.0,8,8,4,True,conv-41,ablation_52
mem0,mem0+HindsightTag,True,1,21600.0,3024000.0,0.7,0.05,0.0,28800.0,0.1,1.0,0.35,0.0,0.0,0.0,1.0,0.0,8,8,4,True,conv-41,ablation_53
mem0,mem0+HindsightTag,True,1,21600.0,3024000.0,0.7,0.15,0.0,28800.0,0.1,1.0,0.35,0.0,0.0,0.0,1.0,0.0,8,8,4,True,conv-41,ablation_54
mem0,mem0+HindsightTag,True,1,21600.0,3024000.0,0.7,0.3,0.0,28800.0,0.1,1.0,0.35,0.0,0.0,0.0,1.0,0.0,8,8,4,True,conv-41,ablation_55
mem0,mem0+HindsightTag,True,1,21600.0,3024000.0,0.9,0.05,0.0,28800.0,0.1,1.0,0.35,0.0,0.0,0.0,1.0,0.0,8,8,4,True,conv-41,ablation_56
mem0,mem0+HindsightTag,True,1,21600.0,3024000.0,0.9,0.15,0.0,28800.0,0.1,1.0,0.35,0.0,0.0,0.0,1.0,0.0,8,8,4,True,conv-41,ablation_57
mem0,mem0+HindsightTag,True,1,21600.0,3024000.0,0.9,0.3,0.0,28800.0,0.1,1.0,0.35,0.0,0.0,0.0,1.0,0.0,8,8,4,True,conv-41,ablation_58
mem0,mem0+HindsightTag,True,1,21600.0,6048000.0,0.5,0.05,0.0,7200.0,0.1,1.0,0.35,0.0,0.0,0.0,1.0,0.0,8,8,4,True,conv-41,ablation_59
mem0,mem0+HindsightTag,True,1,21600.0,6048000.0,0.5,0.15,0.0,7200.0,0.1,1.0,0.35,0.0,0.0,0.0,1.0,0.0,8,8,4,True,conv-41,ablation_60
mem0,mem0+HindsightTag,True,1,21600.0,6048000.0,0.5,0.3,0.0,7200.0,0.1,1.0,0.35,0.0,0.0,0.0,1.0,0.0,8,8,4,True,conv-41,ablation_61
mem0,mem0+HindsightTag,True,1,21600.0,6048000.0,0.7,0.05,0.0,7200.0,0.1,1.0,0.35,0.0,0.0,0.0,1.0,0.0,8,8,4,True,conv-41,ablation_62
mem0,mem0+HindsightTag,True,1,21600.0,6048000.0,0.7,0.15,0.0,7200.0,0.1,1.0,0.35,0.0,0.0,0.0,1.0,0.0,8,8,4,True,conv-41,ablation_63
mem0,mem0+HindsightTag,True,1,21600.0,6048000.0,0.7,0.3,0.0,7200.0,0.1,1.0,0.35,0.0,0.0,0.0,1.0,0.0,8,8,4,True,conv-41,ablation_64
mem0,mem0+HindsightTag,True,1,21600.0,6048000.0,0.9,0.05,0.0,7200.0,0.1,1.0,0.35,0.0,0.0,0.0,1.0,0.0,8,8,4,True,conv-41,ablation_65
mem0,mem0+HindsightTag,True,1,21600.0,6048000.0,0.9,0.15,0.0,7200.0,0.1,1.0,0.35,0.0,0.0,0.0,1.0,0.0,8,8,4,True,conv-41,ablation_66
mem0,mem0+HindsightTag,True,1,21600.0,6048000.0,0.9,0.3,0.0,7200.0,0.1,1.0,0.35,0.0,0.0,0.0,1.0,0.0,8,8,4,True,conv-41,ablation_67
mem0,mem0+HindsightTag,True,1,21600.0,6048000.0,0.5,0.05,0.0,14400.0,0.1,1.0,0.35,0.0,0.0,0.0,1.0,0.0,8,8,4,True,conv-41,ablation_68
mem0,mem0+HindsightTag,True,1,21600.0,6048000.0,0.5,0.15,0.0,14400.0,0.1,1.0,0.35,0.0,0.0,0.0,1.0,0.0,8,8,4,True,conv-41,ablation_69
mem0,mem0+HindsightTag,True,1,21600.0,6048000.0,0.5,0.3,0.0,14400.0,0.1,1.0,0.35,0.0,0.0,0.0,1.0,0.0,8,8,4,True,conv-41,ablation_70
mem0,mem0+HindsightTag,True,1,21600.0,6048000.0,0.7,0.05,0.0,14400.0,0.1,1.0,0.35,0.0,0.0,0.0,1.0,0.0,8,8,4,True,conv-41,ablation_71
mem0,mem0+HindsightTag,True,1,21600.0,6048000.0,0.7,0.15,0.0,14400.0,0.1,1.0,0.35,0.0,0.0,0.0,1.0,0.0,8,8,4,True,conv-41,ablation_72
mem0,mem0+HindsightTag,True,1,21600.0,6048000.0,0.7,0.3,0.0,14400.0,0.1,1.0,0.35,0.0,0.0,0.0,1.0,0.0,8,8,4,True,conv-41,ablation_73
mem0,mem0+HindsightTag,True,1,21600.0,6048000.0,0.9,0.05,0.0,14400.0,0.1,1.0,0.35,0.0,0.0,0.0,1.0,0.0,8,8,4,True,conv-41,ablation_74
mem0,mem0+HindsightTag,True,1,21600.0,6048000.0,0.9,0.15,0.0,14400.0,0.1,1.0,0.35,0.0,0.0,0.0,1.0,0.0,8,8,4,True,conv-41,ablation_75
mem0,mem0+HindsightTag,True,1,21600.0,6048000.0,0.9,0.3,0.0,14400.0,0.1,1.0,0.35,0.0,0.0,0.0,1.0,0.0,8,8,4,True,conv-41,ablation_76
mem0,mem0+HindsightTag,True,1,21600.0,6048000.0,0.5,0.05,0.0,28800.0,0.1,1.0,0.35,0.0,0.0,0.0,1.0,0.0,8,8,4,True,conv-41,ablation_77
mem0,mem0+HindsightTag,True,1,21600.0,6048000.0,0.5,0.15,0.0,28800.0,0.1,1.0,0.35,0.0,0.0,0.0,1.0,0.0,8,8,4,True,conv-41,ablation_78
mem0,mem0+HindsightTag,True,1,21600.0,6048000.0,0.5,0.3,0.0,28800.0,0.1,1.0,0.35,0.0,0.0,0.0,1.0,0.0,8,8,4,True,conv-41,ablation_79
mem0,mem0+HindsightTag,True,1,21600.0,6048000.0,0.7,0.05,0.0,28800.0,0.1,1.0,0.35,0.0,0.0,0.0,1.0,0.0,8,8,4,True,conv-41,ablation_80
mem0,mem0+HindsightTag,True,1,21600.0,6048000.0,0.7,0.15,0.0,28800.0,0.1,1.0,0.35,0.0,0.0,0.0,1.0,0.0,8,8,4,True,conv-41,ablation_81
mem0,mem0+HindsightTag,True,1,21600.0,6048000.0,0.7,0.3,0.0,28800.0,0.1,1.0,0.35,0.0,0.0,0.0,1.0,0.0,8,8,4,True,conv-41,ablation_82
mem0,mem0+HindsightTag,True,1,21600.0,6048000.0,0.9,0.05,0.0,28800.0,0.1,1.0,0.35,0.0,0.0,0.0,1.0,0.0,8,8,4,True,conv-41,ablation_83
mem0,mem0+HindsightTag,True,1,21600.0,6048000.0,0.9,0.15,0.0,28800.0,0.1,1.0,0.35,0.0,0.0,0.0,1.0,0.0,8,8,4,True,conv-41,ablation_84
mem0,mem0+HindsightTag,True,1,21600.0,6048000.0,0.9,0.3,0.0,28800.0,0.1,1.0,0.35,0.0,0.0,0.0,1.0,0.0,8,8,4,True,conv-41,ablation_85
vector_store,vector_store,False,1,21600.0,3024000.0,0.7,0.1,0.0,14400.0,0.1,1.0,0.35,0.0,0.0,0.0,,0.0,8,8,0,,conv-41,baseline
vector_store,vector_store+HindsightTag,True,1,21600.0,3024000.0,0.7,0.1,0.0,14400.0,0.1,1.0,0.35,0.0,0.0,0.0,1.0,0.25,8,8,4,,conv-41,ablation_0
vector_store,vector_store+HindsightTag,True,1,21600.0,3024000.0,0.7,0.1,0.25,14400.0,0.1,1.0,0.35,0.0,0.0,0.0,1.0,0.25,8,8,4,,conv-41,ablation_1
vector_store,vector_store+HindsightTag,True,1,21600.0,3024000.0,0.7,0.1,0.5,14400.0,0.1,1.0,0.35,0.0,0.0,0.0,1.0,0.25,8,8,4,,conv-41,ablation_2
vector_store,vector_store+HindsightTag,True,1,21600.0,3024000.0,0.7,0.1,0.75,14400.0,0.1,1.0,0.35,0.0,0.0,0.0,1.0,0.25,8,8,4,,conv-41,ablation_3
vector_store,vector_store+HindsightTag,True,1,21600.0,3024000.0,0.7,0.1,1.0,14400.0,0.1,1.0,0.35,0.0,0.0,0.0,1.0,0.125,8,8,4,,conv-41,ablation_4
vector_store,vector_store+HindsightTag,True,1,21600.0,756000.0,0.5,0.05,0.0,7200.0,0.1,1.0,0.35,0.0,0.0,0.0,1.0,0.25,8,8,4,,conv-41,ablation_5
vector_store,vector_store+HindsightTag,True,1,21600.0,756000.0,0.5,0.15,0.0,7200.0,0.1,1.0,0.35,0.0,0.0,0.0,1.0,0.25,8,8,4,,conv-41,ablation_6
vector_store,vector_store+HindsightTag,True,1,21600.0,756000.0,0.5,0.3,0.0,7200.0,0.1,1.0,0.35,0.0,0.0,0.0,1.0,0.0,8,8,4,,conv-41,ablation_7
vector_store,vector_store+HindsightTag,True,1,21600.0,756000.0,0.7,0.05,0.0,7200.0,0.1,1.0,0.35,0.0,0.0,0.0,1.0,0.25,8,8,4,,conv-41,ablation_8
vector_store,vector_store+HindsightTag,True,1,21600.0,756000.0,0.7,0.15,0.0,7200.0,0.1,1.0,0.35,0.0,0.0,0.0,1.0,0.25,8,8,4,,conv-41,ablation_9
vector_store,vector_store+HindsightTag,True,1,21600.0,756000.0,0.7,0.3,0.0,7200.0,0.1,1.0,0.35,0.0,0.0,0.0,1.0,0.0,8,8,4,,conv-41,ablation_10
vector_store,vector_store+HindsightTag,True,1,21600.0,756000.0,0.9,0.05,0.0,7200.0,0.1,1.0,0.35,0.0,0.0,0.0,1.0,0.25,8,8,4,,conv-41,ablation_11
vector_store,vector_store+HindsightTag,True,1,21600.0,756000.0,0.9,0.15,0.0,7200.0,0.1,1.0,0.35,0.0,0.0,0.0,1.0,0.25,8,8,4,,conv-41,ablation_12
vector_store,vector_store+HindsightTag,True,1,21600.0,756000.0,0.9,0.3,0.0,7200.0,0.1,1.0,0.35,0.0,0.0,0.0,1.0,0.0,8,8,4,,conv-41,ablation_13
vector_store,vector_store+HindsightTag,True,1,21600.0,756000.0,0.5,0.05,0.0,14400.0,0.1,1.0,0.35,0.0,0.0,0.0,1.0,0.25,8,8,4,,conv-41,ablation_14
vector_store,vector_store+HindsightTag,True,1,21600.0,756000.0,0.5,0.15,0.0,14400.0,0.1,1.0,0.35,0.0,0.0,0.0,1.0,0.25,8,8,4,,conv-41,ablation_15
vector_store,vector_store+HindsightTag,True,1,21600.0,756000.0,0.5,0.3,0.0,14400.0,0.1,1.0,0.35,0.0,0.0,0.0,1.0,0.0,8,8,4,,conv-41,ablation_16
vector_store,vector_store+HindsightTag,True,1,21600.0,756000.0,0.7,0.05,0.0,14400.0,0.1,1.0,0.35,0.0,0.0,0.0,1.0,0.25,8,8,4,,conv-41,ablation_17
vector_store,vector_store+HindsightTag,True,1,21600.0,756000.0,0.7,0.15,0.0,14400.0,0.1,1.0,0.35,0.0,0.0,0.0,1.0,0.25,8,8,4,,conv-41,ablation_18
vector_store,vector_store+HindsightTag,True,1,21600.0,756000.0,0.7,0.3,0.0,14400.0,0.1,1.0,0.35,0.0,0.0,0.0,1.0,0.0,8,8,4,,conv-41,ablation_19
vector_store,vector_store+HindsightTag,True,1,21600.0,756000.0,0.9,0.05,0.0,14400.0,0.1,1.0,0.35,0.0,0.0,0.0,1.0,0.25,8,8,4,,conv-41,ablation_20
vector_store,vector_store+HindsightTag,True,1,21600.0,756000.0,0.9,0.15,0.0,14400.0,0.1,1.0,0.35,0.0,0.0,0.0,1.0,0.25,8,8,4,,conv-41,ablation_21
vector_store,vector_store+HindsightTag,True,1,21600.0,756000.0,0.9,0.3,0.0,14400.0,0.1,1.0,0.35,0.0,0.0,0.0,1.0,0.0,8,8,4,,conv-41,ablation_22
vector_store,vector_store+HindsightTag,True,1,21600.0,756000.0,0.5,0.05,0.0,28800.0,0.1,1.0,0.35,0.0,0.0,0.0,1.0,0.25,8,8,4,,conv-41,ablation_23
vector_store,vector_store+HindsightTag,True,1,21600.0,756000.0,0.5,0.15,0.0,28800.0,0.1,1.0,0.35,0.0,0.0,0.0,1.0,0.25,8,8,4,,conv-41,ablation_24
vector_store,vector_store+HindsightTag,True,1,21600.0,756000.0,0.5,0.3,0.0,28800.0,0.1,1.0,0.35,0.0,0.0,0.0,1.0,0.0,8,8,4,,conv-41,ablation_25
vector_store,vector_store+HindsightTag,True,1,21600.0,756000.0,0.7,0.05,0.0,28800.0,0.1,1.0,0.35,0.0,0.0,0.0,1.0,0.25,8,8,4,,conv-41,ablation_26
vector_store,vector_store+HindsightTag,True,1,21600.0,756000.0,0.7,0.15,0.0,28800.0,0.1,1.0,0.35,0.0,0.0,0.0,1.0,0.25,8,8,4,,conv-41,ablation_27
vector_store,vector_store+HindsightTag,True,1,21600.0,756000.0,0.7,0.3,0.0,28800.0,0.1,1.0,0.35,0.0,0.0,0.0,1.0,0.0,8,8,4,,conv-41,ablation_28
vector_store,vector_store+HindsightTag,True,1,21600.0,756000.0,0.9,0.05,0.0,28800.0,0.1,1.0,0.35,0.0,0.0,0.0,1.0,0.25,8,8,4,,conv-41,ablation_29
vector_store,vector_store+HindsightTag,True,1,21600.0,756000.0,0.9,0.15,0.0,28800.0,0.1,1.0,0.35,0.0,0.0,0.0,1.0,0.25,8,8,4,,conv-41,ablation_30
vector_store,vector_store+HindsightTag,True,1,21600.0,756000.0,0.9,0.3,0.0,28800.0,0.1,1.0,0.35,0.0,0.0,0.0,1.0,0.0,8,8,4,,conv-41,ablation_31
vector_store,vector_store+HindsightTag,True,1,21600.0,3024000.0,0.5,0.05,0.0,7200.0,0.1,1.0,0.35,0.0,0.0,0.0,1.0,0.25,8,8,4,,conv-41,ablation_32
vector_store,vector_store+HindsightTag,True,1,21600.0,3024000.0,0.5,0.15,0.0,7200.0,0.1,1.0,0.35,0.0,0.0,0.0,1.0,0.25,8,8,4,,conv-41,ablation_33
vector_store,vector_store+HindsightTag,True,1,21600.0,3024000.0,0.5,0.3,0.0,7200.0,0.1,1.0,0.35,0.0,0.0,0.0,1.0,0.0,8,8,4,,conv-41,ablation_34
vector_store,vector_store+HindsightTag,True,1,21600.0,3024000.0,0.7,0.05,0.0,7200.0,0.1,1.0,0.35,0.0,0.0,0.0,1.0,0.25,8,8,4,,conv-41,ablation_35
vector_store,vector_store+HindsightTag,True,1,21600.0,3024000.0,0.7,0.15,0.0,7200.0,0.1,1.0,0.35,0.0,0.0,0.0,1.0,0.25,8,8,4,,conv-41,ablation_36
vector_store,vector_store+HindsightTag,True,1,21600.0,3024000.0,0.7,0.3,0.0,7200.0,0.1,1.0,0.35,0.0,0.0,0.0,1.0,0.0,8,8,4,,conv-41,ablation_37
vector_store,vector_store+HindsightTag,True,1,21600.0,3024000.0,0.9,0.05,0.0,7200.0,0.1,1.0,0.35,0.0,0.0,0.0,1.0,0.25,8,8,4,,conv-41,ablation_38
vector_store,vector_store+HindsightTag,True,1,21600.0,3024000.0,0.9,0.15,0.0,7200.0,0.1,1.0,0.35,0.0,0.0,0.0,1.0,0.25,8,8,4,,conv-41,ablation_39
vector_store,vector_store+HindsightTag,True,1,21600.0,3024000.0,0.9,0.3,0.0,7200.0,0.1,1.0,0.35,0.0,0.0,0.0,1.0,0.0,8,8,4,,conv-41,ablation_40
vector_store,vector_store+HindsightTag,True,1,21600.0,3024000.0,0.5,0.05,0.0,14400.0,0.1,1.0,0.35,0.0,0.0,0.0,1.0,0.25,8,8,4,,conv-41,ablation_41
vector_store,vector_store+HindsightTag,True,1,21600.0,3024000.0,0.5,0.15,0.0,14400.0,0.1,1.0,0.35,0.0,0.0,0.0,1.0,0.25,8,8,4,,conv-41,ablation_42
vector_store,vector_store+HindsightTag,True,1,21600.0,3024000.0,0.5,0.3,0.0,14400.0,0.1,1.0,0.35,0.0,0.0,0.0,1.0,0.0,8,8,4,,conv-41,ablation_43
vector_store,vector_store+HindsightTag,True,1,21600.0,3024000.0,0.7,0.05,0.0,14400.0,0.1,1.0,0.35,0.0,0.0,0.0,1.0,0.25,8,8,4,,conv-41,ablation_44
vector_store,vector_store+HindsightTag,True,1,21600.0,3024000.0,0.7,0.15,0.0,14400.0,0.1,1.0,0.35,0.0,0.0,0.0,1.0,0.25,8,8,4,,conv-41,ablation_45
vector_store,vector_store+HindsightTag,True,1,21600.0,3024000.0,0.7,0.3,0.0,14400.0,0.1,1.0,0.35,0.0,0.0,0.0,1.0,0.0,8,8,4,,conv-41,ablation_46
vector_store,vector_store+HindsightTag,True,1,21600.0,3024000.0,0.9,0.05,0.0,14400.0,0.1,1.0,0.35,0.0,0.0,0.0,1.0,0.25,8,8,4,,conv-41,ablation_47
vector_store,vector_store+HindsightTag,True,1,21600.0,3024000.0,0.9,0.15,0.0,14400.0,0.1,1.0,0.35,0.0,0.0,0.0,1.0,0.25,8,8,4,,conv-41,ablation_48
vector_store,vector_store+HindsightTag,True,1,21600.0,3024000.0,0.9,0.3,0.0,14400.0,0.1,1.0,0.35,0.0,0.0,0.0,1.0,0.0,8,8,4,,conv-41,ablation_49
vector_store,vector_store+HindsightTag,True,1,21600.0,3024000.0,0.5,0.05,0.0,28800.0,0.1,1.0,0.35,0.0,0.0,0.0,1.0,0.25,8,8,4,,conv-41,ablation_50
vector_store,vector_store+HindsightTag,True,1,21600.0,3024000.0,0.5,0.15,0.0,28800.0,0.1,1.0,0.35,0.0,0.0,0.0,1.0,0.25,8,8,4,,conv-41,ablation_51
vector_store,vector_store+HindsightTag,True,1,21600.0,3024000.0,0.5,0.3,0.0,28800.0,0.1,1.0,0.35,0.0,0.0,0.0,1.0,0.0,8,8,4,,conv-41,ablation_52
vector_store,vector_store+HindsightTag,True,1,21600.0,3024000.0,0.7,0.05,0.0,28800.0,0.1,1.0,0.35,0.0,0.0,0.0,1.0,0.25,8,8,4,,conv-41,ablation_53
vector_store,vector_store+HindsightTag,True,1,21600.0,3024000.0,0.7,0.15,0.0,28800.0,0.1,1.0,0.35,0.0,0.0,0.0,1.0,0.25,8,8,4,,conv-41,ablation_54
vector_store,vector_store+HindsightTag,True,1,21600.0,3024000.0,0.7,0.3,0.0,28800.0,0.1,1.0,0.35,0.0,0.0,0.0,1.0,0.0,8,8,4,,conv-41,ablation_55
vector_store,vector_store+HindsightTag,True,1,21600.0,3024000.0,0.9,0.05,0.0,28800.0,0.1,1.0,0.35,0.0,0.0,0.0,1.0,0.25,8,8,4,,conv-41,ablation_56
vector_store,vector_store+HindsightTag,True,1,21600.0,3024000.0,0.9,0.15,0.0,28800.0,0.1,1.0,0.35,0.0,0.0,0.0,1.0,0.25,8,8,4,,conv-41,ablation_57
vector_store,vector_store+HindsightTag,True,1,21600.0,3024000.0,0.9,0.3,0.0,28800.0,0.1,1.0,0.35,0.0,0.0,0.0,1.0,0.0,8,8,4,,conv-41,ablation_58
vector_store,vector_store+HindsightTag,True,1,21600.0,6048000.0,0.5,0.05,0.0,7200.0,0.1,1.0,0.35,0.0,0.0,0.0,1.0,0.25,8,8,4,,conv-41,ablation_59
vector_store,vector_store+HindsightTag,True,1,21600.0,6048000.0,0.5,0.15,0.0,7200.0,0.1,1.0,0.35,0.0,0.0,0.0,1.0,0.25,8,8,4,,conv-41,ablation_60
vector_store,vector_store+HindsightTag,True,1,21600.0,6048000.0,0.5,0.3,0.0,7200.0,0.1,1.0,0.35,0.0,0.0,0.0,1.0,0.0,8,8,4,,conv-41,ablation_61
vector_store,vector_store+HindsightTag,True,1,21600.0,6048000.0,0.7,0.05,0.0,7200.0,0.1,1.0,0.35,0.0,0.0,0.0,1.0,0.25,8,8,4,,conv-41,ablation_62
vector_store,vector_store+HindsightTag,True,1,21600.0,6048000.0,0.7,0.15,0.0,7200.0,0.1,1.0,0.35,0.0,0.0,0.0,1.0,0.25,8,8,4,,conv-41,ablation_63
vector_store,vector_store+HindsightTag,True,1,21600.0,6048000.0,0.7,0.3,0.0,7200.0,0.1,1.0,0.35,0.0,0.0,0.0,1.0,0.0,8,8,4,,conv-41,ablation_64
vector_store,vector_store+HindsightTag,True,1,21600.0,6048000.0,0.9,0.05,0.0,7200.0,0.1,1.0,0.35,0.0,0.0,0.0,1.0,0.25,8,8,4,,conv-41,ablation_65
vector_store,vector_store+HindsightTag,True,1,21600.0,6048000.0,0.9,0.15,0.0,7200.0,0.1,1.0,0.35,0.0,0.0,0.0,1.0,0.25,8,8,4,,conv-41,ablation_66
vector_store,vector_store+HindsightTag,True,1,21600.0,6048000.0,0.9,0.3,0.0,7200.0,0.1,1.0,0.35,0.0,0.0,0.0,1.0,0.0,8,8,4,,conv-41,ablation_67
vector_store,vector_store+HindsightTag,True,1,21600.0,6048000.0,0.5,0.05,0.0,14400.0,0.1,1.0,0.35,0.0,0.0,0.0,1.0,0.25,8,8,4,,conv-41,ablation_68
vector_store,vector_store+HindsightTag,True,1,21600.0,6048000.0,0.5,0.15,0.0,14400.0,0.1,1.0,0.35,0.0,0.0,0.0,1.0,0.25,8,8,4,,conv-41,ablation_69
vector_store,vector_store+HindsightTag,True,1,21600.0,6048000.0,0.5,0.3,0.0,14400.0,0.1,1.0,0.35,0.0,0.0,0.0,1.0,0.0,8,8,4,,conv-41,ablation_70
vector_store,vector_store+HindsightTag,True,1,21600.0,6048000.0,0.7,0.05,0.0,14400.0,0.1,1.0,0.35,0.0,0.0,0.0,1.0,0.25,8,8,4,,conv-41,ablation_71
vector_store,vector_store+HindsightTag,True,1,21600.0,6048000.0,0.7,0.15,0.0,14400.0,0.1,1.0,0.35,0.0,0.0,0.0,1.0,0.25,8,8,4,,conv-41,ablation_72
vector_store,vector_store+HindsightTag,True,1,21600.0,6048000.0,0.7,0.3,0.0,14400.0,0.1,1.0,0.35,0.0,0.0,0.0,1.0,0.0,8,8,4,,conv-41,ablation_73
vector_store,vector_store+HindsightTag,True,1,21600.0,6048000.0,0.9,0.05,0.0,14400.0,0.1,1.0,0.35,0.0,0.0,0.0,1.0,0.25,8,8,4,,conv-41,ablation_74
vector_store,vector_store+HindsightTag,True,1,21600.0,6048000.0,0.9,0.15,0.0,14400.0,0.1,1.0,0.35,0.0,0.0,0.0,1.0,0.25,8,8,4,,conv-41,ablation_75
vector_store,vector_store+HindsightTag,True,1,21600.0,6048000.0,0.9,0.3,0.0,14400.0,0.1,1.0,0.35,0.0,0.0,0.0,1.0,0.0,8,8,4,,conv-41,ablation_76
vector_store,vector_store+HindsightTag,True,1,21600.0,6048000.0,0.5,0.05,0.0,28800.0,0.1,1.0,0.35,0.0,0.0,0.0,1.0,0.25,8,8,4,,conv-41,ablation_77
vector_store,vector_store+HindsightTag,True,1,21600.0,6048000.0,0.5,0.15,0.0,28800.0,0.1,1.0,0.35,0.0,0.0,0.0,1.0,0.25,8,8,4,,conv-41,ablation_78
vector_store,vector_store+HindsightTag,True,1,21600.0,6048000.0,0.5,0.3,0.0,28800.0,0.1,1.0,0.35,0.0,0.0,0.0,1.0,0.0,8,8,4,,conv-41,ablation_79
vector_store,vector_store+HindsightTag,True,1,21600.0,6048000.0,0.7,0.05,0.0,28800.0,0.1,1.0,0.35,0.0,0.0,0.0,1.0,0.25,8,8,4,,conv-41,ablation_80
vector_store,vector_store+HindsightTag,True,1,21600.0,6048000.0,0.7,0.15,0.0,28800.0,0.1,1.0,0.35,0.0,0.0,0.0,1.0,0.25,8,8,4,,conv-41,ablation_81
vector_store,vector_store+HindsightTag,True,1,21600.0,6048000.0,0.7,0.3,0.0,28800.0,0.1,1.0,0.35,0.0,0.0,0.0,1.0,0.0,8,8,4,,conv-41,ablation_82
vector_store,vector_store+HindsightTag,True,1,21600.0,6048000.0,0.9,0.05,0.0,28800.0,0.1,1.0,0.35,0.0,0.0,0.0,1.0,0.25,8,8,4,,conv-41,ablation_83
vector_store,vector_store+HindsightTag,True,1,21600.0,6048000.0,0.9,0.15,0.0,28800.0,0.1,1.0,0.35,0.0,0.0,0.0,1.0,0.25,8,8,4,,conv-41,ablation_84
vector_store,vector_store+HindsightTag,True,1,21600.0,6048000.0,0.9,0.3,0.0,28800.0,0.1,1.0,0.35,0.0,0.0,0.0,1.0,0.0,8,8,4,,conv-41,ablation_85
mem0,mem0,False,2,21600.0,3024000.0,0.7,0.1,0.0,14400.0,0.1,1.0,0.35,0.0,0.0,0.0,,0.0,8,8,0,True,conv-41,baseline
mem0,mem0+HindsightTag,True,2,21600.0,3024000.0,0.7,0.1,0.0,14400.0,0.1,1.0,0.35,0.0,0.0,0.0,1.0,0.0,8,8,4,True,conv-41,ablation_0
mem0,mem0+HindsightTag,True,2,21600.0,3024000.0,0.7,0.1,0.25,14400.0,0.1,1.0,0.35,0.0,0.0,0.0,1.0,0.0,8,8,4,True,conv-41,ablation_1
mem0,mem0+HindsightTag,True,2,21600.0,3024000.0,0.7,0.1,0.5,14400.0,0.1,1.0,0.35,0.0,0.0,0.0,1.0,0.0,8,8,4,True,conv-41,ablation_2
mem0,mem0+HindsightTag,True,2,21600.0,3024000.0,0.7,0.1,0.75,14400.0,0.1,1.0,0.35,0.0,0.0,0.0,1.0,0.0,8,8,4,True,conv-41,ablation_3
mem0,mem0+HindsightTag,True,2,21600.0,3024000.0,0.7,0.1,1.0,14400.0,0.1,1.0,0.35,0.0,0.0,0.0,1.0,0.0,8,8,4,True,conv-41,ablation_4
mem0,mem0+HindsightTag,True,2,21600.0,756000.0,0.5,0.05,0.0,7200.0,0.1,1.0,0.35,0.0,0.0,0.0,1.0,0.0,8,8,4,True,conv-41,ablation_5
mem0,mem0+HindsightTag,True,2,21600.0,756000.0,0.5,0.15,0.0,7200.0,0.1,1.0,0.35,0.0,0.0,0.0,1.0,0.0,8,8,4,True,conv-41,ablation_6
mem0,mem0+HindsightTag,True,2,21600.0,756000.0,0.5,0.3,0.0,7200.0,0.1,1.0,0.35,0.0,0.0,0.0,1.0,0.0,8,8,4,True,conv-41,ablation_7
mem0,mem0+HindsightTag,True,2,21600.0,756000.0,0.7,0.05,0.0,7200.0,0.1,1.0,0.35,0.0,0.0,0.0,1.0,0.0,8,8,4,True,conv-41,ablation_8
mem0,mem0+HindsightTag,True,2,21600.0,756000.0,0.7,0.15,0.0,7200.0,0.1,1.0,0.35,0.0,0.0,0.0,1.0,0.0,8,8,4,True,conv-41,ablation_9
mem0,mem0+HindsightTag,True,2,21600.0,756000.0,0.7,0.3,0.0,7200.0,0.1,1.0,0.35,0.0,0.0,0.0,1.0,0.0,8,8,4,True,conv-41,ablation_10
mem0,mem0+HindsightTag,True,2,21600.0,756000.0,0.9,0.05,0.0,7200.0,0.1,1.0,0.35,0.0,0.0,0.0,1.0,0.0,8,8,4,True,conv-41,ablation_11
mem0,mem0+HindsightTag,True,2,21600.0,756000.0,0.9,0.15,0.0,7200.0,0.1,1.0,0.35,0.0,0.0,0.0,1.0,0.0,8,8,4,True,conv-41,ablation_12
mem0,mem0+HindsightTag,True,2,21600.0,756000.0,0.9,0.3,0.0,7200.0,0.1,1.0,0.35,0.0,0.0,0.0,1.0,0.0,8,8,4,True,conv-41,ablation_13
mem0,mem0+HindsightTag,True,2,21600.0,756000.0,0.5,0.05,0.0,14400.0,0.1,1.0,0.35,0.0,0.0,0.0,1.0,0.0,8,8,4,True,conv-41,ablation_14
mem0,mem0+HindsightTag,True,2,21600.0,756000.0,0.5,0.15,0.0,14400.0,0.1,1.0,0.35,0.0,0.0,0.0,1.0,0.0,8,8,4,True,conv-41,ablation_15
mem0,mem0+HindsightTag,True,2,21600.0,756000.0,0.5,0.3,0.0,14400.0,0.1,1.0,0.35,0.0,0.0,0.0,1.0,0.0,8,8,4,True,conv-41,ablation_16
mem0,mem0+HindsightTag,True,2,21600.0,756000.0,0.7,0.05,0.0,14400.0,0.1,1.0,0.35,0.0,0.0,0.0,1.0,0.0,8,8,4,True,conv-41,ablation_17
mem0,mem0+HindsightTag,True,2,21600.0,756000.0,0.7,0.15,0.0,14400.0,0.1,1.0,0.35,0.0,0.0,0.0,1.0,0.0,8,8,4,True,conv-41,ablation_18
mem0,mem0+HindsightTag,True,2,21600.0,756000.0,0.7,0.3,0.0,14400.0,0.1,1.0,0.35,0.0,0.0,0.0,1.0,0.0,8,8,4,True,conv-41,ablation_19
mem0,mem0+HindsightTag,True,2,21600.0,756000.0,0.9,0.05,0.0,14400.0,0.1,1.0,0.35,0.0,0.0,0.0,1.0,0.0,8,8,4,True,conv-41,ablation_20
mem0,mem0+HindsightTag,True,2,21600.0,756000.0,0.9,0.15,0.0,14400.0,0.1,1.0,0.35,0.0,0.0,0.0,1.0,0.0,8,8,4,True,conv-41,ablation_21
mem0,mem0+HindsightTag,True,2,21600.0,756000.0,0.9,0.3,0.0,14400.0,0.1,1.0,0.35,0.0,0.0,0.0,1.0,0.0,8,8,4,True,conv-41,ablation_22
mem0,mem0+HindsightTag,True,2,21600.0,756000.0,0.5,0.05,0.0,28800.0,0.1,1.0,0.35,0.0,0.0,0.0,1.0,0.0,8,8,4,True,conv-41,ablation_23
mem0,mem0+HindsightTag,True,2,21600.0,756000.0,0.5,0.15,0.0,28800.0,0.1,1.0,0.35,0.0,0.0,0.0,1.0,0.0,8,8,4,True,conv-41,ablation_24
mem0,mem0+HindsightTag,True,2,21600.0,756000.0,0.5,0.3,0.0,28800.0,0.1,1.0,0.35,0.0,0.0,0.0,1.0,0.0,8,8,4,True,conv-41,ablation_25
mem0,mem0+HindsightTag,True,2,21600.0,756000.0,0.7,0.05,0.0,28800.0,0.1,1.0,0.35,0.0,0.0,0.0,1.0,0.0,8,8,4,True,conv-41,ablation_26
mem0,mem0+HindsightTag,True,2,21600.0,756000.0,0.7,0.15,0.0,28800.0,0.1,1.0,0.35,0.0,0.0,0.0,1.0,0.0,8,8,4,True,conv-41,ablation_27
mem0,mem0+HindsightTag,True,2,21600.0,756000.0,0.7,0.3,0.0,28800.0,0.1,1.0,0.35,0.0,0.0,0.0,1.0,0.0,8,8,4,True,conv-41,ablation_28
mem0,mem0+HindsightTag,True,2,21600.0,756000.0,0.9,0.05,0.0,28800.0,0.1,1.0,0.35,0.0,0.0,0.0,1.0,0.0,8,8,4,True,conv-41,ablation_29
mem0,mem0+HindsightTag,True,2,21600.0,756000.0,0.9,0.15,0.0,28800.0,0.1,1.0,0.35,0.0,0.0,0.0,1.0,0.0,8,8,4,True,conv-41,ablation_30
mem0,mem0+HindsightTag,True,2,21600.0,756000.0,0.9,0.3,0.0,28800.0,0.1,1.0,0.35,0.0,0.0,0.0,1.0,0.0,8,8,4,True,conv-41,ablation_31
mem0,mem0+HindsightTag,True,2,21600.0,3024000.0,0.5,0.05,0.0,7200.0,0.1,1.0,0.35,0.0,0.0,0.0,1.0,0.0,8,8,4,True,conv-41,ablation_32
mem0,mem0+HindsightTag,True,2,21600.0,3024000.0,0.5,0.15,0.0,7200.0,0.1,1.0,0.35,0.0,0.0,0.0,1.0,0.0,8,8,4,True,conv-41,ablation_33
mem0,mem0+HindsightTag,True,2,21600.0,3024000.0,0.5,0.3,0.0,7200.0,0.1,1.0,0.35,0.0,0.0,0.0,1.0,0.0,8,8,4,True,conv-41,ablation_34
mem0,mem0+HindsightTag,True,2,21600.0,3024000.0,0.7,0.05,0.0,7200.0,0.1,1.0,0.35,0.0,0.0,0.0,1.0,0.0,8,8,4,True,conv-41,ablation_35
mem0,mem0+HindsightTag,True,2,21600.0,3024000.0,0.7,0.15,0.0,7200.0,0.1,1.0,0.35,0.0,0.0,0.0,1.0,0.0,8,8,4,True,conv-41,ablation_36
mem0,mem0+HindsightTag,True,2,21600.0,3024000.0,0.7,0.3,0.0,7200.0,0.1,1.0,0.35,0.0,0.0,0.0,1.0,0.0,8,8,4,True,conv-41,ablation_37
mem0,mem0+HindsightTag,True,2,21600.0,3024000.0,0.9,0.05,0.0,7200.0,0.1,1.0,0.35,0.0,0.0,0.0,1.0,0.0,8,8,4,True,conv-41,ablation_38
mem0,mem0+HindsightTag,True,2,21600.0,3024000.0,0.9,0.15,0.0,7200.0,0.1,1.0,0.35,0.0,0.0,0.0,1.0,0.0,8,8,4,True,conv-41,ablation_39
mem0,mem0+HindsightTag,True,2,21600.0,3024000.0,0.9,0.3,0.0,7200.0,0.1,1.0,0.35,0.0,0.0,0.0,1.0,0.0,8,8,4,True,conv-41,ablation_40
mem0,mem0+HindsightTag,True,2,21600.0,3024000.0,0.5,0.05,0.0,14400.0,0.1,1.0,0.35,0.0,0.0,0.0,1.0,0.0,8,8,4,True,conv-41,ablation_41
mem0,mem0+HindsightTag,True,2,21600.0,3024000.0,0.5,0.15,0.0,14400.0,0.1,1.0,0.35,0.0,0.0,0.0,1.0,0.0,8,8,4,True,conv-41,ablation_42
mem0,mem0+HindsightTag,True,2,21600.0,3024000.0,0.5,0.3,0.0,14400.0,0.1,1.0,0.35,0.0,0.0,0.0,1.0,0.0,8,8,4,True,conv-41,ablation_43
mem0,mem0+HindsightTag,True,2,21600.0,3024000.0,0.7,0.05,0.0,14400.0,0.1,1.0,0.35,0.0,0.0,0.0,1.0,0.0,8,8,4,True,conv-41,ablation_44
mem0,mem0+HindsightTag,True,2,21600.0,3024000.0,0.7,0.15,0.0,14400.0,0.1,1.0,0.35,0.0,0.0,0.0,1.0,0.0,8,8,4,True,conv-41,ablation_45
mem0,mem0+HindsightTag,True,2,21600.0,3024000.0,0.7,0.3,0.0,14400.0,0.1,1.0,0.35,0.0,0.0,0.0,1.0,0.0,8,8,4,True,conv-41,ablation_46
mem0,mem0+HindsightTag,True,2,21600.0,3024000.0,0.9,0.05,0.0,14400.0,0.1,1.0,0.35,0.0,0.0,0.0,1.0,0.0,8,8,4,True,conv-41,ablation_47
mem0,mem0+HindsightTag,True,2,21600.0,3024000.0,0.9,0.15,0.0,14400.0,0.1,1.0,0.35,0.0,0.0,0.0,1.0,0.0,8,8,4,True,conv-41,ablation_48
mem0,mem0+HindsightTag,True,2,21600.0,3024000.0,0.9,0.3,0.0,14400.0,0.1,1.0,0.35,0.0,0.0,0.0,1.0,0.0,8,8,4,True,conv-41,ablation_49
mem0,mem0+HindsightTag,True,2,21600.0,3024000.0,0.5,0.05,0.0,28800.0,0.1,1.0,0.35,0.0,0.0,0.0,1.0,0.0,8,8,4,True,conv-41,ablation_50
mem0,mem0+HindsightTag,True,2,21600.0,3024000.0,0.5,0.15,0.0,28800.0,0.1,1.0,0.35,0.0,0.0,0.0,1.0,0.0,8,8,4,True,conv-41,ablation_51
mem0,mem0+HindsightTag,True,2,21600.0,3024000.0,0.5,0.3,0.0,28800.0,0.1,1.0,0.35,0.0,0.0,0.0,1.0,0.0,8,8,4,True,conv-41,ablation_52
mem0,mem0+HindsightTag,True,2,21600.0,3024000.0,0.7,0.05,0.0,28800.0,0.1,1.0,0.35,0.0,0.0,0.0,1.0,0.0,8,8,4,True,conv-41,ablation_53
mem0,mem0+HindsightTag,True,2,21600.0,3024000.0,0.7,0.15,0.0,28800.0,0.1,1.0,0.35,0.0,0.0,0.0,1.0,0.0,8,8,4,True,conv-41,ablation_54
mem0,mem0+HindsightTag,True,2,21600.0,3024000.0,0.7,0.3,0.0,28800.0,0.1,1.0,0.35,0.0,0.0,0.0,1.0,0.0,8,8,4,True,conv-41,ablation_55
mem0,mem0+HindsightTag,True,2,21600.0,3024000.0,0.9,0.05,0.0,28800.0,0.1,1.0,0.35,0.0,0.0,0.0,1.0,0.0,8,8,4,True,conv-41,ablation_56
mem0,mem0+HindsightTag,True,2,21600.0,3024000.0,0.9,0.15,0.0,28800.0,0.1,1.0,0.35,0.0,0.0,0.0,1.0,0.0,8,8,4,True,conv-41,ablation_57
mem0,mem0+HindsightTag,True,2,21600.0,3024000.0,0.9,0.3,0.0,28800.0,0.1,1.0,0.35,0.0,0.0,0.0,1.0,0.0,8,8,4,True,conv-41,ablation_58
mem0,mem0+HindsightTag,True,2,21600.0,6048000.0,0.5,0.05,0.0,7200.0,0.1,1.0,0.35,0.0,0.0,0.0,1.0,0.0,8,8,4,True,conv-41,ablation_59
mem0,mem0+HindsightTag,True,2,21600.0,6048000.0,0.5,0.15,0.0,7200.0,0.1,1.0,0.35,0.0,0.0,0.0,1.0,0.0,8,8,4,True,conv-41,ablation_60
mem0,mem0+HindsightTag,True,2,21600.0,6048000.0,0.5,0.3,0.0,7200.0,0.1,1.0,0.35,0.0,0.0,0.0,1.0,0.0,8,8,4,True,conv-41,ablation_61
mem0,mem0+HindsightTag,True,2,21600.0,6048000.0,0.7,0.05,0.0,7200.0,0.1,1.0,0.35,0.0,0.0,0.0,1.0,0.0,8,8,4,True,conv-41,ablation_62
mem0,mem0+HindsightTag,True,2,21600.0,6048000.0,0.7,0.15,0.0,7200.0,0.1,1.0,0.35,0.0,0.0,0.0,1.0,0.0,8,8,4,True,conv-41,ablation_63
mem0,mem0+HindsightTag,True,2,21600.0,6048000.0,0.7,0.3,0.0,7200.0,0.1,1.0,0.35,0.0,0.0,0.0,1.0,0.0,8,8,4,True,conv-41,ablation_64
mem0,mem0+HindsightTag,True,2,21600.0,6048000.0,0.9,0.05,0.0,7200.0,0.1,1.0,0.35,0.0,0.0,0.0,1.0,0.0,8,8,4,True,conv-41,ablation_65
mem0,mem0+HindsightTag,True,2,21600.0,6048000.0,0.9,0.15,0.0,7200.0,0.1,1.0,0.35,0.0,0.0,0.0,1.0,0.0,8,8,4,True,conv-41,ablation_66
mem0,mem0+HindsightTag,True,2,21600.0,6048000.0,0.9,0.3,0.0,7200.0,0.1,1.0,0.35,0.0,0.0,0.0,1.0,0.0,8,8,4,True,conv-41,ablation_67
mem0,mem0+HindsightTag,True,2,21600.0,6048000.0,0.5,0.05,0.0,14400.0,0.1,1.0,0.35,0.0,0.0,0.0,1.0,0.0,8,8,4,True,conv-41,ablation_68
mem0,mem0+HindsightTag,True,2,21600.0,6048000.0,0.5,0.15,0.0,14400.0,0.1,1.0,0.35,0.0,0.0,0.0,1.0,0.0,8,8,4,True,conv-41,ablation_69
mem0,mem0+HindsightTag,True,2,21600.0,6048000.0,0.5,0.3,0.0,14400.0,0.1,1.0,0.35,0.0,0.0,0.0,1.0,0.0,8,8,4,True,conv-41,ablation_70
mem0,mem0+HindsightTag,True,2,21600.0,6048000.0,0.7,0.05,0.0,14400.0,0.1,1.0,0.35,0.0,0.0,0.0,1.0,0.0,8,8,4,True,conv-41,ablation_71
mem0,mem0+HindsightTag,True,2,21600.0,6048000.0,0.7,0.15,0.0,14400.0,0.1,1.0,0.35,0.0,0.0,0.0,1.0,0.0,8,8,4,True,conv-41,ablation_72
mem0,mem0+HindsightTag,True,2,21600.0,6048000.0,0.7,0.3,0.0,14400.0,0.1,1.0,0.35,0.0,0.0,0.0,1.0,0.0,8,8,4,True,conv-41,ablation_73
mem0,mem0+HindsightTag,True,2,21600.0,6048000.0,0.9,0.05,0.0,14400.0,0.1,1.0,0.35,0.0,0.0,0.0,1.0,0.0,8,8,4,True,conv-41,ablation_74
mem0,mem0+HindsightTag,True,2,21600.0,6048000.0,0.9,0.15,0.0,14400.0,0.1,1.0,0.35,0.0,0.0,0.0,1.0,0.0,8,8,4,True,conv-41,ablation_75
mem0,mem0+HindsightTag,True,2,21600.0,6048000.0,0.9,0.3,0.0,14400.0,0.1,1.0,0.35,0.0,0.0,0.0,1.0,0.0,8,8,4,True,conv-41,ablation_76
mem0,mem0+HindsightTag,True,2,21600.0,6048000.0,0.5,0.05,0.0,28800.0,0.1,1.0,0.35,0.0,0.0,0.0,1.0,0.0,8,8,4,True,conv-41,ablation_77
mem0,mem0+HindsightTag,True,2,21600.0,6048000.0,0.5,0.15,0.0,28800.0,0.1,1.0,0.35,0.0,0.0,0.0,1.0,0.0,8,8,4,True,conv-41,ablation_78
mem0,mem0+HindsightTag,True,2,21600.0,6048000.0,0.5,0.3,0.0,28800.0,0.1,1.0,0.35,0.0,0.0,0.0,1.0,0.0,8,8,4,True,conv-41,ablation_79
mem0,mem0+HindsightTag,True,2,21600.0,6048000.0,0.7,0.05,0.0,28800.0,0.1,1.0,0.35,0.0,0.0,0.0,1.0,0.0,8,8,4,True,conv-41,ablation_80
mem0,mem0+HindsightTag,True,2,21600.0,6048000.0,0.7,0.15,0.0,28800.0,0.1,1.0,0.35,0.0,0.0,0.0,1.0,0.0,8,8,4,True,conv-41,ablation_81
mem0,mem0+HindsightTag,True,2,21600.0,6048000.0,0.7,0.3,0.0,28800.0,0.1,1.0,0.35,0.0,0.0,0.0,1.0,0.0,8,8,4,True,conv-41,ablation_82
mem0,mem0+HindsightTag,True,2,21600.0,6048000.0,0.9,0.05,0.0,28800.0,0.1,1.0,0.35,0.0,0.0,0.0,1.0,0.0,8,8,4,True,conv-41,ablation_83
mem0,mem0+HindsightTag,True,2,21600.0,6048000.0,0.9,0.15,0.0,28800.0,0.1,1.0,0.35,0.0,0.0,0.0,1.0,0.0,8,8,4,True,conv-41,ablation_84
mem0,mem0+HindsightTag,True,2,21600.0,6048000.0,0.9,0.3,0.0,28800.0,0.1,1.0,0.35,0.0,0.0,0.0,1.0,0.0,8,8,4,True,conv-41,ablation_85
vector_store,vector_store,False,2,21600.0,3024000.0,0.7,0.1,0.0,14400.0,0.1,1.0,0.35,0.0,0.0,0.0,,0.0,8,8,0,,conv-41,baseline
vector_store,vector_store+HindsightTag,True,2,21600.0,3024000.0,0.7,0.1,0.0,14400.0,0.1,1.0,0.35,0.25,0.0,0.25,1.0,0.25,8,8,4,,conv-41,ablation_0
vector_store,vector_store+HindsightTag,True,2,21600.0,3024000.0,0.7,0.1,0.25,14400.0,0.1,1.0,0.35,0.125,0.0,0.125,1.0,0.25,8,8,4,,conv-41,ablation_1
vector_store,vector_store+HindsightTag,True,2,21600.0,3024000.0,0.7,0.1,0.5,14400.0,0.1,1.0,0.35,0.125,0.0,0.125,1.0,0.25,8,8,4,,conv-41,ablation_2
vector_store,vector_store+HindsightTag,True,2,21600.0,3024000.0,0.7,0.1,0.75,14400.0,0.1,1.0,0.35,0.125,0.0,0.125,1.0,0.25,8,8,4,,conv-41,ablation_3
vector_store,vector_store+HindsightTag,True,2,21600.0,3024000.0,0.7,0.1,1.0,14400.0,0.1,1.0,0.35,0.125,0.0,0.125,1.0,0.0,8,8,4,,conv-41,ablation_4
vector_store,vector_store+HindsightTag,True,2,21600.0,756000.0,0.5,0.05,0.0,7200.0,0.1,1.0,0.35,0.25,0.0,0.25,1.0,0.25,8,8,4,,conv-41,ablation_5
vector_store,vector_store+HindsightTag,True,2,21600.0,756000.0,0.5,0.15,0.0,7200.0,0.1,1.0,0.35,0.125,0.0,0.125,1.0,0.25,8,8,4,,conv-41,ablation_6
vector_store,vector_store+HindsightTag,True,2,21600.0,756000.0,0.5,0.3,0.0,7200.0,0.1,1.0,0.35,0.0,0.0,0.0,1.0,0.0,8,8,4,,conv-41,ablation_7
vector_store,vector_store+HindsightTag,True,2,21600.0,756000.0,0.7,0.05,0.0,7200.0,0.1,1.0,0.35,0.25,0.0,0.25,1.0,0.25,8,8,4,,conv-41,ablation_8
vector_store,vector_store+HindsightTag,True,2,21600.0,756000.0,0.7,0.15,0.0,7200.0,0.1,1.0,0.35,0.125,0.0,0.125,1.0,0.25,8,8,4,,conv-41,ablation_9
vector_store,vector_store+HindsightTag,True,2,21600.0,756000.0,0.7,0.3,0.0,7200.0,0.1,1.0,0.35,0.0,0.0,0.0,1.0,0.0,8,8,4,,conv-41,ablation_10
vector_store,vector_store+HindsightTag,True,2,21600.0,756000.0,0.9,0.05,0.0,7200.0,0.1,1.0,0.35,0.25,0.0,0.25,1.0,0.25,8,8,4,,conv-41,ablation_11
vector_store,vector_store+HindsightTag,True,2,21600.0,756000.0,0.9,0.15,0.0,7200.0,0.1,1.0,0.35,0.125,0.0,0.125,1.0,0.25,8,8,4,,conv-41,ablation_12
vector_store,vector_store+HindsightTag,True,2,21600.0,756000.0,0.9,0.3,0.0,7200.0,0.1,1.0,0.35,0.0,0.0,0.0,1.0,0.0,8,8,4,,conv-41,ablation_13
vector_store,vector_store+HindsightTag,True,2,21600.0,756000.0,0.5,0.05,0.0,14400.0,0.1,1.0,0.35,0.25,0.0,0.25,1.0,0.25,8,8,4,,conv-41,ablation_14
vector_store,vector_store+HindsightTag,True,2,21600.0,756000.0,0.5,0.15,0.0,14400.0,0.1,1.0,0.35,0.125,0.0,0.125,1.0,0.25,8,8,4,,conv-41,ablation_15
vector_store,vector_store+HindsightTag,True,2,21600.0,756000.0,0.5,0.3,0.0,14400.0,0.1,1.0,0.35,0.0,0.0,0.0,1.0,0.0,8,8,4,,conv-41,ablation_16
vector_store,vector_store+HindsightTag,True,2,21600.0,756000.0,0.7,0.05,0.0,14400.0,0.1,1.0,0.35,0.25,0.0,0.25,1.0,0.25,8,8,4,,conv-41,ablation_17
vector_store,vector_store+HindsightTag,True,2,21600.0,756000.0,0.7,0.15,0.0,14400.0,0.1,1.0,0.35,0.125,0.0,0.125,1.0,0.25,8,8,4,,conv-41,ablation_18
vector_store,vector_store+HindsightTag,True,2,21600.0,756000.0,0.7,0.3,0.0,14400.0,0.1,1.0,0.35,0.0,0.0,0.0,1.0,0.0,8,8,4,,conv-41,ablation_19
vector_store,vector_store+HindsightTag,True,2,21600.0,756000.0,0.9,0.05,0.0,14400.0,0.1,1.0,0.35,0.25,0.0,0.25,1.0,0.25,8,8,4,,conv-41,ablation_20
vector_store,vector_store+HindsightTag,True,2,21600.0,756000.0,0.9,0.15,0.0,14400.0,0.1,1.0,0.35,0.125,0.0,0.125,1.0,0.25,8,8,4,,conv-41,ablation_21
vector_store,vector_store+HindsightTag,True,2,21600.0,756000.0,0.9,0.3,0.0,14400.0,0.1,1.0,0.35,0.0,0.0,0.0,1.0,0.0,8,8,4,,conv-41,ablation_22
vector_store,vector_store+HindsightTag,True,2,21600.0,756000.0,0.5,0.05,0.0,28800.0,0.1,1.0,0.35,0.25,0.0,0.25,1.0,0.25,8,8,4,,conv-41,ablation_23
vector_store,vector_store+HindsightTag,True,2,21600.0,756000.0,0.5,0.15,0.0,28800.0,0.1,1.0,0.35,0.125,0.0,0.125,1.0,0.25,8,8,4,,conv-41,ablation_24
vector_store,vector_store+HindsightTag,True,2,21600.0,756000.0,0.5,0.3,0.0,28800.0,0.1,1.0,0.35,0.0,0.0,0.0,1.0,0.0,8,8,4,,conv-41,ablation_25
vector_store,vector_store+HindsightTag,True,2,21600.0,756000.0,0.7,0.05,0.0,28800.0,0.1,1.0,0.35,0.25,0.0,0.25,1.0,0.25,8,8,4,,conv-41,ablation_26
vector_store,vector_store+HindsightTag,True,2,21600.0,756000.0,0.7,0.15,0.0,28800.0,0.1,1.0,0.35,0.125,0.0,0.125,1.0,0.25,8,8,4,,conv-41,ablation_27
vector_store,vector_store+HindsightTag,True,2,21600.0,756000.0,0.7,0.3,0.0,28800.0,0.1,1.0,0.35,0.0,0.0,0.0,1.0,0.0,8,8,4,,conv-41,ablation_28
vector_store,vector_store+HindsightTag,True,2,21600.0,756000.0,0.9,0.05,0.0,28800.0,0.1,1.0,0.35,0.25,0.0,0.25,1.0,0.25,8,8,4,,conv-41,ablation_29
vector_store,vector_store+HindsightTag,True,2,21600.0,756000.0,0.9,0.15,0.0,28800.0,0.1,1.0,0.35,0.125,0.0,0.125,1.0,0.25,8,8,4,,conv-41,ablation_30
vector_store,vector_store+HindsightTag,True,2,21600.0,756000.0,0.9,0.3,0.0,28800.0,0.1,1.0,0.35,0.0,0.0,0.0,1.0,0.0,8,8,4,,conv-41,ablation_31
vector_store,vector_store+HindsightTag,True,2,21600.0,3024000.0,0.5,0.05,0.0,7200.0,0.1,1.0,0.35,0.25,0.0,0.25,1.0,0.25,8,8,4,,conv-41,ablation_32
vector_store,vector_store+HindsightTag,True,2,21600.0,3024000.0,0.5,0.15,0.0,7200.0,0.1,1.0,0.35,0.125,0.0,0.125,1.0,0.25,8,8,4,,conv-41,ablation_33
vector_store,vector_store+HindsightTag,True,2,21600.0,3024000.0,0.5,0.3,0.0,7200.0,0.1,1.0,0.35,0.0,0.0,0.0,1.0,0.0,8,8,4,,conv-41,ablation_34
vector_store,vector_store+HindsightTag,True,2,21600.0,3024000.0,0.7,0.05,0.0,7200.0,0.1,1.0,0.35,0.25,0.0,0.25,1.0,0.25,8,8,4,,conv-41,ablation_35
vector_store,vector_store+HindsightTag,True,2,21600.0,3024000.0,0.7,0.15,0.0,7200.0,0.1,1.0,0.35,0.125,0.0,0.125,1.0,0.25,8,8,4,,conv-41,ablation_36
vector_store,vector_store+HindsightTag,True,2,21600.0,3024000.0,0.7,0.3,0.0,7200.0,0.1,1.0,0.35,0.0,0.0,0.0,1.0,0.0,8,8,4,,conv-41,ablation_37
vector_store,vector_store+HindsightTag,True,2,21600.0,3024000.0,0.9,0.05,0.0,7200.0,0.1,1.0,0.35,0.25,0.0,0.25,1.0,0.25,8,8,4,,conv-41,ablation_38
vector_store,vector_store+HindsightTag,True,2,21600.0,3024000.0,0.9,0.15,0.0,7200.0,0.1,1.0,0.35,0.125,0.0,0.125,1.0,0.25,8,8,4,,conv-41,ablation_39
vector_store,vector_store+HindsightTag,True,2,21600.0,3024000.0,0.9,0.3,0.0,7200.0,0.1,1.0,0.35,0.0,0.0,0.0,1.0,0.0,8,8,4,,conv-41,ablation_40
vector_store,vector_store+HindsightTag,True,2,21600.0,3024000.0,0.5,0.05,0.0,14400.0,0.1,1.0,0.35,0.25,0.0,0.25,1.0,0.25,8,8,4,,conv-41,ablation_41
vector_store,vector_store+HindsightTag,True,2,21600.0,3024000.0,0.5,0.15,0.0,14400.0,0.1,1.0,0.35,0.125,0.0,0.125,1.0,0.25,8,8,4,,conv-41,ablation_42
vector_store,vector_store+HindsightTag,True,2,21600.0,3024000.0,0.5,0.3,0.0,14400.0,0.1,1.0,0.35,0.0,0.0,0.0,1.0,0.0,8,8,4,,conv-41,ablation_43
vector_store,vector_store+HindsightTag,True,2,21600.0,3024000.0,0.7,0.05,0.0,14400.0,0.1,1.0,0.35,0.25,0.0,0.25,1.0,0.25,8,8,4,,conv-41,ablation_44
vector_store,vector_store+HindsightTag,True,2,21600.0,3024000.0,0.7,0.15,0.0,14400.0,0.1,1.0,0.35,0.125,0.0,0.125,1.0,0.25,8,8,4,,conv-41,ablation_45
vector_store,vector_store+HindsightTag,True,2,21600.0,3024000.0,0.7,0.3,0.0,14400.0,0.1,1.0,0.35,0.0,0.0,0.0,1.0,0.0,8,8,4,,conv-41,ablation_46
vector_store,vector_store+HindsightTag,True,2,21600.0,3024000.0,0.9,0.05,0.0,14400.0,0.1,1.0,0.35,0.25,0.0,0.25,1.0,0.25,8,8,4,,conv-41,ablation_47
vector_store,vector_store+HindsightTag,True,2,21600.0,3024000.0,0.9,0.15,0.0,14400.0,0.1,1.0,0.35,0.125,0.0,0.125,1.0,0.25,8,8,4,,conv-41,ablation_48
vector_store,vector_store+HindsightTag,True,2,21600.0,3024000.0,0.9,0.3,0.0,14400.0,0.1,1.0,0.35,0.0,0.0,0.0,1.0,0.0,8,8,4,,conv-41,ablation_49
vector_store,vector_store+HindsightTag,True,2,21600.0,3024000.0,0.5,0.05,0.0,28800.0,0.1,1.0,0.35,0.25,0.0,0.25,1.0,0.25,8,8,4,,conv-41,ablation_50
vector_store,vector_store+HindsightTag,True,2,21600.0,3024000.0,0.5,0.15,0.0,28800.0,0.1,1.0,0.35,0.125,0.0,0.125,1.0,0.25,8,8,4,,conv-41,ablation_51
vector_store,vector_store+HindsightTag,True,2,21600.0,3024000.0,0.5,0.3,0.0,28800.0,0.1,1.0,0.35,0.0,0.0,0.0,1.0,0.0,8,8,4,,conv-41,ablation_52
vector_store,vector_store+HindsightTag,True,2,21600.0,3024000.0,0.7,0.05,0.0,28800.0,0.1,1.0,0.35,0.25,0.0,0.25,1.0,0.25,8,8,4,,conv-41,ablation_53
vector_store,vector_store+HindsightTag,True,2,21600.0,3024000.0,0.7,0.15,0.0,28800.0,0.1,1.0,0.35,0.125,0.0,0.125,1.0,0.25,8,8,4,,conv-41,ablation_54
vector_store,vector_store+HindsightTag,True,2,21600.0,3024000.0,0.7,0.3,0.0,28800.0,0.1,1.0,0.35,0.0,0.0,0.0,1.0,0.0,8,8,4,,conv-41,ablation_55
vector_store,vector_store+HindsightTag,True,2,21600.0,3024000.0,0.9,0.05,0.0,28800.0,0.1,1.0,0.35,0.25,0.0,0.25,1.0,0.25,8,8,4,,conv-41,ablation_56
vector_store,vector_store+HindsightTag,True,2,21600.0,3024000.0,0.9,0.15,0.0,28800.0,0.1,1.0,0.35,0.125,0.0,0.125,1.0,0.25,8,8,4,,conv-41,ablation_57
vector_store,vector_store+HindsightTag,True,2,21600.0,3024000.0,0.9,0.3,0.0,28800.0,0.1,1.0,0.35,0.0,0.0,0.0,1.0,0.0,8,8,4,,conv-41,ablation_58
vector_store,vector_store+HindsightTag,True,2,21600.0,6048000.0,0.5,0.05,0.0,7200.0,0.1,1.0,0.35,0.25,0.0,0.25,1.0,0.25,8,8,4,,conv-41,ablation_59
vector_store,vector_store+HindsightTag,True,2,21600.0,6048000.0,0.5,0.15,0.0,7200.0,0.1,1.0,0.35,0.125,0.0,0.125,1.0,0.25,8,8,4,,conv-41,ablation_60
vector_store,vector_store+HindsightTag,True,2,21600.0,6048000.0,0.5,0.3,0.0,7200.0,0.1,1.0,0.35,0.0,0.0,0.0,1.0,0.0,8,8,4,,conv-41,ablation_61
vector_store,vector_store+HindsightTag,True,2,21600.0,6048000.0,0.7,0.05,0.0,7200.0,0.1,1.0,0.35,0.25,0.0,0.25,1.0,0.25,8,8,4,,conv-41,ablation_62
vector_store,vector_store+HindsightTag,True,2,21600.0,6048000.0,0.7,0.15,0.0,7200.0,0.1,1.0,0.35,0.125,0.0,0.125,1.0,0.25,8,8,4,,conv-41,ablation_63
vector_store,vector_store+HindsightTag,True,2,21600.0,6048000.0,0.7,0.3,0.0,7200.0,0.1,1.0,0.35,0.0,0.0,0.0,1.0,0.0,8,8,4,,conv-41,ablation_64
vector_store,vector_store+HindsightTag,True,2,21600.0,6048000.0,0.9,0.05,0.0,7200.0,0.1,1.0,0.35,0.25,0.0,0.25,1.0,0.25,8,8,4,,conv-41,ablation_65
vector_store,vector_store+HindsightTag,True,2,21600.0,6048000.0,0.9,0.15,0.0,7200.0,0.1,1.0,0.35,0.125,0.0,0.125,1.0,0.25,8,8,4,,conv-41,ablation_66
vector_store,vector_store+HindsightTag,True,2,21600.0,6048000.0,0.9,0.3,0.0,7200.0,0.1,1.0,0.35,0.0,0.0,0.0,1.0,0.0,8,8,4,,conv-41,ablation_67
vector_store,vector_store+HindsightTag,True,2,21600.0,6048000.0,0.5,0.05,0.0,14400.0,0.1,1.0,0.35,0.25,0.0,0.25,1.0,0.25,8,8,4,,conv-41,ablation_68
vector_store,vector_store+HindsightTag,True,2,21600.0,6048000.0,0.5,0.15,0.0,14400.0,0.1,1.0,0.35,0.125,0.0,0.125,1.0,0.25,8,8,4,,conv-41,ablation_69
vector_store,vector_store+HindsightTag,True,2,21600.0,6048000.0,0.5,0.3,0.0,14400.0,0.1,1.0,0.35,0.0,0.0,0.0,1.0,0.0,8,8,4,,conv-41,ablation_70
vector_store,vector_store+HindsightTag,True,2,21600.0,6048000.0,0.7,0.05,0.0,14400.0,0.1,1.0,0.35,0.25,0.0,0.25,1.0,0.25,8,8,4,,conv-41,ablation_71
vector_store,vector_store+HindsightTag,True,2,21600.0,6048000.0,0.7,0.15,0.0,14400.0,0.1,1.0,0.35,0.125,0.0,0.125,1.0,0.25,8,8,4,,conv-41,ablation_72
vector_store,vector_store+HindsightTag,True,2,21600.0,6048000.0,0.7,0.3,0.0,14400.0,0.1,1.0,0.35,0.0,0.0,0.0,1.0,0.0,8,8,4,,conv-41,ablation_73
vector_store,vector_store+HindsightTag,True,2,21600.0,6048000.0,0.9,0.05,0.0,14400.0,0.1,1.0,0.35,0.25,0.0,0.25,1.0,0.25,8,8,4,,conv-41,ablation_74
vector_store,vector_store+HindsightTag,True,2,21600.0,6048000.0,0.9,0.15,0.0,14400.0,0.1,1.0,0.35,0.125,0.0,0.125,1.0,0.25,8,8,4,,conv-41,ablation_75
vector_store,vector_store+HindsightTag,True,2,21600.0,6048000.0,0.9,0.3,0.0,14400.0,0.1,1.0,0.35,0.0,0.0,0.0,1.0,0.0,8,8,4,,conv-41,ablation_76
vector_store,vector_store+HindsightTag,True,2,21600.0,6048000.0,0.5,0.05,0.0,28800.0,0.1,1.0,0.35,0.25,0.0,0.25,1.0,0.25,8,8,4,,conv-41,ablation_77
vector_store,vector_store+HindsightTag,True,2,21600.0,6048000.0,0.5,0.15,0.0,28800.0,0.1,1.0,0.35,0.125,0.0,0.125,1.0,0.25,8,8,4,,conv-41,ablation_78
vector_store,vector_store+HindsightTag,True,2,21600.0,6048000.0,0.5,0.3,0.0,28800.0,0.1,1.0,0.35,0.0,0.0,0.0,1.0,0.0,8,8,4,,conv-41,ablation_79
vector_store,vector_store+HindsightTag,True,2,21600.0,6048000.0,0.7,0.05,0.0,28800.0,0.1,1.0,0.35,0.25,0.0,0.25,1.0,0.25,8,8,4,,conv-41,ablation_80
vector_store,vector_store+HindsightTag,True,2,21600.0,6048000.0,0.7,0.15,0.0,28800.0,0.1,1.0,0.35,0.125,0.0,0.125,1.0,0.25,8,8,4,,conv-41,ablation_81
vector_store,vector_store+HindsightTag,True,2,21600.0,6048000.0,0.7,0.3,0.0,28800.0,0.1,1.0,0.35,0.0,0.0,0.0,1.0,0.0,8,8,4,,conv-41,ablation_82
vector_store,vector_store+HindsightTag,True,2,21600.0,6048000.0,0.9,0.05,0.0,28800.0,0.1,1.0,0.35,0.25,0.0,0.25,1.0,0.25,8,8,4,,conv-41,ablation_83
vector_store,vector_store+HindsightTag,True,2,21600.0,6048000.0,0.9,0.15,0.0,28800.0,0.1,1.0,0.35,0.125,0.0,0.125,1.0,0.25,8,8,4,,conv-41,ablation_84
vector_store,vector_store+HindsightTag,True,2,21600.0,6048000.0,0.9,0.3,0.0,28800.0,0.1,1.0,0.35,0.0,0.0,0.0,1.0,0.0,8,8,4,,conv-41,ablation_85
mem0,mem0,False,3,21600.0,3024000.0,0.7,0.1,0.0,14400.0,0.1,1.0,0.35,0.0,0.0,0.0,,0.0,8,8,0,True,conv-41,baseline
mem0,mem0+HindsightTag,True,3,21600.0,3024000.0,0.7,0.1,0.0,14400.0,0.1,1.0,0.35,0.0,0.0,0.0,1.0,0.0,8,8,4,True,conv-41,ablation_0
mem0,mem0+HindsightTag,True,3,21600.0,3024000.0,0.7,0.1,0.25,14400.0,0.1,1.0,0.35,0.0,0.0,0.0,1.0,0.0,8,8,4,True,conv-41,ablation_1
mem0,mem0+HindsightTag,True,3,21600.0,3024000.0,0.7,0.1,0.5,14400.0,0.1,1.0,0.35,0.0,0.0,0.0,1.0,0.0,8,8,4,True,conv-41,ablation_2
mem0,mem0+HindsightTag,True,3,21600.0,3024000.0,0.7,0.1,0.75,14400.0,0.1,1.0,0.35,0.0,0.0,0.0,1.0,0.0,8,8,4,True,conv-41,ablation_3
mem0,mem0+HindsightTag,True,3,21600.0,3024000.0,0.7,0.1,1.0,14400.0,0.1,1.0,0.35,0.0,0.0,0.0,1.0,0.0,8,8,4,True,conv-41,ablation_4
mem0,mem0+HindsightTag,True,3,21600.0,756000.0,0.5,0.05,0.0,7200.0,0.1,1.0,0.35,0.0,0.0,0.0,1.0,0.0,8,8,4,True,conv-41,ablation_5
mem0,mem0+HindsightTag,True,3,21600.0,756000.0,0.5,0.15,0.0,7200.0,0.1,1.0,0.35,0.0,0.0,0.0,1.0,0.0,8,8,4,True,conv-41,ablation_6
mem0,mem0+HindsightTag,True,3,21600.0,756000.0,0.5,0.3,0.0,7200.0,0.1,1.0,0.35,0.0,0.0,0.0,1.0,0.0,8,8,4,True,conv-41,ablation_7
mem0,mem0+HindsightTag,True,3,21600.0,756000.0,0.7,0.05,0.0,7200.0,0.1,1.0,0.35,0.0,0.0,0.0,1.0,0.0,8,8,4,True,conv-41,ablation_8
mem0,mem0+HindsightTag,True,3,21600.0,756000.0,0.7,0.15,0.0,7200.0,0.1,1.0,0.35,0.0,0.0,0.0,1.0,0.0,8,8,4,True,conv-41,ablation_9
mem0,mem0+HindsightTag,True,3,21600.0,756000.0,0.7,0.3,0.0,7200.0,0.1,1.0,0.35,0.0,0.0,0.0,1.0,0.0,8,8,4,True,conv-41,ablation_10
mem0,mem0+HindsightTag,True,3,21600.0,756000.0,0.9,0.05,0.0,7200.0,0.1,1.0,0.35,0.0,0.0,0.0,1.0,0.0,8,8,4,True,conv-41,ablation_11
mem0,mem0+HindsightTag,True,3,21600.0,756000.0,0.9,0.15,0.0,7200.0,0.1,1.0,0.35,0.0,0.0,0.0,1.0,0.0,8,8,4,True,conv-41,ablation_12
mem0,mem0+HindsightTag,True,3,21600.0,756000.0,0.9,0.3,0.0,7200.0,0.1,1.0,0.35,0.0,0.0,0.0,1.0,0.0,8,8,4,True,conv-41,ablation_13
mem0,mem0+HindsightTag,True,3,21600.0,756000.0,0.5,0.05,0.0,14400.0,0.1,1.0,0.35,0.0,0.0,0.0,1.0,0.0,8,8,4,True,conv-41,ablation_14
mem0,mem0+HindsightTag,True,3,21600.0,756000.0,0.5,0.15,0.0,14400.0,0.1,1.0,0.35,0.0,0.0,0.0,1.0,0.0,8,8,4,True,conv-41,ablation_15
mem0,mem0+HindsightTag,True,3,21600.0,756000.0,0.5,0.3,0.0,14400.0,0.1,1.0,0.35,0.0,0.0,0.0,1.0,0.0,8,8,4,True,conv-41,ablation_16
mem0,mem0+HindsightTag,True,3,21600.0,756000.0,0.7,0.05,0.0,14400.0,0.1,1.0,0.35,0.0,0.0,0.0,1.0,0.0,8,8,4,True,conv-41,ablation_17
mem0,mem0+HindsightTag,True,3,21600.0,756000.0,0.7,0.15,0.0,14400.0,0.1,1.0,0.35,0.0,0.0,0.0,1.0,0.0,8,8,4,True,conv-41,ablation_18
mem0,mem0+HindsightTag,True,3,21600.0,756000.0,0.7,0.3,0.0,14400.0,0.1,1.0,0.35,0.0,0.0,0.0,1.0,0.0,8,8,4,True,conv-41,ablation_19
mem0,mem0+HindsightTag,True,3,21600.0,756000.0,0.9,0.05,0.0,14400.0,0.1,1.0,0.35,0.0,0.0,0.0,1.0,0.0,8,8,4,True,conv-41,ablation_20
mem0,mem0+HindsightTag,True,3,21600.0,756000.0,0.9,0.15,0.0,14400.0,0.1,1.0,0.35,0.0,0.0,0.0,1.0,0.0,8,8,4,True,conv-41,ablation_21
mem0,mem0+HindsightTag,True,3,21600.0,756000.0,0.9,0.3,0.0,14400.0,0.1,1.0,0.35,0.0,0.0,0.0,1.0,0.0,8,8,4,True,conv-41,ablation_22
mem0,mem0+HindsightTag,True,3,21600.0,756000.0,0.5,0.05,0.0,28800.0,0.1,1.0,0.35,0.0,0.0,0.0,1.0,0.0,8,8,4,True,conv-41,ablation_23
mem0,mem0+HindsightTag,True,3,21600.0,756000.0,0.5,0.15,0.0,28800.0,0.1,1.0,0.35,0.0,0.0,0.0,1.0,0.0,8,8,4,True,conv-41,ablation_24
mem0,mem0+HindsightTag,True,3,21600.0,756000.0,0.5,0.3,0.0,28800.0,0.1,1.0,0.35,0.0,0.0,0.0,1.0,0.0,8,8,4,True,conv-41,ablation_25
mem0,mem0+HindsightTag,True,3,21600.0,756000.0,0.7,0.05,0.0,28800.0,0.1,1.0,0.35,0.0,0.0,0.0,1.0,0.0,8,8,4,True,conv-41,ablation_26
mem0,mem0+HindsightTag,True,3,21600.0,756000.0,0.7,0.15,0.0,28800.0,0.1,1.0,0.35,0.0,0.0,0.0,1.0,0.0,8,8,4,True,conv-41,ablation_27
mem0,mem0+HindsightTag,True,3,21600.0,756000.0,0.7,0.3,0.0,28800.0,0.1,1.0,0.35,0.0,0.0,0.0,1.0,0.0,8,8,4,True,conv-41,ablation_28
mem0,mem0+HindsightTag,True,3,21600.0,756000.0,0.9,0.05,0.0,28800.0,0.1,1.0,0.35,0.0,0.0,0.0,1.0,0.0,8,8,4,True,conv-41,ablation_29
mem0,mem0+HindsightTag,True,3,21600.0,756000.0,0.9,0.15,0.0,28800.0,0.1,1.0,0.35,0.0,0.0,0.0,1.0,0.0,8,8,4,True,conv-41,ablation_30
mem0,mem0+HindsightTag,True,3,21600.0,756000.0,0.9,0.3,0.0,28800.0,0.1,1.0,0.35,0.0,0.0,0.0,1.0,0.0,8,8,4,True,conv-41,ablation_31
mem0,mem0+HindsightTag,True,3,21600.0,3024000.0,0.5,0.05,0.0,7200.0,0.1,1.0,0.35,0.0,0.0,0.0,1.0,0.0,8,8,4,True,conv-41,ablation_32
mem0,mem0+HindsightTag,True,3,21600.0,3024000.0,0.5,0.15,0.0,7200.0,0.1,1.0,0.35,0.0,0.0,0.0,1.0,0.0,8,8,4,True,conv-41,ablation_33
mem0,mem0+HindsightTag,True,3,21600.0,3024000.0,0.5,0.3,0.0,7200.0,0.1,1.0,0.35,0.0,0.0,0.0,1.0,0.0,8,8,4,True,conv-41,ablation_34
mem0,mem0+HindsightTag,True,3,21600.0,3024000.0,0.7,0.05,0.0,7200.0,0.1,1.0,0.35,0.0,0.0,0.0,1.0,0.0,8,8,4,True,conv-41,ablation_35
mem0,mem0+HindsightTag,True,3,21600.0,3024000.0,0.7,0.15,0.0,7200.0,0.1,1.0,0.35,0.0,0.0,0.0,1.0,0.0,8,8,4,True,conv-41,ablation_36
mem0,mem0+HindsightTag,True,3,21600.0,3024000.0,0.7,0.3,0.0,7200.0,0.1,1.0,0.35,0.0,0.0,0.0,1.0,0.0,8,8,4,True,conv-41,ablation_37
mem0,mem0+HindsightTag,True,3,21600.0,3024000.0,0.9,0.05,0.0,7200.0,0.1,1.0,0.35,0.0,0.0,0.0,1.0,0.0,8,8,4,True,conv-41,ablation_38
mem0,mem0+HindsightTag,True,3,21600.0,3024000.0,0.9,0.15,0.0,7200.0,0.1,1.0,0.35,0.0,0.0,0.0,1.0,0.0,8,8,4,True,conv-41,ablation_39
mem0,mem0+HindsightTag,True,3,21600.0,3024000.0,0.9,0.3,0.0,7200.0,0.1,1.0,0.35,0.0,0.0,0.0,1.0,0.0,8,8,4,True,conv-41,ablation_40
mem0,mem0+HindsightTag,True,3,21600.0,3024000.0,0.5,0.05,0.0,14400.0,0.1,1.0,0.35,0.0,0.0,0.0,1.0,0.0,8,8,4,True,conv-41,ablation_41
mem0,mem0+HindsightTag,True,3,21600.0,3024000.0,0.5,0.15,0.0,14400.0,0.1,1.0,0.35,0.0,0.0,0.0,1.0,0.0,8,8,4,True,conv-41,ablation_42
mem0,mem0+HindsightTag,True,3,21600.0,3024000.0,0.5,0.3,0.0,14400.0,0.1,1.0,0.35,0.0,0.0,0.0,1.0,0.0,8,8,4,True,conv-41,ablation_43
mem0,mem0+HindsightTag,True,3,21600.0,3024000.0,0.7,0.05,0.0,14400.0,0.1,1.0,0.35,0.0,0.0,0.0,1.0,0.0,8,8,4,True,conv-41,ablation_44
mem0,mem0+HindsightTag,True,3,21600.0,3024000.0,0.7,0.15,0.0,14400.0,0.1,1.0,0.35,0.0,0.0,0.0,1.0,0.0,8,8,4,True,conv-41,ablation_45
mem0,mem0+HindsightTag,True,3,21600.0,3024000.0,0.7,0.3,0.0,14400.0,0.1,1.0,0.35,0.0,0.0,0.0,1.0,0.0,8,8,4,True,conv-41,ablation_46
mem0,mem0+HindsightTag,True,3,21600.0,3024000.0,0.9,0.05,0.0,14400.0,0.1,1.0,0.35,0.0,0.0,0.0,1.0,0.0,8,8,4,True,conv-41,ablation_47
mem0,mem0+HindsightTag,True,3,21600.0,3024000.0,0.9,0.15,0.0,14400.0,0.1,1.0,0.35,0.0,0.0,0.0,1.0,0.0,8,8,4,True,conv-41,ablation_48
mem0,mem0+HindsightTag,True,3,21600.0,3024000.0,0.9,0.3,0.0,14400.0,0.1,1.0,0.35,0.0,0.0,0.0,1.0,0.0,8,8,4,True,conv-41,ablation_49
mem0,mem0+HindsightTag,True,3,21600.0,3024000.0,0.5,0.05,0.0,28800.0,0.1,1.0,0.35,0.0,0.0,0.0,1.0,0.0,8,8,4,True,conv-41,ablation_50
mem0,mem0+HindsightTag,True,3,21600.0,3024000.0,0.5,0.15,0.0,28800.0,0.1,1.0,0.35,0.0,0.0,0.0,1.0,0.0,8,8,4,True,conv-41,ablation_51
mem0,mem0+HindsightTag,True,3,21600.0,3024000.0,0.5,0.3,0.0,28800.0,0.1,1.0,0.35,0.0,0.0,0.0,1.0,0.0,8,8,4,True,conv-41,ablation_52
mem0,mem0+HindsightTag,True,3,21600.0,3024000.0,0.7,0.05,0.0,28800.0,0.1,1.0,0.35,0.0,0.0,0.0,1.0,0.0,8,8,4,True,conv-41,ablation_53
mem0,mem0+HindsightTag,True,3,21600.0,3024000.0,0.7,0.15,0.0,28800.0,0.1,1.0,0.35,0.0,0.0,0.0,1.0,0.0,8,8,4,True,conv-41,ablation_54
mem0,mem0+HindsightTag,True,3,21600.0,3024000.0,0.7,0.3,0.0,28800.0,0.1,1.0,0.35,0.0,0.0,0.0,1.0,0.0,8,8,4,True,conv-41,ablation_55
mem0,mem0+HindsightTag,True,3,21600.0,3024000.0,0.9,0.05,0.0,28800.0,0.1,1.0,0.35,0.0,0.0,0.0,1.0,0.0,8,8,4,True,conv-41,ablation_56
mem0,mem0+HindsightTag,True,3,21600.0,3024000.0,0.9,0.15,0.0,28800.0,0.1,1.0,0.35,0.0,0.0,0.0,1.0,0.0,8,8,4,True,conv-41,ablation_57
mem0,mem0+HindsightTag,True,3,21600.0,3024000.0,0.9,0.3,0.0,28800.0,0.1,1.0,0.35,0.0,0.0,0.0,1.0,0.0,8,8,4,True,conv-41,ablation_58
mem0,mem0+HindsightTag,True,3,21600.0,6048000.0,0.5,0.05,0.0,7200.0,0.1,1.0,0.35,0.0,0.0,0.0,1.0,0.0,8,8,4,True,conv-41,ablation_59
mem0,mem0+HindsightTag,True,3,21600.0,6048000.0,0.5,0.15,0.0,7200.0,0.1,1.0,0.35,0.0,0.0,0.0,1.0,0.0,8,8,4,True,conv-41,ablation_60
mem0,mem0+HindsightTag,True,3,21600.0,6048000.0,0.5,0.3,0.0,7200.0,0.1,1.0,0.35,0.0,0.0,0.0,1.0,0.0,8,8,4,True,conv-41,ablation_61
mem0,mem0+HindsightTag,True,3,21600.0,6048000.0,0.7,0.05,0.0,7200.0,0.1,1.0,0.35,0.0,0.0,0.0,1.0,0.0,8,8,4,True,conv-41,ablation_62
mem0,mem0+HindsightTag,True,3,21600.0,6048000.0,0.7,0.15,0.0,7200.0,0.1,1.0,0.35,0.0,0.0,0.0,1.0,0.0,8,8,4,True,conv-41,ablation_63
mem0,mem0+HindsightTag,True,3,21600.0,6048000.0,0.7,0.3,0.0,7200.0,0.1,1.0,0.35,0.0,0.0,0.0,1.0,0.0,8,8,4,True,conv-41,ablation_64
mem0,mem0+HindsightTag,True,3,21600.0,6048000.0,0.9,0.05,0.0,7200.0,0.1,1.0,0.35,0.0,0.0,0.0,1.0,0.0,8,8,4,True,conv-41,ablation_65
mem0,mem0+HindsightTag,True,3,21600.0,6048000.0,0.9,0.15,0.0,7200.0,0.1,1.0,0.35,0.0,0.0,0.0,1.0,0.0,8,8,4,True,conv-41,ablation_66
mem0,mem0+HindsightTag,True,3,21600.0,6048000.0,0.9,0.3,0.0,7200.0,0.1,1.0,0.35,0.0,0.0,0.0,1.0,0.0,8,8,4,True,conv-41,ablation_67
mem0,mem0+HindsightTag,True,3,21600.0,6048000.0,0.5,0.05,0.0,14400.0,0.1,1.0,0.35,0.0,0.0,0.0,1.0,0.0,8,8,4,True,conv-41,ablation_68
mem0,mem0+HindsightTag,True,3,21600.0,6048000.0,0.5,0.15,0.0,14400.0,0.1,1.0,0.35,0.0,0.0,0.0,1.0,0.0,8,8,4,True,conv-41,ablation_69
mem0,mem0+HindsightTag,True,3,21600.0,6048000.0,0.5,0.3,0.0,14400.0,0.1,1.0,0.35,0.0,0.0,0.0,1.0,0.0,8,8,4,True,conv-41,ablation_70
mem0,mem0+HindsightTag,True,3,21600.0,6048000.0,0.7,0.05,0.0,14400.0,0.1,1.0,0.35,0.0,0.0,0.0,1.0,0.0,8,8,4,True,conv-41,ablation_71
mem0,mem0+HindsightTag,True,3,21600.0,6048000.0,0.7,0.15,0.0,14400.0,0.1,1.0,0.35,0.0,0.0,0.0,1.0,0.0,8,8,4,True,conv-41,ablation_72
mem0,mem0+HindsightTag,True,3,21600.0,6048000.0,0.7,0.3,0.0,14400.0,0.1,1.0,0.35,0.0,0.0,0.0,1.0,0.0,8,8,4,True,conv-41,ablation_73
mem0,mem0+HindsightTag,True,3,21600.0,6048000.0,0.9,0.05,0.0,14400.0,0.1,1.0,0.35,0.0,0.0,0.0,1.0,0.0,8,8,4,True,conv-41,ablation_74
mem0,mem0+HindsightTag,True,3,21600.0,6048000.0,0.9,0.15,0.0,14400.0,0.1,1.0,0.35,0.0,0.0,0.0,1.0,0.0,8,8,4,True,conv-41,ablation_75
mem0,mem0+HindsightTag,True,3,21600.0,6048000.0,0.9,0.3,0.0,14400.0,0.1,1.0,0.35,0.0,0.0,0.0,1.0,0.0,8,8,4,True,conv-41,ablation_76
mem0,mem0+HindsightTag,True,3,21600.0,6048000.0,0.5,0.05,0.0,28800.0,0.1,1.0,0.35,0.0,0.0,0.0,1.0,0.0,8,8,4,True,conv-41,ablation_77
mem0,mem0+HindsightTag,True,3,21600.0,6048000.0,0.5,0.15,0.0,28800.0,0.1,1.0,0.35,0.0,0.0,0.0,1.0,0.0,8,8,4,True,conv-41,ablation_78
mem0,mem0+HindsightTag,True,3,21600.0,6048000.0,0.5,0.3,0.0,28800.0,0.1,1.0,0.35,0.0,0.0,0.0,1.0,0.0,8,8,4,True,conv-41,ablation_79
mem0,mem0+HindsightTag,True,3,21600.0,6048000.0,0.7,0.05,0.0,28800.0,0.1,1.0,0.35,0.0,0.0,0.0,1.0,0.0,8,8,4,True,conv-41,ablation_80
mem0,mem0+HindsightTag,True,3,21600.0,6048000.0,0.7,0.15,0.0,28800.0,0.1,1.0,0.35,0.0,0.0,0.0,1.0,0.0,8,8,4,True,conv-41,ablation_81
mem0,mem0+HindsightTag,True,3,21600.0,6048000.0,0.7,0.3,0.0,28800.0,0.1,1.0,0.35,0.0,0.0,0.0,1.0,0.0,8,8,4,True,conv-41,ablation_82
mem0,mem0+HindsightTag,True,3,21600.0,6048000.0,0.9,0.05,0.0,28800.0,0.1,1.0,0.35,0.0,0.0,0.0,1.0,0.0,8,8,4,True,conv-41,ablation_83
mem0,mem0+HindsightTag,True,3,21600.0,6048000.0,0.9,0.15,0.0,28800.0,0.1,1.0,0.35,0.0,0.0,0.0,1.0,0.0,8,8,4,True,conv-41,ablation_84
mem0,mem0+HindsightTag,True,3,21600.0,6048000.0,0.9,0.3,0.0,28800.0,0.1,1.0,0.35,0.0,0.0,0.0,1.0,0.0,8,8,4,True,conv-41,ablation_85
vector_store,vector_store,False,3,21600.0,3024000.0,0.7,0.1,0.0,14400.0,0.1,1.0,0.35,0.0,0.0,0.0,,0.0,8,8,0,,conv-41,baseline
vector_store,vector_store+HindsightTag,True,3,21600.0,3024000.0,0.7,0.1,0.0,14400.0,0.1,1.0,0.35,0.125,0.0,0.125,1.0,0.25,8,8,4,,conv-41,ablation_0
vector_store,vector_store+HindsightTag,True,3,21600.0,3024000.0,0.7,0.1,0.25,14400.0,0.1,1.0,0.35,0.125,0.0,0.125,1.0,0.25,8,8,4,,conv-41,ablation_1
vector_store,vector_store+HindsightTag,True,3,21600.0,3024000.0,0.7,0.1,0.5,14400.0,0.1,1.0,0.35,0.125,0.0,0.125,1.0,0.25,8,8,4,,conv-41,ablation_2
vector_store,vector_store+HindsightTag,True,3,21600.0,3024000.0,0.7,0.1,0.75,14400.0,0.1,1.0,0.35,0.125,0.0,0.125,1.0,0.25,8,8,4,,conv-41,ablation_3
vector_store,vector_store+HindsightTag,True,3,21600.0,3024000.0,0.7,0.1,1.0,14400.0,0.1,1.0,0.35,0.125,0.0,0.125,1.0,0.125,8,8,4,,conv-41,ablation_4
vector_store,vector_store+HindsightTag,True,3,21600.0,756000.0,0.5,0.05,0.0,7200.0,0.1,1.0,0.35,0.125,0.0,0.125,1.0,0.25,8,8,4,,conv-41,ablation_5
vector_store,vector_store+HindsightTag,True,3,21600.0,756000.0,0.5,0.15,0.0,7200.0,0.1,1.0,0.35,0.125,0.0,0.125,1.0,0.25,8,8,4,,conv-41,ablation_6
vector_store,vector_store+HindsightTag,True,3,21600.0,756000.0,0.5,0.3,0.0,7200.0,0.1,1.0,0.35,0.0,0.0,0.0,1.0,0.0,8,8,4,,conv-41,ablation_7
vector_store,vector_store+HindsightTag,True,3,21600.0,756000.0,0.7,0.05,0.0,7200.0,0.1,1.0,0.35,0.125,0.0,0.125,1.0,0.25,8,8,4,,conv-41,ablation_8
vector_store,vector_store+HindsightTag,True,3,21600.0,756000.0,0.7,0.15,0.0,7200.0,0.1,1.0,0.35,0.125,0.0,0.125,1.0,0.25,8,8,4,,conv-41,ablation_9
vector_store,vector_store+HindsightTag,True,3,21600.0,756000.0,0.7,0.3,0.0,7200.0,0.1,1.0,0.35,0.0,0.0,0.0,1.0,0.0,8,8,4,,conv-41,ablation_10
vector_store,vector_store+HindsightTag,True,3,21600.0,756000.0,0.9,0.05,0.0,7200.0,0.1,1.0,0.35,0.125,0.0,0.125,1.0,0.25,8,8,4,,conv-41,ablation_11
vector_store,vector_store+HindsightTag,True,3,21600.0,756000.0,0.9,0.15,0.0,7200.0,0.1,1.0,0.35,0.125,0.0,0.125,1.0,0.25,8,8,4,,conv-41,ablation_12
vector_store,vector_store+HindsightTag,True,3,21600.0,756000.0,0.9,0.3,0.0,7200.0,0.1,1.0,0.35,0.0,0.0,0.0,1.0,0.0,8,8,4,,conv-41,ablation_13
vector_store,vector_store+HindsightTag,True,3,21600.0,756000.0,0.5,0.05,0.0,14400.0,0.1,1.0,0.35,0.125,0.0,0.125,1.0,0.25,8,8,4,,conv-41,ablation_14
vector_store,vector_store+HindsightTag,True,3,21600.0,756000.0,0.5,0.15,0.0,14400.0,0.1,1.0,0.35,0.125,0.0,0.125,1.0,0.25,8,8,4,,conv-41,ablation_15
vector_store,vector_store+HindsightTag,True,3,21600.0,756000.0,0.5,0.3,0.0,14400.0,0.1,1.0,0.35,0.0,0.0,0.0,1.0,0.0,8,8,4,,conv-41,ablation_16
vector_store,vector_store+HindsightTag,True,3,21600.0,756000.0,0.7,0.05,0.0,14400.0,0.1,1.0,0.35,0.125,0.0,0.125,1.0,0.25,8,8,4,,conv-41,ablation_17
vector_store,vector_store+HindsightTag,True,3,21600.0,756000.0,0.7,0.15,0.0,14400.0,0.1,1.0,0.35,0.125,0.0,0.125,1.0,0.25,8,8,4,,conv-41,ablation_18
vector_store,vector_store+HindsightTag,True,3,21600.0,756000.0,0.7,0.3,0.0,14400.0,0.1,1.0,0.35,0.0,0.0,0.0,1.0,0.0,8,8,4,,conv-41,ablation_19
vector_store,vector_store+HindsightTag,True,3,21600.0,756000.0,0.9,0.05,0.0,14400.0,0.1,1.0,0.35,0.125,0.0,0.125,1.0,0.25,8,8,4,,conv-41,ablation_20
vector_store,vector_store+HindsightTag,True,3,21600.0,756000.0,0.9,0.15,0.0,14400.0,0.1,1.0,0.35,0.125,0.0,0.125,1.0,0.25,8,8,4,,conv-41,ablation_21
vector_store,vector_store+HindsightTag,True,3,21600.0,756000.0,0.9,0.3,0.0,14400.0,0.1,1.0,0.35,0.0,0.0,0.0,1.0,0.0,8,8,4,,conv-41,ablation_22
vector_store,vector_store+HindsightTag,True,3,21600.0,756000.0,0.5,0.05,0.0,28800.0,0.1,1.0,0.35,0.125,0.0,0.125,1.0,0.25,8,8,4,,conv-41,ablation_23
vector_store,vector_store+HindsightTag,True,3,21600.0,756000.0,0.5,0.15,0.0,28800.0,0.1,1.0,0.35,0.125,0.0,0.125,1.0,0.25,8,8,4,,conv-41,ablation_24
vector_store,vector_store+HindsightTag,True,3,21600.0,756000.0,0.5,0.3,0.0,28800.0,0.1,1.0,0.35,0.0,0.0,0.0,1.0,0.0,8,8,4,,conv-41,ablation_25
vector_store,vector_store+HindsightTag,True,3,21600.0,756000.0,0.7,0.05,0.0,28800.0,0.1,1.0,0.35,0.125,0.0,0.125,1.0,0.25,8,8,4,,conv-41,ablation_26
vector_store,vector_store+HindsightTag,True,3,21600.0,756000.0,0.7,0.15,0.0,28800.0,0.1,1.0,0.35,0.125,0.0,0.125,1.0,0.25,8,8,4,,conv-41,ablation_27
vector_store,vector_store+HindsightTag,True,3,21600.0,756000.0,0.7,0.3,0.0,28800.0,0.1,1.0,0.35,0.0,0.0,0.0,1.0,0.0,8,8,4,,conv-41,ablation_28
vector_store,vector_store+HindsightTag,True,3,21600.0,756000.0,0.9,0.05,0.0,28800.0,0.1,1.0,0.35,0.125,0.0,0.125,1.0,0.25,8,8,4,,conv-41,ablation_29
vector_store,vector_store+HindsightTag,True,3,21600.0,756000.0,0.9,0.15,0.0,28800.0,0.1,1.0,0.35,0.125,0.0,0.125,1.0,0.25,8,8,4,,conv-41,ablation_30
vector_store,vector_store+HindsightTag,True,3,21600.0,756000.0,0.9,0.3,0.0,28800.0,0.1,1.0,0.35,0.0,0.0,0.0,1.0,0.0,8,8,4,,conv-41,ablation_31
vector_store,vector_store+HindsightTag,True,3,21600.0,3024000.0,0.5,0.05,0.0,7200.0,0.1,1.0,0.35,0.125,0.0,0.125,1.0,0.25,8,8,4,,conv-41,ablation_32
vector_store,vector_store+HindsightTag,True,3,21600.0,3024000.0,0.5,0.15,0.0,7200.0,0.1,1.0,0.35,0.125,0.0,0.125,1.0,0.25,8,8,4,,conv-41,ablation_33
vector_store,vector_store+HindsightTag,True,3,21600.0,3024000.0,0.5,0.3,0.0,7200.0,0.1,1.0,0.35,0.0,0.0,0.0,1.0,0.0,8,8,4,,conv-41,ablation_34
vector_store,vector_store+HindsightTag,True,3,21600.0,3024000.0,0.7,0.05,0.0,7200.0,0.1,1.0,0.35,0.125,0.0,0.125,1.0,0.25,8,8,4,,conv-41,ablation_35
vector_store,vector_store+HindsightTag,True,3,21600.0,3024000.0,0.7,0.15,0.0,7200.0,0.1,1.0,0.35,0.125,0.0,0.125,1.0,0.25,8,8,4,,conv-41,ablation_36
vector_store,vector_store+HindsightTag,True,3,21600.0,3024000.0,0.7,0.3,0.0,7200.0,0.1,1.0,0.35,0.0,0.0,0.0,1.0,0.0,8,8,4,,conv-41,ablation_37
vector_store,vector_store+HindsightTag,True,3,21600.0,3024000.0,0.9,0.05,0.0,7200.0,0.1,1.0,0.35,0.125,0.0,0.125,1.0,0.25,8,8,4,,conv-41,ablation_38
vector_store,vector_store+HindsightTag,True,3,21600.0,3024000.0,0.9,0.15,0.0,7200.0,0.1,1.0,0.35,0.125,0.0,0.125,1.0,0.25,8,8,4,,conv-41,ablation_39
vector_store,vector_store+HindsightTag,True,3,21600.0,3024000.0,0.9,0.3,0.0,7200.0,0.1,1.0,0.35,0.0,0.0,0.0,1.0,0.0,8,8,4,,conv-41,ablation_40
vector_store,vector_store+HindsightTag,True,3,21600.0,3024000.0,0.5,0.05,0.0,14400.0,0.1,1.0,0.35,0.125,0.0,0.125,1.0,0.25,8,8,4,,conv-41,ablation_41
vector_store,vector_store+HindsightTag,True,3,21600.0,3024000.0,0.5,0.15,0.0,14400.0,0.1,1.0,0.35,0.125,0.0,0.125,1.0,0.25,8,8,4,,conv-41,ablation_42
vector_store,vector_store+HindsightTag,True,3,21600.0,3024000.0,0.5,0.3,0.0,14400.0,0.1,1.0,0.35,0.0,0.0,0.0,1.0,0.0,8,8,4,,conv-41,ablation_43
vector_store,vector_store+HindsightTag,True,3,21600.0,3024000.0,0.7,0.05,0.0,14400.0,0.1,1.0,0.35,0.125,0.0,0.125,1.0,0.25,8,8,4,,conv-41,ablation_44
vector_store,vector_store+HindsightTag,True,3,21600.0,3024000.0,0.7,0.15,0.0,14400.0,0.1,1.0,0.35,0.125,0.0,0.125,1.0,0.25,8,8,4,,conv-41,ablation_45
vector_store,vector_store+HindsightTag,True,3,21600.0,3024000.0,0.7,0.3,0.0,14400.0,0.1,1.0,0.35,0.0,0.0,0.0,1.0,0.0,8,8,4,,conv-41,ablation_46
vector_store,vector_store+HindsightTag,True,3,21600.0,3024000.0,0.9,0.05,0.0,14400.0,0.1,1.0,0.35,0.125,0.0,0.125,1.0,0.25,8,8,4,,conv-41,ablation_47
vector_store,vector_store+HindsightTag,True,3,21600.0,3024000.0,0.9,0.15,0.0,14400.0,0.1,1.0,0.35,0.125,0.0,0.125,1.0,0.25,8,8,4,,conv-41,ablation_48
vector_store,vector_store+HindsightTag,True,3,21600.0,3024000.0,0.9,0.3,0.0,14400.0,0.1,1.0,0.35,0.0,0.0,0.0,1.0,0.0,8,8,4,,conv-41,ablation_49
vector_store,vector_store+HindsightTag,True,3,21600.0,3024000.0,0.5,0.05,0.0,28800.0,0.1,1.0,0.35,0.125,0.0,0.125,1.0,0.25,8,8,4,,conv-41,ablation_50
vector_store,vector_store+HindsightTag,True,3,21600.0,3024000.0,0.5,0.15,0.0,28800.0,0.1,1.0,0.35,0.125,0.0,0.125,1.0,0.25,8,8,4,,conv-41,ablation_51
vector_store,vector_store+HindsightTag,True,3,21600.0,3024000.0,0.5,0.3,0.0,28800.0,0.1,1.0,0.35,0.0,0.0,0.0,1.0,0.0,8,8,4,,conv-41,ablation_52
vector_store,vector_store+HindsightTag,True,3,21600.0,3024000.0,0.7,0.05,0.0,28800.0,0.1,1.0,0.35,0.125,0.0,0.125,1.0,0.25,8,8,4,,conv-41,ablation_53
vector_store,vector_store+HindsightTag,True,3,21600.0,3024000.0,0.7,0.15,0.0,28800.0,0.1,1.0,0.35,0.125,0.0,0.125,1.0,0.25,8,8,4,,conv-41,ablation_54
vector_store,vector_store+HindsightTag,True,3,21600.0,3024000.0,0.7,0.3,0.0,28800.0,0.1,1.0,0.35,0.0,0.0,0.0,1.0,0.0,8,8,4,,conv-41,ablation_55
vector_store,vector_store+HindsightTag,True,3,21600.0,3024000.0,0.9,0.05,0.0,28800.0,0.1,1.0,0.35,0.125,0.0,0.125,1.0,0.25,8,8,4,,conv-41,ablation_56
vector_store,vector_store+HindsightTag,True,3,21600.0,3024000.0,0.9,0.15,0.0,28800.0,0.1,1.0,0.35,0.125,0.0,0.125,1.0,0.25,8,8,4,,conv-41,ablation_57
vector_store,vector_store+HindsightTag,True,3,21600.0,3024000.0,0.9,0.3,0.0,28800.0,0.1,1.0,0.35,0.0,0.0,0.0,1.0,0.0,8,8,4,,conv-41,ablation_58
vector_store,vector_store+HindsightTag,True,3,21600.0,6048000.0,0.5,0.05,0.0,7200.0,0.1,1.0,0.35,0.125,0.0,0.125,1.0,0.25,8,8,4,,conv-41,ablation_59
vector_store,vector_store+HindsightTag,True,3,21600.0,6048000.0,0.5,0.15,0.0,7200.0,0.1,1.0,0.35,0.125,0.0,0.125,1.0,0.25,8,8,4,,conv-41,ablation_60
vector_store,vector_store+HindsightTag,True,3,21600.0,6048000.0,0.5,0.3,0.0,7200.0,0.1,1.0,0.35,0.0,0.0,0.0,1.0,0.0,8,8,4,,conv-41,ablation_61
vector_store,vector_store+HindsightTag,True,3,21600.0,6048000.0,0.7,0.05,0.0,7200.0,0.1,1.0,0.35,0.125,0.0,0.125,1.0,0.25,8,8,4,,conv-41,ablation_62
vector_store,vector_store+HindsightTag,True,3,21600.0,6048000.0,0.7,0.15,0.0,7200.0,0.1,1.0,0.35,0.125,0.0,0.125,1.0,0.25,8,8,4,,conv-41,ablation_63
vector_store,vector_store+HindsightTag,True,3,21600.0,6048000.0,0.7,0.3,0.0,7200.0,0.1,1.0,0.35,0.0,0.0,0.0,1.0,0.0,8,8,4,,conv-41,ablation_64
vector_store,vector_store+HindsightTag,True,3,21600.0,6048000.0,0.9,0.05,0.0,7200.0,0.1,1.0,0.35,0.125,0.0,0.125,1.0,0.25,8,8,4,,conv-41,ablation_65
vector_store,vector_store+HindsightTag,True,3,21600.0,6048000.0,0.9,0.15,0.0,7200.0,0.1,1.0,0.35,0.125,0.0,0.125,1.0,0.25,8,8,4,,conv-41,ablation_66
vector_store,vector_store+HindsightTag,True,3,21600.0,6048000.0,0.9,0.3,0.0,7200.0,0.1,1.0,0.35,0.0,0.0,0.0,1.0,0.0,8,8,4,,conv-41,ablation_67
vector_store,vector_store+HindsightTag,True,3,21600.0,6048000.0,0.5,0.05,0.0,14400.0,0.1,1.0,0.35,0.125,0.0,0.125,1.0,0.25,8,8,4,,conv-41,ablation_68
vector_store,vector_store+HindsightTag,True,3,21600.0,6048000.0,0.5,0.15,0.0,14400.0,0.1,1.0,0.35,0.125,0.0,0.125,1.0,0.25,8,8,4,,conv-41,ablation_69
vector_store,vector_store+HindsightTag,True,3,21600.0,6048000.0,0.5,0.3,0.0,14400.0,0.1,1.0,0.35,0.0,0.0,0.0,1.0,0.0,8,8,4,,conv-41,ablation_70
vector_store,vector_store+HindsightTag,True,3,21600.0,6048000.0,0.7,0.05,0.0,14400.0,0.1,1.0,0.35,0.125,0.0,0.125,1.0,0.25,8,8,4,,conv-41,ablation_71
vector_store,vector_store+HindsightTag,True,3,21600.0,6048000.0,0.7,0.15,0.0,14400.0,0.1,1.0,0.35,0.125,0.0,0.125,1.0,0.25,8,8,4,,conv-41,ablation_72
vector_store,vector_store+HindsightTag,True,3,21600.0,6048000.0,0.7,0.3,0.0,14400.0,0.1,1.0,0.35,0.0,0.0,0.0,1.0,0.0,8,8,4,,conv-41,ablation_73
vector_store,vector_store+HindsightTag,True,3,21600.0,6048000.0,0.9,0.05,0.0,14400.0,0.1,1.0,0.35,0.125,0.0,0.125,1.0,0.25,8,8,4,,conv-41,ablation_74
vector_store,vector_store+HindsightTag,True,3,21600.0,6048000.0,0.9,0.15,0.0,14400.0,0.1,1.0,0.35,0.125,0.0,0.125,1.0,0.25,8,8,4,,conv-41,ablation_75
vector_store,vector_store+HindsightTag,True,3,21600.0,6048000.0,0.9,0.3,0.0,14400.0,0.1,1.0,0.35,0.0,0.0,0.0,1.0,0.0,8,8,4,,conv-41,ablation_76
vector_store,vector_store+HindsightTag,True,3,21600.0,6048000.0,0.5,0.05,0.0,28800.0,0.1,1.0,0.35,0.125,0.0,0.125,1.0,0.25,8,8,4,,conv-41,ablation_77
vector_store,vector_store+HindsightTag,True,3,21600.0,6048000.0,0.5,0.15,0.0,28800.0,0.1,1.0,0.35,0.125,0.0,0.125,1.0,0.25,8,8,4,,conv-41,ablation_78
vector_store,vector_store+HindsightTag,True,3,21600.0,6048000.0,0.5,0.3,0.0,28800.0,0.1,1.0,0.35,0.0,0.0,0.0,1.0,0.0,8,8,4,,conv-41,ablation_79
vector_store,vector_store+HindsightTag,True,3,21600.0,6048000.0,0.7,0.05,0.0,28800.0,0.1,1.0,0.35,0.125,0.0,0.125,1.0,0.25,8,8,4,,conv-41,ablation_80
vector_store,vector_store+HindsightTag,True,3,21600.0,6048000.0,0.7,0.15,0.0,28800.0,0.1,1.0,0.35,0.125,0.0,0.125,1.0,0.25,8,8,4,,conv-41,ablation_81
vector_store,vector_store+HindsightTag,True,3,21600.0,6048000.0,0.7,0.3,0.0,28800.0,0.1,1.0,0.35,0.0,0.0,0.0,1.0,0.0,8,8,4,,conv-41,ablation_82
vector_store,vector_store+HindsightTag,True,3,21600.0,6048000.0,0.9,0.05,0.0,28800.0,0.1,1.0,0.35,0.125,0.0,0.125,1.0,0.25,8,8,4,,conv-41,ablation_83
vector_store,vector_store+HindsightTag,True,3,21600.0,6048000.0,0.9,0.15,0.0,28800.0,0.1,1.0,0.35,0.125,0.0,0.125,1.0,0.25,8,8,4,,conv-41,ablation_84
vector_store,vector_store+HindsightTag,True,3,21600.0,6048000.0,0.9,0.3,0.0,28800.0,0.1,1.0,0.35,0.0,0.0,0.0,1.0,0.0,8,8,4,,conv-41,ablation_85
mem0,mem0,False,4,21600.0,3024000.0,0.7,0.1,0.0,14400.0,0.1,1.0,0.35,0.0,0.0,0.0,,0.0,8,8,0,True,conv-41,baseline
mem0,mem0+HindsightTag,True,4,21600.0,3024000.0,0.7,0.1,0.0,14400.0,0.1,1.0,0.35,0.0,0.0,0.0,1.0,0.0,8,8,4,True,conv-41,ablation_0
mem0,mem0+HindsightTag,True,4,21600.0,3024000.0,0.7,0.1,0.25,14400.0,0.1,1.0,0.35,0.0,0.0,0.0,1.0,0.0,8,8,4,True,conv-41,ablation_1
mem0,mem0+HindsightTag,True,4,21600.0,3024000.0,0.7,0.1,0.5,14400.0,0.1,1.0,0.35,0.0,0.0,0.0,1.0,0.0,8,8,4,True,conv-41,ablation_2
mem0,mem0+HindsightTag,True,4,21600.0,3024000.0,0.7,0.1,0.75,14400.0,0.1,1.0,0.35,0.0,0.0,0.0,1.0,0.0,8,8,4,True,conv-41,ablation_3
mem0,mem0+HindsightTag,True,4,21600.0,3024000.0,0.7,0.1,1.0,14400.0,0.1,1.0,0.35,0.0,0.0,0.0,1.0,0.0,8,8,4,True,conv-41,ablation_4
mem0,mem0+HindsightTag,True,4,21600.0,756000.0,0.5,0.05,0.0,7200.0,0.1,1.0,0.35,0.0,0.0,0.0,1.0,0.0,8,8,4,True,conv-41,ablation_5
mem0,mem0+HindsightTag,True,4,21600.0,756000.0,0.5,0.15,0.0,7200.0,0.1,1.0,0.35,0.0,0.0,0.0,1.0,0.0,8,8,4,True,conv-41,ablation_6
mem0,mem0+HindsightTag,True,4,21600.0,756000.0,0.5,0.3,0.0,7200.0,0.1,1.0,0.35,0.0,0.0,0.0,1.0,0.0,8,8,4,True,conv-41,ablation_7
mem0,mem0+HindsightTag,True,4,21600.0,756000.0,0.7,0.05,0.0,7200.0,0.1,1.0,0.35,0.0,0.0,0.0,1.0,0.0,8,8,4,True,conv-41,ablation_8
mem0,mem0+HindsightTag,True,4,21600.0,756000.0,0.7,0.15,0.0,7200.0,0.1,1.0,0.35,0.0,0.0,0.0,1.0,0.0,8,8,4,True,conv-41,ablation_9
mem0,mem0+HindsightTag,True,4,21600.0,756000.0,0.7,0.3,0.0,7200.0,0.1,1.0,0.35,0.0,0.0,0.0,1.0,0.0,8,8,4,True,conv-41,ablation_10
mem0,mem0+HindsightTag,True,4,21600.0,756000.0,0.9,0.05,0.0,7200.0,0.1,1.0,0.35,0.0,0.0,0.0,1.0,0.0,8,8,4,True,conv-41,ablation_11
mem0,mem0+HindsightTag,True,4,21600.0,756000.0,0.9,0.15,0.0,7200.0,0.1,1.0,0.35,0.0,0.0,0.0,1.0,0.0,8,8,4,True,conv-41,ablation_12
mem0,mem0+HindsightTag,True,4,21600.0,756000.0,0.9,0.3,0.0,7200.0,0.1,1.0,0.35,0.0,0.0,0.0,1.0,0.0,8,8,4,True,conv-41,ablation_13
mem0,mem0+HindsightTag,True,4,21600.0,756000.0,0.5,0.05,0.0,14400.0,0.1,1.0,0.35,0.0,0.0,0.0,1.0,0.0,8,8,4,True,conv-41,ablation_14
mem0,mem0+HindsightTag,True,4,21600.0,756000.0,0.5,0.15,0.0,14400.0,0.1,1.0,0.35,0.0,0.0,0.0,1.0,0.0,8,8,4,True,conv-41,ablation_15
mem0,mem0+HindsightTag,True,4,21600.0,756000.0,0.5,0.3,0.0,14400.0,0.1,1.0,0.35,0.0,0.0,0.0,1.0,0.0,8,8,4,True,conv-41,ablation_16
mem0,mem0+HindsightTag,True,4,21600.0,756000.0,0.7,0.05,0.0,14400.0,0.1,1.0,0.35,0.0,0.0,0.0,1.0,0.0,8,8,4,True,conv-41,ablation_17
mem0,mem0+HindsightTag,True,4,21600.0,756000.0,0.7,0.15,0.0,14400.0,0.1,1.0,0.35,0.0,0.0,0.0,1.0,0.0,8,8,4,True,conv-41,ablation_18
mem0,mem0+HindsightTag,True,4,21600.0,756000.0,0.7,0.3,0.0,14400.0,0.1,1.0,0.35,0.0,0.0,0.0,1.0,0.0,8,8,4,True,conv-41,ablation_19
mem0,mem0+HindsightTag,True,4,21600.0,756000.0,0.9,0.05,0.0,14400.0,0.1,1.0,0.35,0.0,0.0,0.0,1.0,0.0,8,8,4,True,conv-41,ablation_20
mem0,mem0+HindsightTag,True,4,21600.0,756000.0,0.9,0.15,0.0,14400.0,0.1,1.0,0.35,0.0,0.0,0.0,1.0,0.0,8,8,4,True,conv-41,ablation_21
mem0,mem0+HindsightTag,True,4,21600.0,756000.0,0.9,0.3,0.0,14400.0,0.1,1.0,0.35,0.0,0.0,0.0,1.0,0.0,8,8,4,True,conv-41,ablation_22
mem0,mem0+HindsightTag,True,4,21600.0,756000.0,0.5,0.05,0.0,28800.0,0.1,1.0,0.35,0.0,0.0,0.0,1.0,0.0,8,8,4,True,conv-41,ablation_23
mem0,mem0+HindsightTag,True,4,21600.0,756000.0,0.5,0.15,0.0,28800.0,0.1,1.0,0.35,0.0,0.0,0.0,1.0,0.0,8,8,4,True,conv-41,ablation_24
mem0,mem0+HindsightTag,True,4,21600.0,756000.0,0.5,0.3,0.0,28800.0,0.1,1.0,0.35,0.0,0.0,0.0,1.0,0.0,8,8,4,True,conv-41,ablation_25
mem0,mem0+HindsightTag,True,4,21600.0,756000.0,0.7,0.05,0.0,28800.0,0.1,1.0,0.35,0.0,0.0,0.0,1.0,0.0,8,8,4,True,conv-41,ablation_26
mem0,mem0+HindsightTag,True,4,21600.0,756000.0,0.7,0.15,0.0,28800.0,0.1,1.0,0.35,0.0,0.0,0.0,1.0,0.0,8,8,4,True,conv-41,ablation_27
mem0,mem0+HindsightTag,True,4,21600.0,756000.0,0.7,0.3,0.0,28800.0,0.1,1.0,0.35,0.0,0.0,0.0,1.0,0.0,8,8,4,True,conv-41,ablation_28
mem0,mem0+HindsightTag,True,4,21600.0,756000.0,0.9,0.05,0.0,28800.0,0.1,1.0,0.35,0.0,0.0,0.0,1.0,0.0,8,8,4,True,conv-41,ablation_29
mem0,mem0+HindsightTag,True,4,21600.0,756000.0,0.9,0.15,0.0,28800.0,0.1,1.0,0.35,0.0,0.0,0.0,1.0,0.0,8,8,4,True,conv-41,ablation_30
mem0,mem0+HindsightTag,True,4,21600.0,756000.0,0.9,0.3,0.0,28800.0,0.1,1.0,0.35,0.0,0.0,0.0,1.0,0.0,8,8,4,True,conv-41,ablation_31
mem0,mem0+HindsightTag,True,4,21600.0,3024000.0,0.5,0.05,0.0,7200.0,0.1,1.0,0.35,0.0,0.0,0.0,1.0,0.0,8,8,4,True,conv-41,ablation_32
mem0,mem0+HindsightTag,True,4,21600.0,3024000.0,0.5,0.15,0.0,7200.0,0.1,1.0,0.35,0.0,0.0,0.0,1.0,0.0,8,8,4,True,conv-41,ablation_33
mem0,mem0+HindsightTag,True,4,21600.0,3024000.0,0.5,0.3,0.0,7200.0,0.1,1.0,0.35,0.0,0.0,0.0,1.0,0.0,8,8,4,True,conv-41,ablation_34
mem0,mem0+HindsightTag,True,4,21600.0,3024000.0,0.7,0.05,0.0,7200.0,0.1,1.0,0.35,0.0,0.0,0.0,1.0,0.0,8,8,4,True,conv-41,ablation_35
mem0,mem0+HindsightTag,True,4,21600.0,3024000.0,0.7,0.15,0.0,7200.0,0.1,1.0,0.35,0.0,0.0,0.0,1.0,0.0,8,8,4,True,conv-41,ablation_36
mem0,mem0+HindsightTag,True,4,21600.0,3024000.0,0.7,0.3,0.0,7200.0,0.1,1.0,0.35,0.0,0.0,0.0,1.0,0.0,8,8,4,True,conv-41,ablation_37
mem0,mem0+HindsightTag,True,4,21600.0,3024000.0,0.9,0.05,0.0,7200.0,0.1,1.0,0.35,0.0,0.0,0.0,1.0,0.0,8,8,4,True,conv-41,ablation_38
mem0,mem0+HindsightTag,True,4,21600.0,3024000.0,0.9,0.15,0.0,7200.0,0.1,1.0,0.35,0.0,0.0,0.0,1.0,0.0,8,8,4,True,conv-41,ablation_39
mem0,mem0+HindsightTag,True,4,21600.0,3024000.0,0.9,0.3,0.0,7200.0,0.1,1.0,0.35,0.0,0.0,0.0,1.0,0.0,8,8,4,True,conv-41,ablation_40
mem0,mem0+HindsightTag,True,4,21600.0,3024000.0,0.5,0.05,0.0,14400.0,0.1,1.0,0.35,0.0,0.0,0.0,1.0,0.0,8,8,4,True,conv-41,ablation_41
mem0,mem0+HindsightTag,True,4,21600.0,3024000.0,0.5,0.15,0.0,14400.0,0.1,1.0,0.35,0.0,0.0,0.0,1.0,0.0,8,8,4,True,conv-41,ablation_42
mem0,mem0+HindsightTag,True,4,21600.0,3024000.0,0.5,0.3,0.0,14400.0,0.1,1.0,0.35,0.0,0.0,0.0,1.0,0.0,8,8,4,True,conv-41,ablation_43
mem0,mem0+HindsightTag,True,4,21600.0,3024000.0,0.7,0.05,0.0,14400.0,0.1,1.0,0.35,0.0,0.0,0.0,1.0,0.0,8,8,4,True,conv-41,ablation_44
mem0,mem0+HindsightTag,True,4,21600.0,3024000.0,0.7,0.15,0.0,14400.0,0.1,1.0,0.35,0.0,0.0,0.0,1.0,0.0,8,8,4,True,conv-41,ablation_45
mem0,mem0+HindsightTag,True,4,21600.0,3024000.0,0.7,0.3,0.0,14400.0,0.1,1.0,0.35,0.0,0.0,0.0,1.0,0.0,8,8,4,True,conv-41,ablation_46
mem0,mem0+HindsightTag,True,4,21600.0,3024000.0,0.9,0.05,0.0,14400.0,0.1,1.0,0.35,0.0,0.0,0.0,1.0,0.0,8,8,4,True,conv-41,ablation_47
mem0,mem0+HindsightTag,True,4,21600.0,3024000.0,0.9,0.15,0.0,14400.0,0.1,1.0,0.35,0.0,0.0,0.0,1.0,0.0,8,8,4,True,conv-41,ablation_48
mem0,mem0+HindsightTag,True,4,21600.0,3024000.0,0.9,0.3,0.0,14400.0,0.1,1.0,0.35,0.0,0.0,0.0,1.0,0.0,8,8,4,True,conv-41,ablation_49
mem0,mem0+HindsightTag,True,4,21600.0,3024000.0,0.5,0.05,0.0,28800.0,0.1,1.0,0.35,0.0,0.0,0.0,1.0,0.0,8,8,4,True,conv-41,ablation_50
mem0,mem0+HindsightTag,True,4,21600.0,3024000.0,0.5,0.15,0.0,28800.0,0.1,1.0,0.35,0.0,0.0,0.0,1.0,0.0,8,8,4,True,conv-41,ablation_51
mem0,mem0+HindsightTag,True,4,21600.0,3024000.0,0.5,0.3,0.0,28800.0,0.1,1.0,0.35,0.0,0.0,0.0,1.0,0.0,8,8,4,True,conv-41,ablation_52
mem0,mem0+HindsightTag,True,4,21600.0,3024000.0,0.7,0.05,0.0,28800.0,0.1,1.0,0.35,0.0,0.0,0.0,1.0,0.0,8,8,4,True,conv-41,ablation_53
mem0,mem0+HindsightTag,True,4,21600.0,3024000.0,0.7,0.15,0.0,28800.0,0.1,1.0,0.35,0.0,0.0,0.0,1.0,0.0,8,8,4,True,conv-41,ablation_54
mem0,mem0+HindsightTag,True,4,21600.0,3024000.0,0.7,0.3,0.0,28800.0,0.1,1.0,0.35,0.0,0.0,0.0,1.0,0.0,8,8,4,True,conv-41,ablation_55
mem0,mem0+HindsightTag,True,4,21600.0,3024000.0,0.9,0.05,0.0,28800.0,0.1,1.0,0.35,0.0,0.0,0.0,1.0,0.0,8,8,4,True,conv-41,ablation_56
mem0,mem0+HindsightTag,True,4,21600.0,3024000.0,0.9,0.15,0.0,28800.0,0.1,1.0,0.35,0.0,0.0,0.0,1.0,0.0,8,8,4,True,conv-41,ablation_57
mem0,mem0+HindsightTag,True,4,21600.0,3024000.0,0.9,0.3,0.0,28800.0,0.1,1.0,0.35,0.0,0.0,0.0,1.0,0.0,8,8,4,True,conv-41,ablation_58
mem0,mem0+HindsightTag,True,4,21600.0,6048000.0,0.5,0.05,0.0,7200.0,0.1,1.0,0.35,0.0,0.0,0.0,1.0,0.0,8,8,4,True,conv-41,ablation_59
mem0,mem0+HindsightTag,True,4,21600.0,6048000.0,0.5,0.15,0.0,7200.0,0.1,1.0,0.35,0.0,0.0,0.0,1.0,0.0,8,8,4,True,conv-41,ablation_60
mem0,mem0+HindsightTag,True,4,21600.0,6048000.0,0.5,0.3,0.0,7200.0,0.1,1.0,0.35,0.0,0.0,0.0,1.0,0.0,8,8,4,True,conv-41,ablation_61
mem0,mem0+HindsightTag,True,4,21600.0,6048000.0,0.7,0.05,0.0,7200.0,0.1,1.0,0.35,0.0,0.0,0.0,1.0,0.0,8,8,4,True,conv-41,ablation_62
mem0,mem0+HindsightTag,True,4,21600.0,6048000.0,0.7,0.15,0.0,7200.0,0.1,1.0,0.35,0.0,0.0,0.0,1.0,0.0,8,8,4,True,conv-41,ablation_63
mem0,mem0+HindsightTag,True,4,21600.0,6048000.0,0.7,0.3,0.0,7200.0,0.1,1.0,0.35,0.0,0.0,0.0,1.0,0.0,8,8,4,True,conv-41,ablation_64
mem0,mem0+HindsightTag,True,4,21600.0,6048000.0,0.9,0.05,0.0,7200.0,0.1,1.0,0.35,0.0,0.0,0.0,1.0,0.0,8,8,4,True,conv-41,ablation_65
mem0,mem0+HindsightTag,True,4,21600.0,6048000.0,0.9,0.15,0.0,7200.0,0.1,1.0,0.35,0.0,0.0,0.0,1.0,0.0,8,8,4,True,conv-41,ablation_66
mem0,mem0+HindsightTag,True,4,21600.0,6048000.0,0.9,0.3,0.0,7200.0,0.1,1.0,0.35,0.0,0.0,0.0,1.0,0.0,8,8,4,True,conv-41,ablation_67
mem0,mem0+HindsightTag,True,4,21600.0,6048000.0,0.5,0.05,0.0,14400.0,0.1,1.0,0.35,0.0,0.0,0.0,1.0,0.0,8,8,4,True,conv-41,ablation_68
mem0,mem0+HindsightTag,True,4,21600.0,6048000.0,0.5,0.15,0.0,14400.0,0.1,1.0,0.35,0.0,0.0,0.0,1.0,0.0,8,8,4,True,conv-41,ablation_69
mem0,mem0+HindsightTag,True,4,21600.0,6048000.0,0.5,0.3,0.0,14400.0,0.1,1.0,0.35,0.0,0.0,0.0,1.0,0.0,8,8,4,True,conv-41,ablation_70
mem0,mem0+HindsightTag,True,4,21600.0,6048000.0,0.7,0.05,0.0,14400.0,0.1,1.0,0.35,0.0,0.0,0.0,1.0,0.0,8,8,4,True,conv-41,ablation_71
mem0,mem0+HindsightTag,True,4,21600.0,6048000.0,0.7,0.15,0.0,14400.0,0.1,1.0,0.35,0.0,0.0,0.0,1.0,0.0,8,8,4,True,conv-41,ablation_72
mem0,mem0+HindsightTag,True,4,21600.0,6048000.0,0.7,0.3,0.0,14400.0,0.1,1.0,0.35,0.0,0.0,0.0,1.0,0.0,8,8,4,True,conv-41,ablation_73
mem0,mem0+HindsightTag,True,4,21600.0,6048000.0,0.9,0.05,0.0,14400.0,0.1,1.0,0.35,0.0,0.0,0.0,1.0,0.0,8,8,4,True,conv-41,ablation_74
mem0,mem0+HindsightTag,True,4,21600.0,6048000.0,0.9,0.15,0.0,14400.0,0.1,1.0,0.35,0.0,0.0,0.0,1.0,0.0,8,8,4,True,conv-41,ablation_75
mem0,mem0+HindsightTag,True,4,21600.0,6048000.0,0.9,0.3,0.0,14400.0,0.1,1.0,0.35,0.0,0.0,0.0,1.0,0.0,8,8,4,True,conv-41,ablation_76
mem0,mem0+HindsightTag,True,4,21600.0,6048000.0,0.5,0.05,0.0,28800.0,0.1,1.0,0.35,0.0,0.0,0.0,1.0,0.0,8,8,4,True,conv-41,ablation_77
mem0,mem0+HindsightTag,True,4,21600.0,6048000.0,0.5,0.15,0.0,28800.0,0.1,1.0,0.35,0.0,0.0,0.0,1.0,0.0,8,8,4,True,conv-41,ablation_78
mem0,mem0+HindsightTag,True,4,21600.0,6048000.0,0.5,0.3,0.0,28800.0,0.1,1.0,0.35,0.0,0.0,0.0,1.0,0.0,8,8,4,True,conv-41,ablation_79
mem0,mem0+HindsightTag,True,4,21600.0,6048000.0,0.7,0.05,0.0,28800.0,0.1,1.0,0.35,0.0,0.0,0.0,1.0,0.0,8,8,4,True,conv-41,ablation_80
mem0,mem0+HindsightTag,True,4,21600.0,6048000.0,0.7,0.15,0.0,28800.0,0.1,1.0,0.35,0.0,0.0,0.0,1.0,0.0,8,8,4,True,conv-41,ablation_81
mem0,mem0+HindsightTag,True,4,21600.0,6048000.0,0.7,0.3,0.0,28800.0,0.1,1.0,0.35,0.0,0.0,0.0,1.0,0.0,8,8,4,True,conv-41,ablation_82
mem0,mem0+HindsightTag,True,4,21600.0,6048000.0,0.9,0.05,0.0,28800.0,0.1,1.0,0.35,0.0,0.0,0.0,1.0,0.0,8,8,4,True,conv-41,ablation_83
mem0,mem0+HindsightTag,True,4,21600.0,6048000.0,0.9,0.15,0.0,28800.0,0.1,1.0,0.35,0.0,0.0,0.0,1.0,0.0,8,8,4,True,conv-41,ablation_84
mem0,mem0+HindsightTag,True,4,21600.0,6048000.0,0.9,0.3,0.0,28800.0,0.1,1.0,0.35,0.0,0.0,0.0,1.0,0.0,8,8,4,True,conv-41,ablation_85
vector_store,vector_store,False,4,21600.0,3024000.0,0.7,0.1,0.0,14400.0,0.1,1.0,0.35,0.0,0.0,0.0,,0.0,8,8,0,,conv-41,baseline
vector_store,vector_store+HindsightTag,True,4,21600.0,3024000.0,0.7,0.1,0.0,14400.0,0.1,1.0,0.35,0.25,0.0,0.25,1.0,0.25,8,8,4,,conv-41,ablation_0
vector_store,vector_store+HindsightTag,True,4,21600.0,3024000.0,0.7,0.1,0.25,14400.0,0.1,1.0,0.35,0.25,0.0,0.25,1.0,0.25,8,8,4,,conv-41,ablation_1
vector_store,vector_store+HindsightTag,True,4,21600.0,3024000.0,0.7,0.1,0.5,14400.0,0.1,1.0,0.35,0.25,0.0,0.25,1.0,0.25,8,8,4,,conv-41,ablation_2
vector_store,vector_store+HindsightTag,True,4,21600.0,3024000.0,0.7,0.1,0.75,14400.0,0.1,1.0,0.35,0.25,0.0,0.25,1.0,0.25,8,8,4,,conv-41,ablation_3
vector_store,vector_store+HindsightTag,True,4,21600.0,3024000.0,0.7,0.1,1.0,14400.0,0.1,1.0,0.35,0.25,0.0,0.25,1.0,0.0,8,8,4,,conv-41,ablation_4
vector_store,vector_store+HindsightTag,True,4,21600.0,756000.0,0.5,0.05,0.0,7200.0,0.1,1.0,0.35,0.25,0.0,0.25,1.0,0.25,8,8,4,,conv-41,ablation_5
vector_store,vector_store+HindsightTag,True,4,21600.0,756000.0,0.5,0.15,0.0,7200.0,0.1,1.0,0.35,0.25,0.0,0.25,1.0,0.25,8,8,4,,conv-41,ablation_6
vector_store,vector_store+HindsightTag,True,4,21600.0,756000.0,0.5,0.3,0.0,7200.0,0.1,1.0,0.35,0.0,0.0,0.0,1.0,0.0,8,8,4,,conv-41,ablation_7
vector_store,vector_store+HindsightTag,True,4,21600.0,756000.0,0.7,0.05,0.0,7200.0,0.1,1.0,0.35,0.25,0.0,0.25,1.0,0.25,8,8,4,,conv-41,ablation_8
vector_store,vector_store+HindsightTag,True,4,21600.0,756000.0,0.7,0.15,0.0,7200.0,0.1,1.0,0.35,0.25,0.0,0.25,1.0,0.25,8,8,4,,conv-41,ablation_9
vector_store,vector_store+HindsightTag,True,4,21600.0,756000.0,0.7,0.3,0.0,7200.0,0.1,1.0,0.35,0.0,0.0,0.0,1.0,0.0,8,8,4,,conv-41,ablation_10
vector_store,vector_store+HindsightTag,True,4,21600.0,756000.0,0.9,0.05,0.0,7200.0,0.1,1.0,0.35,0.25,0.0,0.25,1.0,0.25,8,8,4,,conv-41,ablation_11
vector_store,vector_store+HindsightTag,True,4,21600.0,756000.0,0.9,0.15,0.0,7200.0,0.1,1.0,0.35,0.25,0.0,0.25,1.0,0.25,8,8,4,,conv-41,ablation_12
vector_store,vector_store+HindsightTag,True,4,21600.0,756000.0,0.9,0.3,0.0,7200.0,0.1,1.0,0.35,0.0,0.0,0.0,1.0,0.0,8,8,4,,conv-41,ablation_13
vector_store,vector_store+HindsightTag,True,4,21600.0,756000.0,0.5,0.05,0.0,14400.0,0.1,1.0,0.35,0.25,0.0,0.25,1.0,0.25,8,8,4,,conv-41,ablation_14
vector_store,vector_store+HindsightTag,True,4,21600.0,756000.0,0.5,0.15,0.0,14400.0,0.1,1.0,0.35,0.25,0.0,0.25,1.0,0.25,8,8,4,,conv-41,ablation_15
vector_store,vector_store+HindsightTag,True,4,21600.0,756000.0,0.5,0.3,0.0,14400.0,0.1,1.0,0.35,0.0,0.0,0.0,1.0,0.0,8,8,4,,conv-41,ablation_16
vector_store,vector_store+HindsightTag,True,4,21600.0,756000.0,0.7,0.05,0.0,14400.0,0.1,1.0,0.35,0.25,0.0,0.25,1.0,0.25,8,8,4,,conv-41,ablation_17
vector_store,vector_store+HindsightTag,True,4,21600.0,756000.0,0.7,0.15,0.0,14400.0,0.1,1.0,0.35,0.25,0.0,0.25,1.0,0.25,8,8,4,,conv-41,ablation_18
vector_store,vector_store+HindsightTag,True,4,21600.0,756000.0,0.7,0.3,0.0,14400.0,0.1,1.0,0.35,0.0,0.0,0.0,1.0,0.0,8,8,4,,conv-41,ablation_19
vector_store,vector_store+HindsightTag,True,4,21600.0,756000.0,0.9,0.05,0.0,14400.0,0.1,1.0,0.35,0.25,0.0,0.25,1.0,0.25,8,8,4,,conv-41,ablation_20
vector_store,vector_store+HindsightTag,True,4,21600.0,756000.0,0.9,0.15,0.0,14400.0,0.1,1.0,0.35,0.25,0.0,0.25,1.0,0.25,8,8,4,,conv-41,ablation_21
vector_store,vector_store+HindsightTag,True,4,21600.0,756000.0,0.9,0.3,0.0,14400.0,0.1,1.0,0.35,0.0,0.0,0.0,1.0,0.0,8,8,4,,conv-41,ablation_22
vector_store,vector_store+HindsightTag,True,4,21600.0,756000.0,0.5,0.05,0.0,28800.0,0.1,1.0,0.35,0.25,0.0,0.25,1.0,0.25,8,8,4,,conv-41,ablation_23
vector_store,vector_store+HindsightTag,True,4,21600.0,756000.0,0.5,0.15,0.0,28800.0,0.1,1.0,0.35,0.25,0.0,0.25,1.0,0.25,8,8,4,,conv-41,ablation_24
vector_store,vector_store+HindsightTag,True,4,21600.0,756000.0,0.5,0.3,0.0,28800.0,0.1,1.0,0.35,0.0,0.0,0.0,1.0,0.0,8,8,4,,conv-41,ablation_25
vector_store,vector_store+HindsightTag,True,4,21600.0,756000.0,0.7,0.05,0.0,28800.0,0.1,1.0,0.35,0.25,0.0,0.25,1.0,0.25,8,8,4,,conv-41,ablation_26
vector_store,vector_store+HindsightTag,True,4,21600.0,756000.0,0.7,0.15,0.0,28800.0,0.1,1.0,0.35,0.25,0.0,0.25,1.0,0.25,8,8,4,,conv-41,ablation_27
vector_store,vector_store+HindsightTag,True,4,21600.0,756000.0,0.7,0.3,0.0,28800.0,0.1,1.0,0.35,0.0,0.0,0.0,1.0,0.0,8,8,4,,conv-41,ablation_28
vector_store,vector_store+HindsightTag,True,4,21600.0,756000.0,0.9,0.05,0.0,28800.0,0.1,1.0,0.35,0.25,0.0,0.25,1.0,0.25,8,8,4,,conv-41,ablation_29
vector_store,vector_store+HindsightTag,True,4,21600.0,756000.0,0.9,0.15,0.0,28800.0,0.1,1.0,0.35,0.25,0.0,0.25,1.0,0.25,8,8,4,,conv-41,ablation_30
vector_store,vector_store+HindsightTag,True,4,21600.0,756000.0,0.9,0.3,0.0,28800.0,0.1,1.0,0.35,0.0,0.0,0.0,1.0,0.0,8,8,4,,conv-41,ablation_31
vector_store,vector_store+HindsightTag,True,4,21600.0,3024000.0,0.5,0.05,0.0,7200.0,0.1,1.0,0.35,0.25,0.0,0.25,1.0,0.25,8,8,4,,conv-41,ablation_32
vector_store,vector_store+HindsightTag,True,4,21600.0,3024000.0,0.5,0.15,0.0,7200.0,0.1,1.0,0.35,0.25,0.0,0.25,1.0,0.25,8,8,4,,conv-41,ablation_33
vector_store,vector_store+HindsightTag,True,4,21600.0,3024000.0,0.5,0.3,0.0,7200.0,0.1,1.0,0.35,0.0,0.0,0.0,1.0,0.0,8,8,4,,conv-41,ablation_34
vector_store,vector_store+HindsightTag,True,4,21600.0,3024000.0,0.7,0.05,0.0,7200.0,0.1,1.0,0.35,0.25,0.0,0.25,1.0,0.25,8,8,4,,conv-41,ablation_35
vector_store,vector_store+HindsightTag,True,4,21600.0,3024000.0,0.7,0.15,0.0,7200.0,0.1,1.0,0.35,0.25,0.0,0.25,1.0,0.25,8,8,4,,conv-41,ablation_36
vector_store,vector_store+HindsightTag,True,4,21600.0,3024000.0,0.7,0.3,0.0,7200.0,0.1,1.0,0.35,0.0,0.0,0.0,1.0,0.0,8,8,4,,conv-41,ablation_37
vector_store,vector_store+HindsightTag,True,4,21600.0,3024000.0,0.9,0.05,0.0,7200.0,0.1,1.0,0.35,0.25,0.0,0.25,1.0,0.25,8,8,4,,conv-41,ablation_38
vector_store,vector_store+HindsightTag,True,4,21600.0,3024000.0,0.9,0.15,0.0,7200.0,0.1,1.0,0.35,0.25,0.0,0.25,1.0,0.25,8,8,4,,conv-41,ablation_39
vector_store,vector_store+HindsightTag,True,4,21600.0,3024000.0,0.9,0.3,0.0,7200.0,0.1,1.0,0.35,0.0,0.0,0.0,1.0,0.0,8,8,4,,conv-41,ablation_40
vector_store,vector_store+HindsightTag,True,4,21600.0,3024000.0,0.5,0.05,0.0,14400.0,0.1,1.0,0.35,0.25,0.0,0.25,1.0,0.25,8,8,4,,conv-41,ablation_41
vector_store,vector_store+HindsightTag,True,4,21600.0,3024000.0,0.5,0.15,0.0,14400.0,0.1,1.0,0.35,0.25,0.0,0.25,1.0,0.25,8,8,4,,conv-41,ablation_42
vector_store,vector_store+HindsightTag,True,4,21600.0,3024000.0,0.5,0.3,0.0,14400.0,0.1,1.0,0.35,0.0,0.0,0.0,1.0,0.0,8,8,4,,conv-41,ablation_43
vector_store,vector_store+HindsightTag,True,4,21600.0,3024000.0,0.7,0.05,0.0,14400.0,0.1,1.0,0.35,0.25,0.0,0.25,1.0,0.25,8,8,4,,conv-41,ablation_44
vector_store,vector_store+HindsightTag,True,4,21600.0,3024000.0,0.7,0.15,0.0,14400.0,0.1,1.0,0.35,0.25,0.0,0.25,1.0,0.25,8,8,4,,conv-41,ablation_45
vector_store,vector_store+HindsightTag,True,4,21600.0,3024000.0,0.7,0.3,0.0,14400.0,0.1,1.0,0.35,0.0,0.0,0.0,1.0,0.0,8,8,4,,conv-41,ablation_46
vector_store,vector_store+HindsightTag,True,4,21600.0,3024000.0,0.9,0.05,0.0,14400.0,0.1,1.0,0.35,0.25,0.0,0.25,1.0,0.25,8,8,4,,conv-41,ablation_47
vector_store,vector_store+HindsightTag,True,4,21600.0,3024000.0,0.9,0.15,0.0,14400.0,0.1,1.0,0.35,0.25,0.0,0.25,1.0,0.25,8,8,4,,conv-41,ablation_48
vector_store,vector_store+HindsightTag,True,4,21600.0,3024000.0,0.9,0.3,0.0,14400.0,0.1,1.0,0.35,0.0,0.0,0.0,1.0,0.0,8,8,4,,conv-41,ablation_49
vector_store,vector_store+HindsightTag,True,4,21600.0,3024000.0,0.5,0.05,0.0,28800.0,0.1,1.0,0.35,0.25,0.0,0.25,1.0,0.25,8,8,4,,conv-41,ablation_50
vector_store,vector_store+HindsightTag,True,4,21600.0,3024000.0,0.5,0.15,0.0,28800.0,0.1,1.0,0.35,0.25,0.0,0.25,1.0,0.25,8,8,4,,conv-41,ablation_51
vector_store,vector_store+HindsightTag,True,4,21600.0,3024000.0,0.5,0.3,0.0,28800.0,0.1,1.0,0.35,0.0,0.0,0.0,1.0,0.0,8,8,4,,conv-41,ablation_52
vector_store,vector_store+HindsightTag,True,4,21600.0,3024000.0,0.7,0.05,0.0,28800.0,0.1,1.0,0.35,0.25,0.0,0.25,1.0,0.25,8,8,4,,conv-41,ablation_53
vector_store,vector_store+HindsightTag,True,4,21600.0,3024000.0,0.7,0.15,0.0,28800.0,0.1,1.0,0.35,0.25,0.0,0.25,1.0,0.25,8,8,4,,conv-41,ablation_54
vector_store,vector_store+HindsightTag,True,4,21600.0,3024000.0,0.7,0.3,0.0,28800.0,0.1,1.0,0.35,0.0,0.0,0.0,1.0,0.0,8,8,4,,conv-41,ablation_55
vector_store,vector_store+HindsightTag,True,4,21600.0,3024000.0,0.9,0.05,0.0,28800.0,0.1,1.0,0.35,0.25,0.0,0.25,1.0,0.25,8,8,4,,conv-41,ablation_56
vector_store,vector_store+HindsightTag,True,4,21600.0,3024000.0,0.9,0.15,0.0,28800.0,0.1,1.0,0.35,0.25,0.0,0.25,1.0,0.25,8,8,4,,conv-41,ablation_57
vector_store,vector_store+HindsightTag,True,4,21600.0,3024000.0,0.9,0.3,0.0,28800.0,0.1,1.0,0.35,0.0,0.0,0.0,1.0,0.0,8,8,4,,conv-41,ablation_58
vector_store,vector_store+HindsightTag,True,4,21600.0,6048000.0,0.5,0.05,0.0,7200.0,0.1,1.0,0.35,0.25,0.0,0.25,1.0,0.25,8,8,4,,conv-41,ablation_59
vector_store,vector_store+HindsightTag,True,4,21600.0,6048000.0,0.5,0.15,0.0,7200.0,0.1,1.0,0.35,0.25,0.0,0.25,1.0,0.25,8,8,4,,conv-41,ablation_60
vector_store,vector_store+HindsightTag,True,4,21600.0,6048000.0,0.5,0.3,0.0,7200.0,0.1,1.0,0.35,0.0,0.0,0.0,1.0,0.0,8,8,4,,conv-41,ablation_61
vector_store,vector_store+HindsightTag,True,4,21600.0,6048000.0,0.7,0.05,0.0,7200.0,0.1,1.0,0.35,0.25,0.0,0.25,1.0,0.25,8,8,4,,conv-41,ablation_62
vector_store,vector_store+HindsightTag,True,4,21600.0,6048000.0,0.7,0.15,0.0,7200.0,0.1,1.0,0.35,0.25,0.0,0.25,1.0,0.25,8,8,4,,conv-41,ablation_63
vector_store,vector_store+HindsightTag,True,4,21600.0,6048000.0,0.7,0.3,0.0,7200.0,0.1,1.0,0.35,0.0,0.0,0.0,1.0,0.0,8,8,4,,conv-41,ablation_64
vector_store,vector_store+HindsightTag,True,4,21600.0,6048000.0,0.9,0.05,0.0,7200.0,0.1,1.0,0.35,0.25,0.0,0.25,1.0,0.25,8,8,4,,conv-41,ablation_65
vector_store,vector_store+HindsightTag,True,4,21600.0,6048000.0,0.9,0.15,0.0,7200.0,0.1,1.0,0.35,0.25,0.0,0.25,1.0,0.25,8,8,4,,conv-41,ablation_66
vector_store,vector_store+HindsightTag,True,4,21600.0,6048000.0,0.9,0.3,0.0,7200.0,0.1,1.0,0.35,0.0,0.0,0.0,1.0,0.0,8,8,4,,conv-41,ablation_67
vector_store,vector_store+HindsightTag,True,4,21600.0,6048000.0,0.5,0.05,0.0,14400.0,0.1,1.0,0.35,0.25,0.0,0.25,1.0,0.25,8,8,4,,conv-41,ablation_68
vector_store,vector_store+HindsightTag,True,4,21600.0,6048000.0,0.5,0.15,0.0,14400.0,0.1,1.0,0.35,0.25,0.0,0.25,1.0,0.25,8,8,4,,conv-41,ablation_69
vector_store,vector_store+HindsightTag,True,4,21600.0,6048000.0,0.5,0.3,0.0,14400.0,0.1,1.0,0.35,0.0,0.0,0.0,1.0,0.0,8,8,4,,conv-41,ablation_70
vector_store,vector_store+HindsightTag,True,4,21600.0,6048000.0,0.7,0.05,0.0,14400.0,0.1,1.0,0.35,0.25,0.0,0.25,1.0,0.25,8,8,4,,conv-41,ablation_71
vector_store,vector_store+HindsightTag,True,4,21600.0,6048000.0,0.7,0.15,0.0,14400.0,0.1,1.0,0.35,0.25,0.0,0.25,1.0,0.25,8,8,4,,conv-41,ablation_72
vector_store,vector_store+HindsightTag,True,4,21600.0,6048000.0,0.7,0.3,0.0,14400.0,0.1,1.0,0.35,0.0,0.0,0.0,1.0,0.0,8,8,4,,conv-41,ablation_73
vector_store,vector_store+HindsightTag,True,4,21600.0,6048000.0,0.9,0.05,0.0,14400.0,0.1,1.0,0.35,0.25,0.0,0.25,1.0,0.25,8,8,4,,conv-41,ablation_74
vector_store,vector_store+HindsightTag,True,4,21600.0,6048000.0,0.9,0.15,0.0,14400.0,0.1,1.0,0.35,0.25,0.0,0.25,1.0,0.25,8,8,4,,conv-41,ablation_75
vector_store,vector_store+HindsightTag,True,4,21600.0,6048000.0,0.9,0.3,0.0,14400.0,0.1,1.0,0.35,0.0,0.0,0.0,1.0,0.0,8,8,4,,conv-41,ablation_76
vector_store,vector_store+HindsightTag,True,4,21600.0,6048000.0,0.5,0.05,0.0,28800.0,0.1,1.0,0.35,0.25,0.0,0.25,1.0,0.25,8,8,4,,conv-41,ablation_77
vector_store,vector_store+HindsightTag,True,4,21600.0,6048000.0,0.5,0.15,0.0,28800.0,0.1,1.0,0.35,0.25,0.0,0.25,1.0,0.25,8,8,4,,conv-41,ablation_78
vector_store,vector_store+HindsightTag,True,4,21600.0,6048000.0,0.5,0.3,0.0,28800.0,0.1,1.0,0.35,0.0,0.0,0.0,1.0,0.0,8,8,4,,conv-41,ablation_79
vector_store,vector_store+HindsightTag,True,4,21600.0,6048000.0,0.7,0.05,0.0,28800.0,0.1,1.0,0.35,0.25,0.0,0.25,1.0,0.25,8,8,4,,conv-41,ablation_80
vector_store,vector_store+HindsightTag,True,4,21600.0,6048000.0,0.7,0.15,0.0,28800.0,0.1,1.0,0.35,0.25,0.0,0.25,1.0,0.25,8,8,4,,conv-41,ablation_81
vector_store,vector_store+HindsightTag,True,4,21600.0,6048000.0,0.7,0.3,0.0,28800.0,0.1,1.0,0.35,0.0,0.0,0.0,1.0,0.0,8,8,4,,conv-41,ablation_82
vector_store,vector_store+HindsightTag,True,4,21600.0,6048000.0,0.9,0.05,0.0,28800.0,0.1,1.0,0.35,0.25,0.0,0.25,1.0,0.25,8,8,4,,conv-41,ablation_83
vector_store,vector_store+HindsightTag,True,4,21600.0,6048000.0,0.9,0.15,0.0,28800.0,0.1,1.0,0.35,0.25,0.0,0.25,1.0,0.25,8,8,4,,conv-41,ablation_84
vector_store,vector_store+HindsightTag,True,4,21600.0,6048000.0,0.9,0.3,0.0,28800.0,0.1,1.0,0.35,0.0,0.0,0.0,1.0,0.0,8,8,4,,conv-41,ablation_85
