host,method,use_hindsighttag,seed,T_tag,W_capture,theta_capture,theta_rescue,omega_assoc,E_window,theta_link,delta_rescue,rescue_recall,false_rescue_rate,retention_lift,coallocation_recall_at_k,heterosynaptic_recall,n_rescued_precursor,n_false_rescue,n_coalloc,mem0_library_available,rescue_recall__1_hour,rescue_recall__1_day,rescue_recall__1_week,rescue_recall__1_month,false_rescue_rate__1_hour,false_rescue_rate__1_day,false_rescue_rate__1_week,false_rescue_rate__1_month,retention_lift__1_hour,retention_lift__1_day,retention_lift__1_week,retention_lift__1_month,coallocation_recall_at_k__1_hour,coallocation_recall_at_k__1_day,coallocation_recall_at_k__1_week,coallocation_recall_at_k__1_month,conversation,stream,config_id
mem0,mem0,False,0,21600.0,3024000.0,0.7,0.1,0.0,14400.0,0.1,1.0,0.0,0.0,0.0,,0.0,8,8,0,True,0.0,0.0,0.0,0.0,0.0,0.0,0.0,0.0,0.0,0.0,0.0,0.0,,,,,conv-26,locomo,baseline
mem0,mem0+HindsightTag,True,0,21600.0,3024000.0,0.7,0.1,0.0,14400.0,0.1,1.0,0.0,0.0,0.0,0.25,0.125,8,8,16,True,0.0,0.0,0.0,0.0,0.0,0.0,0.0,0.0,0.0,0.0,0.0,0.0,1.0,0.0,0.0,0.0,conv-26,locomo,ablation_0
vector_store,vector_store,False,0,21600.0,3024000.0,0.7,0.1,0.0,14400.0,0.1,1.0,0.75,1.0,-0.25,,0.625,8,8,0,,0.5,0.5,1.0,1.0,1.0,1.0,1.0,1.0,-0.5,-0.5,0.0,0.0,,,,,conv-26,locomo,baseline
vector_store,vector_store+HindsightTag,True,0,21600.0,3024000.0,0.7,0.1,0.0,14400.0,0.1,1.0,0.75,1.0,-0.25,0.25,0.625,8,8,16,,0.5,0.5,1.0,1.0,1.0,1.0,1.0,1.0,-0.5,-0.5,0.0,0.0,1.0,0.0,0.0,0.0,conv-26,locomo,ablation_0
mem0,mem0,False,1,21600.0,3024000.0,0.7,0.1,0.0,14400.0,0.1,1.0,0.0,0.0,0.0,,0.0,8,8,0,True,0.0,0.0,0.0,0.0,0.0,0.0,0.0,0.0,0.0,0.0,0.0,0.0,,,,,conv-26,locomo,baseline
mem0,mem0+HindsightTag,True,1,21600.0,3024000.0,0.7,0.1,0.0,14400.0,0.1,1.0,0.0,0.0,0.0,0.25,0.0,8,8,16,True,0.0,0.0,0.0,0.0,0.0,0.0,0.0,0.0,0.0,0.0,0.0,0.0,1.0,0.0,0.0,0.0,conv-26,locomo,ablation_0
vector_store,vector_store,False,1,21600.0,3024000.0,0.7,0.1,0.0,14400.0,0.1,1.0,0.875,0.75,0.125,,0.375,8,8,0,,0.5,1.0,1.0,1.0,0.5,1.0,0.5,1.0,0.0,0.0,0.5,0.0,,,,,conv-26,locomo,baseline
vector_store,vector_store+HindsightTag,True,1,21600.0,3024000.0,0.7,0.1,0.0,14400.0,0.1,1.0,0.875,0.75,0.125,0.25,0.375,8,8,16,,0.5,1.0,1.0,1.0,0.5,1.0,0.5,1.0,0.0,0.0,0.5,0.0,1.0,0.0,0.0,0.0,conv-26,locomo,ablation_0
mem0,mem0,False,2,21600.0,3024000.0,0.7,0.1,0.0,14400.0,0.1,1.0,0.0,0.0,0.0,,0.0,8,8,0,True,0.0,0.0,0.0,0.0,0.0,0.0,0.0,0.0,0.0,0.0,0.0,0.0,,,,,conv-26,locomo,baseline
mem0,mem0+HindsightTag,True,2,21600.0,3024000.0,0.7,0.1,0.0,14400.0,0.1,1.0,0.125,0.0,0.125,0.25,0.0,8,8,16,True,0.5,0.0,0.0,0.0,0.0,0.0,0.0,0.0,0.5,0.0,0.0,0.0,1.0,0.0,0.0,0.0,conv-26,locomo,ablation_0
vector_store,vector_store,False,2,21600.0,3024000.0,0.7,0.1,0.0,14400.0,0.1,1.0,0.875,1.0,-0.125,,0.75,8,8,0,,0.5,1.0,1.0,1.0,1.0,1.0,1.0,1.0,-0.5,0.0,0.0,0.0,,,,,conv-26,locomo,baseline
vector_store,vector_store+HindsightTag,True,2,21600.0,3024000.0,0.7,0.1,0.0,14400.0,0.1,1.0,0.875,1.0,-0.125,0.25,0.75,8,8,16,,0.5,1.0,1.0,1.0,1.0,1.0,1.0,1.0,-0.5,0.0,0.0,0.0,1.0,0.0,0.0,0.0,conv-26,locomo,ablation_0
mem0,mem0,False,3,21600.0,3024000.0,0.7,0.1,0.0,14400.0,0.1,1.0,0.0,0.0,0.0,,0.0,8,8,0,True,0.0,0.0,0.0,0.0,0.0,0.0,0.0,0.0,0.0,0.0,0.0,0.0,,,,,conv-26,locomo,baseline
mem0,mem0+HindsightTag,True,3,21600.0,3024000.0,0.7,0.1,0.0,14400.0,0.1,1.0,0.125,0.0,0.125,0.25,0.0,8,8,16,True,0.5,0.0,0.0,0.0,0.0,0.0,0.0,0.0,0.5,0.0,0.0,0.0,1.0,0.0,0.0,0.0,conv-26,locomo,ablation_0
vector_store,vector_store,False,3,21600.0,3024000.0,0.7,0.1,0.0,14400.0,0.1,1.0,1.0,0.875,0.125,,0.875,8,8,0,,1.0,1.0,1.0,1.0,0.5,1.0,1.0,1.0,0.5,0.0,0.0,0.0,,,,,conv-26,locomo,baseline
vector_store,vector_store+HindsightTag,True,3,21600.0,3024000.0,0.7,0.1,0.0,14400.0,0.1,1.0,1.0,0.875,0.125,0.25,0.875,8,8,16,,1.0,1.0,1.0,1.0,0.5,1.0,1.0,1.0,0.5,0.0,0.0,0.0,1.0,0.0,0.0,0.0,conv-26,locomo,ablation_0
mem0,mem0,False,4,21600.0,3024000.0,0.7,0.1,0.0,14400.0,0.1,1.0,0.0,0.0,0.0,,0.0,8,8,0,True,0.0,0.0,0.0,0.0,0.0,0.0,0.0,0.0,0.0,0.0,0.0,0.0,,,,,conv-26,locomo,baseline
mem0,mem0+HindsightTag,True,4,21600.0,3024000.0,0.7,0.1,0.0,14400.0,0.1,1.0,0.0,0.0,0.0,0.25,0.125,8,8,16,True,0.0,0.0,0.0,0.0,0.0,0.0,0.0,0.0,0.0,0.0,0.0,0.0,1.0,0.0,0.0,0.0,conv-26,locomo,ablation_0
vector_store,vector_store,False,4,21600.0,3024000.0,0.7,0.1,0.0,14400.0,0.1,1.0,0.75,0.75,0.0,,0.75,8,8,0,,0.5,0.5,1.0,1.0,1.0,0.5,0.5,1.0,-0.5,0.0,0.5,0.0,,,,,conv-26,locomo,baseline
vector_store,vector_store+HindsightTag,True,4,21600.0,3024000.0,0.7,0.1,0.0,14400.0,0.1,1.0,0.75,0.75,0.0,0.25,0.75,8,8,16,,0.5,0.5,1.0,1.0,1.0,0.5,0.5,1.0,-0.5,0.0,0.5,0.0,1.0,0.0,0.0,0.0,conv-26,locomo,ablation_0
mem0,mem0,False,5,21600.0,3024000.0,0.7,0.1,0.0,14400.0,0.1,1.0,0.0,0.0,0.0,,0.0,8,8,0,True,0.0,0.0,0.0,0.0,0.0,0.0,0.0,0.0,0.0,0.0,0.0,0.0,,,,,conv-26,locomo,baseline
mem0,mem0+HindsightTag,True,5,21600.0,3024000.0,0.7,0.1,0.0,14400.0,0.1,1.0,0.125,0.0,0.125,0.25,0.125,8,8,16,True,0.5,0.0,0.0,0.0,0.0,0.0,0.0,0.0,0.5,0.0,0.0,0.0,1.0,0.0,0.0,0.0,conv-26,locomo,ablation_0
vector_store,vector_store,False,5,21600.0,3024000.0,0.7,0.1,0.0,14400.0,0.1,1.0,0.75,0.875,-0.125,,0.875,8,8,0,,1.0,1.0,0.5,0.5,1.0,1.0,1.0,0.5,0.0,0.0,-0.5,0.0,,,,,conv-26,locomo,baseline
vector_store,vector_store+HindsightTag,True,5,21600.0,3024000.0,0.7,0.1,0.0,14400.0,0.1,1.0,0.75,0.875,-0.125,0.25,0.875,8,8,16,,1.0,1.0,0.5,0.5,1.0,1.0,1.0,0.5,0.0,0.0,-0.5,0.0,1.0,0.0,0.0,0.0,conv-26,locomo,ablation_0
mem0,mem0,False,6,21600.0,3024000.0,0.7,0.1,0.0,14400.0,0.1,1.0,0.0,0.0,0.0,,0.0,8,8,0,True,0.0,0.0,0.0,0.0,0.0,0.0,0.0,0.0,0.0,0.0,0.0,0.0,,,,,conv-26,locomo,baseline
mem0,mem0+HindsightTag,True,6,21600.0,3024000.0,0.7,0.1,0.0,14400.0,0.1,1.0,0.125,0.0,0.125,0.1875,0.125,8,8,16,True,0.5,0.0,0.0,0.0,0.0,0.0,0.0,0.0,0.5,0.0,0.0,0.0,0.75,0.0,0.0,0.0,conv-26,locomo,ablation_0
vector_store,vector_store,False,6,21600.0,3024000.0,0.7,0.1,0.0,14400.0,0.1,1.0,0.75,1.0,-0.25,,0.75,8,8,0,,0.5,0.5,1.0,1.0,1.0,1.0,1.0,1.0,-0.5,-0.5,0.0,0.0,,,,,conv-26,locomo,baseline
vector_store,vector_store+HindsightTag,True,6,21600.0,3024000.0,0.7,0.1,0.0,14400.0,0.1,1.0,0.75,1.0,-0.25,0.1875,0.75,8,8,16,,0.5,0.5,1.0,1.0,1.0,1.0,1.0,1.0,-0.5,-0.5,0.0,0.0,0.75,0.0,0.0,0.0,conv-26,locomo,ablation_0
mem0,mem0,False,7,21600.0,3024000.0,0.7,0.1,0.0,14400.0,0.1,1.0,0.0,0.0,0.0,,0.0,8,8,0,True,0.0,0.0,0.0,0.0,0.0,0.0,0.0,0.0,0.0,0.0,0.0,0.0,,,,,conv-26,locomo,baseline
mem0,mem0+HindsightTag,True,7,21600.0,3024000.0,0.7,0.1,0.0,14400.0,0.1,1.0,0.0,0.0,0.0,0.25,0.125,8,8,16,True,0.0,0.0,0.0,0.0,0.0,0.0,0.0,0.0,0.0,0.0,0.0,0.0,1.0,0.0,0.0,0.0,conv-26,locomo,ablation_0
vector_store,vector_store,False,7,21600.0,3024000.0,0.7,0.1,0.0,14400.0,0.1,1.0,0.625,0.625,0.0,,0.625,8,8,0,,0.5,1.0,0.5,0.5,1.0,1.0,0.5,0.0,-0.5,0.0,0.0,0.5,,,,,conv-26,locomo,baseline
vector_store,vector_store+HindsightTag,True,7,21600.0,3024000.0,0.7,0.1,0.0,14400.0,0.1,1.0,0.625,0.625,0.0,0.25,0.625,8,8,16,,0.5,1.0,0.5,0.5,1.0,1.0,0.5,0.0,-0.5,0.0,0.0,0.5,1.0,0.0,0.0,0.0,conv-26,locomo,ablation_0
mem0,mem0,False,8,21600.0,3024000.0,0.7,0.1,0.0,14400.0,0.1,1.0,0.0,0.0,0.0,,0.0,8,8,0,True,0.0,0.0,0.0,0.0,0.0,0.0,0.0,0.0,0.0,0.0,0.0,0.0,,,,,conv-26,locomo,baseline
mem0,mem0+HindsightTag,True,8,21600.0,3024000.0,0.7,0.1,0.0,14400.0,0.1,1.0,0.125,0.0,0.125,0.25,0.0,8,8,16,True,0.5,0.0,0.0,0.0,0.0,0.0,0.0,0.0,0.5,0.0,0.0,0.0,1.0,0.0,0.0,0.0,conv-26,locomo,ablation_0
vector_store,vector_store,False,8,21600.0,3024000.0,0.7,0.1,0.0,14400.0,0.1,1.0,0.75,1.0,-0.25,,0.875,8,8,0,,0.5,0.5,1.0,1.0,1.0,1.0,1.0,1.0,-0.5,-0.5,0.0,0.0,,,,,conv-26,locomo,baseline
vector_store,vector_store+HindsightTag,True,8,21600.0,3024000.0,0.7,0.1,0.0,14400.0,0.1,1.0,0.75,1.0,-0.25,0.25,0.875,8,8,16,,0.5,0.5,1.0,1.0,1.0,1.0,1.0,1.0,-0.5,-0.5,0.0,0.0,1.0,0.0,0.0,0.0,conv-26,locomo,ablation_0
mem0,mem0,False,9,21600.0,3024000.0,0.7,0.1,0.0,14400.0,0.1,1.0,0.0,0.0,0.0,,0.0,8,8,0,True,0.0,0.0,0.0,0.0,0.0,0.0,0.0,0.0,0.0,0.0,0.0,0.0,,,,,conv-26,locomo,baseline
mem0,mem0+HindsightTag,True,9,21600.0,3024000.0,0.7,0.1,0.0,14400.0,0.1,1.0,0.0,0.125,-0.125,0.25,0.125,8,8,16,True,0.0,0.0,0.0,0.0,0.0,0.0,0.0,0.5,0.0,0.0,0.0,-0.5,1.0,0.0,0.0,0.0,conv-26,locomo,ablation_0
vector_store,vector_store,False,9,21600.0,3024000.0,0.7,0.1,0.0,14400.0,0.1,1.0,0.5,0.625,-0.125,,0.625,8,8,0,,0.0,1.0,0.5,0.5,0.5,1.0,0.0,1.0,-0.5,0.0,0.5,-0.5,,,,,conv-26,locomo,baseline
vector_store,vector_store+HindsightTag,True,9,21600.0,3024000.0,0.7,0.1,0.0,14400.0,0.1,1.0,0.5,0.625,-0.125,0.25,0.625,8,8,16,,0.0,1.0,0.5,0.5,0.5,1.0,0.0,1.0,-0.5,0.0,0.5,-0.5,1.0,0.0,0.0,0.0,conv-26,locomo,ablation_0
mem0,mem0,False,0,21600.0,3024000.0,0.7,0.1,0.0,14400.0,0.1,1.0,0.0,0.0,0.0,,0.0,8,8,0,True,0.0,0.0,0.0,0.0,0.0,0.0,0.0,0.0,0.0,0.0,0.0,0.0,,,,,conv-30,locomo,baseline
mem0,mem0+HindsightTag,True,0,21600.0,3024000.0,0.7,0.1,0.0,14400.0,0.1,1.0,0.125,0.0,0.125,0.25,0.25,8,8,16,True,0.5,0.0,0.0,0.0,0.0,0.0,0.0,0.0,0.5,0.0,0.0,0.0,1.0,0.0,0.0,0.0,conv-30,locomo,ablation_0
vector_store,vector_store,False,0,21600.0,3024000.0,0.7,0.1,0.0,14400.0,0.1,1.0,0.875,0.5,0.375,,0.875,8,8,0,,1.0,1.0,1.0,0.5,0.0,0.5,0.5,1.0,1.0,0.5,0.5,-0.5,,,,,conv-30,locomo,baseline
vector_store,vector_store+HindsightTag,True,0,21600.0,3024000.0,0.7,0.1,0.0,14400.0,0.1,1.0,0.875,0.5,0.375,0.25,0.875,8,8,16,,1.0,1.0,1.0,0.5,0.0,0.5,0.5,1.0,1.0,0.5,0.5,-0.5,1.0,0.0,0.0,0.0,conv-30,locomo,ablation_0
mem0,mem0,False,1,21600.0,3024000.0,0.7,0.1,0.0,14400.0,0.1,1.0,0.0,0.0,0.0,,0.0,8,8,0,True,0.0,0.0,0.0,0.0,0.0,0.0,0.0,0.0,0.0,0.0,0.0,0.0,,,,,conv-30,locomo,baseline
mem0,mem0+HindsightTag,True,1,21600.0,3024000.0,0.7,0.1,0.0,14400.0,0.1,1.0,0.125,0.0,0.125,0.25,0.0,8,8,16,True,0.5,0.0,0.0,0.0,0.0,0.0,0.0,0.0,0.5,0.0,0.0,0.0,1.0,0.0,0.0,0.0,conv-30,locomo,ablation_0
vector_store,vector_store,False,1,21600.0,3024000.0,0.7,0.1,0.0,14400.0,0.1,1.0,0.875,0.875,0.0,,1.0,8,8,0,,1.0,1.0,1.0,0.5,1.0,0.5,1.0,1.0,0.0,0.5,0.0,-0.5,,,,,conv-30,locomo,baseline
vector_store,vector_store+HindsightTag,True,1,21600.0,3024000.0,0.7,0.1,0.0,14400.0,0.1,1.0,0.875,0.875,0.0,0.25,1.0,8,8,16,,1.0,1.0,1.0,0.5,1.0,0.5,1.0,1.0,0.0,0.5,0.0,-0.5,1.0,0.0,0.0,0.0,conv-30,locomo,ablation_0
mem0,mem0,False,2,21600.0,3024000.0,0.7,0.1,0.0,14400.0,0.1,1.0,0.0,0.0,0.0,,0.0,8,8,0,True,0.0,0.0,0.0,0.0,0.0,0.0,0.0,0.0,0.0,0.0,0.0,0.0,,,,,conv-30,locomo,baseline
mem0,mem0+HindsightTag,True,2,21600.0,3024000.0,0.7,0.1,0.0,14400.0,0.1,1.0,0.0,0.0,0.0,0.25,0.0,8,8,16,True,0.0,0.0,0.0,0.0,0.0,0.0,0.0,0.0,0.0,0.0,0.0,0.0,1.0,0.0,0.0,0.0,conv-30,locomo,ablation_0
vector_store,vector_store,False,2,21600.0,3024000.0,0.7,0.1,0.0,14400.0,0.1,1.0,0.875,0.75,0.125,,0.875,8,8,0,,1.0,1.0,1.0,0.5,1.0,0.5,1.0,0.5,0.0,0.5,0.0,0.0,,,,,conv-30,locomo,baseline
vector_store,vector_store+HindsightTag,True,2,21600.0,3024000.0,0.7,0.1,0.0,14400.0,0.1,1.0,0.875,0.75,0.125,0.25,0.875,8,8,16,,1.0,1.0,1.0,0.5,1.0,0.5,1.0,0.5,0.0,0.5,0.0,0.0,1.0,0.0,0.0,0.0,conv-30,locomo,ablation_0
mem0,mem0,False,3,21600.0,3024000.0,0.7,0.1,0.0,14400.0,0.1,1.0,0.0,0.0,0.0,,0.0,8,8,0,True,0.0,0.0,0.0,0.0,0.0,0.0,0.0,0.0,0.0,0.0,0.0,0.0,,,,,conv-30,locomo,baseline
mem0,mem0+HindsightTag,True,3,21600.0,3024000.0,0.7,0.1,0.0,14400.0,0.1,1.0,0.0,0.0,0.0,0.25,0.0,8,8,16,True,0.0,0.0,0.0,0.0,0.0,0.0,0.0,0.0,0.0,0.0,0.0,0.0,1.0,0.0,0.0,0.0,conv-30,locomo,ablation_0
vector_store,vector_store,False,3,21600.0,3024000.0,0.7,0.1,0.0,14400.0,0.1,1.0,1.0,0.875,0.125,,0.875,8,8,0,,1.0,1.0,1.0,1.0,1.0,1.0,1.0,0.5,0.0,0.0,0.0,0.5,,,,,conv-30,locomo,baseline
vector_store,vector_store+HindsightTag,True,3,21600.0,3024000.0,0.7,0.1,0.0,14400.0,0.1,1.0,1.0,0.875,0.125,0.25,0.875,8,8,16,,1.0,1.0,1.0,1.0,1.0,1.0,1.0,0.5,0.0,0.0,0.0,0.5,1.0,0.0,0.0,0.0,conv-30,locomo,ablation_0
mem0,mem0,False,4,21600.0,3024000.0,0.7,0.1,0.0,14400.0,0.1,1.0,0.0,0.0,0.0,,0.0,8,8,0,True,0.0,0.0,0.0,0.0,0.0,0.0,0.0,0.0,0.0,0.0,0.0,0.0,,,,,conv-30,locomo,baseline
mem0,mem0+HindsightTag,True,4,21600.0,3024000.0,0.7,0.1,0.0,14400.0,0.1,1.0,0.0,0.0,0.0,0.25,0.125,8,8,16,True,0.0,0.0,0.0,0.0,0.0,0.0,0.0,0.0,0.0,0.0,0.0,0.0,1.0,0.0,0.0,0.0,conv-30,locomo,ablation_0
vector_store,vector_store,False,4,21600.0,3024000.0,0.7,0.1,0.0,14400.0,0.1,1.0,0.75,1.0,-0.25,,0.625,8,8,0,,0.5,1.0,0.5,1.0,1.0,1.0,1.0,1.0,-0.5,0.0,-0.5,0.0,,,,,conv-30,locomo,baseline
vector_store,vector_store+HindsightTag,True,4,21600.0,3024000.0,0.7,0.1,0.0,14400.0,0.1,1.0,0.75,1.0,-0.25,0.25,0.625,8,8,16,,0.5,1.0,0.5,1.0,1.0,1.0,1.0,1.0,-0.5,0.0,-0.5,0.0,1.0,0.0,0.0,0.0,conv-30,locomo,ablation_0
mem0,mem0,False,5,21600.0,3024000.0,0.7,0.1,0.0,14400.0,0.1,1.0,0.0,0.0,0.0,,0.0,8,8,0,True,0.0,0.0,0.0,0.0,0.0,0.0,0.0,0.0,0.0,0.0,0.0,0.0,,,,,conv-30,locomo,baseline
mem0,mem0+HindsightTag,True,5,21600.0,3024000.0,0.7,0.1,0.0,14400.0,0.1,1.0,0.125,0.0,0.125,0.25,0.125,8,8,16,True,0.5,0.0,0.0,0.0,0.0,0.0,0.0,0.0,0.5,0.0,0.0,0.0,1.0,0.0,0.0,0.0,conv-30,locomo,ablation_0
vector_store,vector_store,False,5,21600.0,3024000.0,0.7,0.1,0.0,14400.0,0.1,1.0,0.875,1.0,-0.125,,0.875,8,8,0,,1.0,0.5,1.0,1.0,1.0,1.0,1.0,1.0,0.0,-0.5,0.0,0.0,,,,,conv-30,locomo,baseline
vector_store,vector_store+HindsightTag,True,5,21600.0,3024000.0,0.7,0.1,0.0,14400.0,0.1,1.0,0.875,1.0,-0.125,0.25,0.875,8,8,16,,1.0,0.5,1.0,1.0,1.0,1.0,1.0,1.0,0.0,-0.5,0.0,0.0,1.0,0.0,0.0,0.0,conv-30,locomo,ablation_0
mem0,mem0,False,6,21600.0,3024000.0,0.7,0.1,0.0,14400.0,0.1,1.0,0.0,0.0,0.0,,0.0,8,8,0,True,0.0,0.0,0.0,0.0,0.0,0.0,0.0,0.0,0.0,0.0,0.0,0.0,,,,,conv-30,locomo,baseline
mem0,mem0+HindsightTag,True,6,21600.0,3024000.0,0.7,0.1,0.0,14400.0,0.1,1.0,0.125,0.0,0.125,0.25,0.0,8,8,16,True,0.5,0.0,0.0,0.0,0.0,0.0,0.0,0.0,0.5,0.0,0.0,0.0,1.0,0.0,0.0,0.0,conv-30,locomo,ablation_0
vector_store,vector_store,False,6,21600.0,3024000.0,0.7,0.1,0.0,14400.0,0.1,1.0,0.75,0.875,-0.125,,1.0,8,8,0,,1.0,0.5,0.5,1.0,1.0,0.5,1.0,1.0,0.0,0.0,-0.5,0.0,,,,,conv-30,locomo,baseline
vector_store,vector_store+HindsightTag,True,6,21600.0,3024000.0,0.7,0.1,0.0,14400.0,0.1,1.0,0.75,0.875,-0.125,0.25,1.0,8,8,16,,1.0,0.5,0.5,1.0,1.0,0.5,1.0,1.0,0.0,0.0,-0.5,0.0,1.0,0.0,0.0,0.0,conv-30,locomo,ablation_0
mem0,mem0,False,7,21600.0,3024000.0,0.7,0.1,0.0,14400.0,0.1,1.0,0.0,0.0,0.0,,0.0,8,8,0,True,0.0,0.0,0.0,0.0,0.0,0.0,0.0,0.0,0.0,0.0,0.0,0.0,,,,,conv-30,locomo,baseline
mem0,mem0+HindsightTag,True,7,21600.0,3024000.0,0.7,0.1,0.0,14400.0,0.1,1.0,0.125,0.0,0.125,0.25,0.125,8,8,16,True,0.5,0.0,0.0,0.0,0.0,0.0,0.0,0.0,0.5,0.0,0.0,0.0,1.0,0.0,0.0,0.0,conv-30,locomo,ablation_0
vector_store,vector_store,False,7,21600.0,3024000.0,0.7,0.1,0.0,14400.0,0.1,1.0,0.625,0.875,-0.25,,0.375,8,8,0,,1.0,0.5,1.0,0.0,0.5,1.0,1.0,1.0,0.5,-0.5,0.0,-1.0,,,,,conv-30,locomo,baseline
vector_store,vector_store+HindsightTag,True,7,21600.0,3024000.0,0.7,0.1,0.0,14400.0,0.1,1.0,0.625,0.875,-0.25,0.25,0.375,8,8,16,,1.0,0.5,1.0,0.0,0.5,1.0,1.0,1.0,0.5,-0.5,0.0,-1.0,1.0,0.0,0.0,0.0,conv-30,locomo,ablation_0
mem0,mem0,False,8,21600.0,3024000.0,0.7,0.1,0.0,14400.0,0.1,1.0,0.0,0.0,0.0,,0.0,8,8,0,True,0.0,0.0,0.0,0.0,0.0,0.0,0.0,0.0,0.0,0.0,0.0,0.0,,,,,conv-30,locomo,baseline
mem0,mem0+HindsightTag,True,8,21600.0,3024000.0,0.7,0.1,0.0,14400.0,0.1,1.0,0.0,0.0,0.0,0.25,0.125,8,8,16,True,0.0,0.0,0.0,0.0,0.0,0.0,0.0,0.0,0.0,0.0,0.0,0.0,1.0,0.0,0.0,0.0,conv-30,locomo,ablation_0
vector_store,vector_store,False,8,21600.0,3024000.0,0.7,0.1,0.0,14400.0,0.1,1.0,0.875,0.875,0.0,,0.75,8,8,0,,1.0,0.5,1.0,1.0,0.5,1.0,1.0,1.0,0.5,-0.5,0.0,0.0,,,,,conv-30,locomo,baseline
vector_store,vector_store+HindsightTag,True,8,21600.0,3024000.0,0.7,0.1,0.0,14400.0,0.1,1.0,0.875,0.875,0.0,0.25,0.75,8,8,16,,1.0,0.5,1.0,1.0,0.5,1.0,1.0,1.0,0.5,-0.5,0.0,0.0,1.0,0.0,0.0,0.0,conv-30,locomo,ablation_0
mem0,mem0,False,9,21600.0,3024000.0,0.7,0.1,0.0,14400.0,0.1,1.0,0.0,0.0,0.0,,0.0,8,8,0,True,0.0,0.0,0.0,0.0,0.0,0.0,0.0,0.0,0.0,0.0,0.0,0.0,,,,,conv-30,locomo,baseline
mem0,mem0+HindsightTag,True,9,21600.0,3024000.0,0.7,0.1,0.0,14400.0,0.1,1.0,0.0,0.0,0.0,0.25,0.125,8,8,16,True,0.0,0.0,0.0,0.0,0.0,0.0,0.0,0.0,0.0,0.0,0.0,0.0,1.0,0.0,0.0,0.0,conv-30,locomo,ablation_0
vector_store,vector_store,False,9,21600.0,3024000.0,0.7,0.1,0.0,14400.0,0.1,1.0,0.75,0.5,0.25,,1.0,8,8,0,,0.5,1.0,1.0,0.5,1.0,0.5,0.0,0.5,-0.5,0.5,1.0,0.0,,,,,conv-30,locomo,baseline
vector_store,vector_store+HindsightTag,True,9,21600.0,3024000.0,0.7,0.1,0.0,14400.0,0.1,1.0,0.75,0.5,0.25,0.25,1.0,8,8,16,,0.5,1.0,1.0,0.5,1.0,0.5,0.0,0.5,-0.5,0.5,1.0,0.0,1.0,0.0,0.0,0.0,conv-30,locomo,ablation_0
mem0,mem0,False,0,21600.0,3024000.0,0.7,0.1,0.0,14400.0,0.1,1.0,0.0,0.0,0.0,,0.0,8,8,0,True,0.0,0.0,0.0,0.0,0.0,0.0,0.0,0.0,0.0,0.0,0.0,0.0,,,,,conv-41,locomo,baseline
mem0,mem0+HindsightTag,True,0,21600.0,3024000.0,0.7,0.1,0.0,14400.0,0.1,1.0,0.0,0.0,0.0,0.25,0.0,8,8,16,True,0.0,0.0,0.0,0.0,0.0,0.0,0.0,0.0,0.0,0.0,0.0,0.0,1.0,0.0,0.0,0.0,conv-41,locomo,ablation_0
vector_store,vector_store,False,0,21600.0,3024000.0,0.7,0.1,0.0,14400.0,0.1,1.0,1.0,0.625,0.375,,0.75,8,8,0,,1.0,1.0,1.0,1.0,0.5,1.0,0.5,0.5,0.5,0.0,0.5,0.5,,,,,conv-41,locomo,baseline
vector_store,vector_store+HindsightTag,True,0,21600.0,3024000.0,0.7,0.1,0.0,14400.0,0.1,1.0,1.0,0.625,0.375,0.25,0.75,8,8,16,,1.0,1.0,1.0,1.0,0.5,1.0,0.5,0.5,0.5,0.0,0.5,0.5,1.0,0.0,0.0,0.0,conv-41,locomo,ablation_0
mem0,mem0,False,1,21600.0,3024000.0,0.7,0.1,0.0,14400.0,0.1,1.0,0.0,0.0,0.0,,0.0,8,8,0,True,0.0,0.0,0.0,0.0,0.0,0.0,0.0,0.0,0.0,0.0,0.0,0.0,,,,,conv-41,locomo,baseline
mem0,mem0+HindsightTag,True,1,21600.0,3024000.0,0.7,0.1,0.0,14400.0,0.1,1.0,0.125,0.0,0.125,0.25,0.0,8,8,16,True,0.5,0.0,0.0,0.0,0.0,0.0,0.0,0.0,0.5,0.0,0.0,0.0,1.0,0.0,0.0,0.0,conv-41,locomo,ablation_0
vector_store,vector_store,False,1,21600.0,3024000.0,0.7,0.1,0.0,14400.0,0.1,1.0,0.75,0.75,0.0,,0.875,8,8,0,,1.0,1.0,0.5,0.5,1.0,1.0,0.0,1.0,0.0,0.0,0.5,-0.5,,,,,conv-41,locomo,baseline
vector_store,vector_store+HindsightTag,True,1,21600.0,3024000.0,0.7,0.1,0.0,14400.0,0.1,1.0,0.75,0.75,0.0,0.25,0.875,8,8,16,,1.0,1.0,0.5,0.5,1.0,1.0,0.0,1.0,0.0,0.0,0.5,-0.5,1.0,0.0,0.0,0.0,conv-41,locomo,ablation_0
mem0,mem0,False,2,21600.0,3024000.0,0.7,0.1,0.0,14400.0,0.1,1.0,0.0,0.125,-0.125,,0.0,8,8,0,True,0.0,0.0,0.0,0.0,0.0,0.0,0.5,0.0,0.0,0.0,-0.5,0.0,,,,,conv-41,locomo,baseline
mem0,mem0+HindsightTag,True,2,21600.0,3024000.0,0.7,0.1,0.0,14400.0,0.1,1.0,0.0,0.0,0.0,0.25,0.25,8,8,16,True,0.0,0.0,0.0,0.0,0.0,0.0,0.0,0.0,0.0,0.0,0.0,0.0,1.0,0.0,0.0,0.0,conv-41,locomo,ablation_0
vector_store,vector_store,False,2,21600.0,3024000.0,0.7,0.1,0.0,14400.0,0.1,1.0,0.875,1.0,-0.125,,0.75,8,8,0,,1.0,1.0,0.5,1.0,1.0,1.0,1.0,1.0,0.0,0.0,-0.5,0.0,,,,,conv-41,locomo,baseline
vector_store,vector_store+HindsightTag,True,2,21600.0,3024000.0,0.7,0.1,0.0,14400.0,0.1,1.0,0.875,1.0,-0.125,0.25,0.75,8,8,16,,1.0,1.0,0.5,1.0,1.0,1.0,1.0,1.0,0.0,0.0,-0.5,0.0,1.0,0.0,0.0,0.0,conv-41,locomo,ablation_0
mem0,mem0,False,3,21600.0,3024000.0,0.7,0.1,0.0,14400.0,0.1,1.0,0.0,0.0,0.0,,0.0,8,8,0,True,0.0,0.0,0.0,0.0,0.0,0.0,0.0,0.0,0.0,0.0,0.0,0.0,,,,,conv-41,locomo,baseline
mem0,mem0+HindsightTag,True,3,21600.0,3024000.0,0.7,0.1,0.0,14400.0,0.1,1.0,0.125,0.0,0.125,0.25,0.0,8,8,16,True,0.5,0.0,0.0,0.0,0.0,0.0,0.0,0.0,0.5,0.0,0.0,0.0,1.0,0.0,0.0,0.0,conv-41,locomo,ablation_0
vector_store,vector_store,False,3,21600.0,3024000.0,0.7,0.1,0.0,14400.0,0.1,1.0,0.875,1.0,-0.125,,0.75,8,8,0,,1.0,1.0,1.0,0.5,1.0,1.0,1.0,1.0,0.0,0.0,0.0,-0.5,,,,,conv-41,locomo,baseline
vector_store,vector_store+HindsightTag,True,3,21600.0,3024000.0,0.7,0.1,0.0,14400.0,0.1,1.0,0.875,1.0,-0.125,0.25,0.75,8,8,16,,1.0,1.0,1.0,0.5,1.0,1.0,1.0,1.0,0.0,0.0,0.0,-0.5,1.0,0.0,0.0,0.0,conv-41,locomo,ablation_0
mem0,mem0,False,4,21600.0,3024000.0,0.7,0.1,0.0,14400.0,0.1,1.0,0.125,0.0,0.125,,0.0,8,8,0,True,0.5,0.0,0.0,0.0,0.0,0.0,0.0,0.0,0.5,0.0,0.0,0.0,,,,,conv-41,locomo,baseline
mem0,mem0+HindsightTag,True,4,21600.0,3024000.0,0.7,0.1,0.0,14400.0,0.1,1.0,0.125,0.0,0.125,0.25,0.0,8,8,16,True,0.5,0.0,0.0,0.0,0.0,0.0,0.0,0.0,0.5,0.0,0.0,0.0,1.0,0.0,0.0,0.0,conv-41,locomo,ablation_0
vector_store,vector_store,False,4,21600.0,3024000.0,0.7,0.1,0.0,14400.0,0.1,1.0,0.75,0.875,-0.125,,0.875,8,8,0,,0.5,1.0,0.5,1.0,0.5,1.0,1.0,1.0,0.0,0.0,-0.5,0.0,,,,,conv-41,locomo,baseline
vector_store,vector_store+HindsightTag,True,4,21600.0,3024000.0,0.7,0.1,0.0,14400.0,0.1,1.0,0.75,0.875,-0.125,0.25,0.875,8,8,16,,0.5,1.0,0.5,1.0,0.5,1.0,1.0,1.0,0.0,0.0,-0.5,0.0,1.0,0.0,0.0,0.0,conv-41,locomo,ablation_0
mem0,mem0,False,5,21600.0,3024000.0,0.7,0.1,0.0,14400.0,0.1,1.0,0.0,0.0,0.0,,0.0,8,8,0,True,0.0,0.0,0.0,0.0,0.0,0.0,0.0,0.0,0.0,0.0,0.0,0.0,,,,,conv-41,locomo,baseline
mem0,mem0+HindsightTag,True,5,21600.0,3024000.0,0.7,0.1,0.0,14400.0,0.1,1.0,0.125,0.0,0.125,0.25,0.0,8,8,16,True,0.5,0.0,0.0,0.0,0.0,0.0,0.0,0.0,0.5,0.0,0.0,0.0,1.0,0.0,0.0,0.0,conv-41,locomo,ablation_0
vector_store,vector_store,False,5,21600.0,3024000.0,0.7,0.1,0.0,14400.0,0.1,1.0,1.0,1.0,0.0,,0.875,8,8,0,,1.0,1.0,1.0,1.0,1.0,1.0,1.0,1.0,0.0,0.0,0.0,0.0,,,,,conv-41,locomo,baseline
vector_store,vector_store+HindsightTag,True,5,21600.0,3024000.0,0.7,0.1,0.0,14400.0,0.1,1.0,1.0,1.0,0.0,0.25,0.875,8,8,16,,1.0,1.0,1.0,1.0,1.0,1.0,1.0,1.0,0.0,0.0,0.0,0.0,1.0,0.0,0.0,0.0,conv-41,locomo,ablation_0
mem0,mem0,False,6,21600.0,3024000.0,0.7,0.1,0.0,14400.0,0.1,1.0,0.0,0.0,0.0,,0.0,8,8,0,True,0.0,0.0,0.0,0.0,0.0,0.0,0.0,0.0,0.0,0.0,0.0,0.0,,,,,conv-41,locomo,baseline
mem0,mem0+HindsightTag,True,6,21600.0,3024000.0,0.7,0.1,0.0,14400.0,0.1,1.0,0.125,0.0,0.125,0.25,0.0,8,8,16,True,0.5,0.0,0.0,0.0,0.0,0.0,0.0,0.0,0.5,0.0,0.0,0.0,1.0,0.0,0.0,0.0,conv-41,locomo,ablation_0
vector_store,vector_store,False,6,21600.0,3024000.0,0.7,0.1,0.0,14400.0,0.1,1.0,0.5,0.875,-0.375,,0.875,8,8,0,,0.5,0.5,0.5,0.5,1.0,1.0,0.5,1.0,-0.5,-0.5,0.0,-0.5,,,,,conv-41,locomo,baseline
vector_store,vector_store+HindsightTag,True,6,21600.0,3024000.0,0.7,0.1,0.0,14400.0,0.1,1.0,0.5,0.875,-0.375,0.25,0.875,8,8,16,,0.5,0.5,0.5,0.5,1.0,1.0,0.5,1.0,-0.5,-0.5,0.0,-0.5,1.0,0.0,0.0,0.0,conv-41,locomo,ablation_0
mem0,mem0,False,7,21600.0,3024000.0,0.7,0.1,0.0,14400.0,0.1,1.0,0.125,0.0,0.125,,0.125,8,8,0,True,0.0,0.5,0.0,0.0,0.0,0.0,0.0,0.0,0.0,0.5,0.0,0.0,,,,,conv-41,locomo,baseline
mem0,mem0+HindsightTag,True,7,21600.0,3024000.0,0.7,0.1,0.0,14400.0,0.1,1.0,0.0,0.0,0.0,0.25,0.125,8,8,16,True,0.0,0.0,0.0,0.0,0.0,0.0,0.0,0.0,0.0,0.0,0.0,0.0,1.0,0.0,0.0,0.0,conv-41,locomo,ablation_0
vector_store,vector_store,False,7,21600.0,3024000.0,0.7,0.1,0.0,14400.0,0.1,1.0,1.0,0.75,0.25,,1.0,8,8,0,,1.0,1.0,1.0,1.0,1.0,0.5,1.0,0.5,0.0,0.5,0.0,0.5,,,,,conv-41,locomo,baseline
vector_store,vector_store+HindsightTag,True,7,21600.0,3024000.0,0.7,0.1,0.0,14400.0,0.1,1.0,1.0,0.75,0.25,0.25,1.0,8,8,16,,1.0,1.0,1.0,1.0,1.0,0.5,1.0,0.5,0.0,0.5,0.0,0.5,1.0,0.0,0.0,0.0,conv-41,locomo,ablation_0
mem0,mem0,False,8,21600.0,3024000.0,0.7,0.1,0.0,14400.0,0.1,1.0,0.0,0.0,0.0,,0.0,8,8,0,True,0.0,0.0,0.0,0.0,0.0,0.0,0.0,0.0,0.0,0.0,0.0,0.0,,,,,conv-41,locomo,baseline
mem0,mem0+HindsightTag,True,8,21600.0,3024000.0,0.7,0.1,0.0,14400.0,0.1,1.0,0.0,0.0,0.0,0.25,0.0,8,8,16,True,0.0,0.0,0.0,0.0,0.0,0.0,0.0,0.0,0.0,0.0,0.0,0.0,1.0,0.0,0.0,0.0,conv-41,locomo,ablation_0
vector_store,vector_store,False,8,21600.0,3024000.0,0.7,0.1,0.0,14400.0,0.1,1.0,0.5,1.0,-0.5,,1.0,8,8,0,,1.0,0.5,0.5,0.0,1.0,1.0,1.0,1.0,0.0,-0.5,-0.5,-1.0,,,,,conv-41,locomo,baseline
vector_store,vector_store+HindsightTag,True,8,21600.0,3024000.0,0.7,0.1,0.0,14400.0,0.1,1.0,0.5,1.0,-0.5,0.25,1.0,8,8,16,,1.0,0.5,0.5,0.0,1.0,1.0,1.0,1.0,0.0,-0.5,-0.5,-1.0,1.0,0.0,0.0,0.0,conv-41,locomo,ablation_0
mem0,mem0,False,9,21600.0,3024000.0,0.7,0.1,0.0,14400.0,0.1,1.0,0.125,0.0,0.125,,0.0,8,8,0,True,0.0,0.0,0.5,0.0,0.0,0.0,0.0,0.0,0.0,0.0,0.5,0.0,,,,,conv-41,locomo,baseline
mem0,mem0+HindsightTag,True,9,21600.0,3024000.0,0.7,0.1,0.0,14400.0,0.1,1.0,0.25,0.0,0.25,0.25,0.0,8,8,16,True,0.0,0.5,0.5,0.0,0.0,0.0,0.0,0.0,0.0,0.5,0.5,0.0,1.0,0.0,0.0,0.0,conv-41,locomo,ablation_0
vector_store,vector_store,False,9,21600.0,3024000.0,0.7,0.1,0.0,14400.0,0.1,1.0,0.875,0.75,0.125,,0.75,8,8,0,,1.0,1.0,0.5,1.0,1.0,1.0,0.5,0.5,0.0,0.0,0.0,0.5,,,,,conv-41,locomo,baseline
vector_store,vector_store+HindsightTag,True,9,21600.0,3024000.0,0.7,0.1,0.0,14400.0,0.1,1.0,0.875,0.75,0.125,0.25,0.75,8,8,16,,1.0,1.0,0.5,1.0,1.0,1.0,0.5,0.5,0.0,0.0,0.0,0.5,1.0,0.0,0.0,0.0,conv-41,locomo,ablation_0
mem0,mem0,False,0,21600.0,3024000.0,0.7,0.1,0.0,14400.0,0.1,1.0,0.0,0.0,0.0,,0.0,8,8,0,True,0.0,0.0,0.0,0.0,0.0,0.0,0.0,0.0,0.0,0.0,0.0,0.0,,,,,conv-42,locomo,baseline
mem0,mem0+HindsightTag,True,0,21600.0,3024000.0,0.7,0.1,0.0,14400.0,0.1,1.0,0.125,0.0,0.125,0.25,0.125,8,8,16,True,0.5,0.0,0.0,0.0,0.0,0.0,0.0,0.0,0.5,0.0,0.0,0.0,1.0,0.0,0.0,0.0,conv-42,locomo,ablation_0
vector_store,vector_store,False,0,21600.0,3024000.0,0.7,0.1,0.0,14400.0,0.1,1.0,0.5,0.5,0.0,,1.0,8,8,0,,1.0,1.0,0.0,0.0,0.5,0.5,0.5,0.5,0.5,0.5,-0.5,-0.5,,,,,conv-42,locomo,baseline
vector_store,vector_store+HindsightTag,True,0,21600.0,3024000.0,0.7,0.1,0.0,14400.0,0.1,1.0,0.5,0.5,0.0,0.25,1.0,8,8,16,,1.0,1.0,0.0,0.0,0.5,0.5,0.5,0.5,0.5,0.5,-0.5,-0.5,1.0,0.0,0.0,0.0,conv-42,locomo,ablation_0
mem0,mem0,False,1,21600.0,3024000.0,0.7,0.1,0.0,14400.0,0.1,1.0,0.0,0.0,0.0,,0.0,8,8,0,True,0.0,0.0,0.0,0.0,0.0,0.0,0.0,0.0,0.0,0.0,0.0,0.0,,,,,conv-42,locomo,baseline
mem0,mem0+HindsightTag,True,1,21600.0,3024000.0,0.7,0.1,0.0,14400.0,0.1,1.0,0.0,0.0,0.0,0.25,0.0,8,8,16,True,0.0,0.0,0.0,0.0,0.0,0.0,0.0,0.0,0.0,0.0,0.0,0.0,1.0,0.0,0.0,0.0,conv-42,locomo,ablation_0
vector_store,vector_store,False,1,21600.0,3024000.0,0.7,0.1,0.0,14400.0,0.1,1.0,0.75,0.625,0.125,,0.75,8,8,0,,0.5,1.0,1.0,0.5,0.5,1.0,0.0,1.0,0.0,0.0,1.0,-0.5,,,,,conv-42,locomo,baseline
vector_store,vector_store+HindsightTag,True,1,21600.0,3024000.0,0.7,0.1,0.0,14400.0,0.1,1.0,0.75,0.625,0.125,0.25,0.75,8,8,16,,0.5,1.0,1.0,0.5,0.5,1.0,0.0,1.0,0.0,0.0,1.0,-0.5,1.0,0.0,0.0,0.0,conv-42,locomo,ablation_0
mem0,mem0,False,2,21600.0,3024000.0,0.7,0.1,0.0,14400.0,0.1,1.0,0.0,0.0,0.0,,0.0,8,8,0,True,0.0,0.0,0.0,0.0,0.0,0.0,0.0,0.0,0.0,0.0,0.0,0.0,,,,,conv-42,locomo,baseline
mem0,mem0+HindsightTag,True,2,21600.0,3024000.0,0.7,0.1,0.0,14400.0,0.1,1.0,0.0,0.0,0.0,0.25,0.125,8,8,16,True,0.0,0.0,0.0,0.0,0.0,0.0,0.0,0.0,0.0,0.0,0.0,0.0,1.0,0.0,0.0,0.0,conv-42,locomo,ablation_0
vector_store,vector_store,False,2,21600.0,3024000.0,0.7,0.1,0.0,14400.0,0.1,1.0,0.875,1.0,-0.125,,0.875,8,8,0,,1.0,1.0,0.5,1.0,1.0,1.0,1.0,1.0,0.0,0.0,-0.5,0.0,,,,,conv-42,locomo,baseline
vector_store,vector_store+HindsightTag,True,2,21600.0,3024000.0,0.7,0.1,0.0,14400.0,0.1,1.0,0.875,1.0,-0.125,0.25,0.875,8,8,16,,1.0,1.0,0.5,1.0,1.0,1.0,1.0,1.0,0.0,0.0,-0.5,0.0,1.0,0.0,0.0,0.0,conv-42,locomo,ablation_0
mem0,mem0,False,3,21600.0,3024000.0,0.7,0.1,0.0,14400.0,0.1,1.0,0.0,0.0,0.0,,0.125,8,8,0,True,0.0,0.0,0.0,0.0,0.0,0.0,0.0,0.0,0.0,0.0,0.0,0.0,,,,,conv-42,locomo,baseline
mem0,mem0+HindsightTag,True,3,21600.0,3024000.0,0.7,0.1,0.0,14400.0,0.1,1.0,0.0,0.0,0.0,0.25,0.25,8,8,16,True,0.0,0.0,0.0,0.0,0.0,0.0,0.0,0.0,0.0,0.0,0.0,0.0,1.0,0.0,0.0,0.0,conv-42,locomo,ablation_0
vector_store,vector_store,False,3,21600.0,3024000.0,0.7,0.1,0.0,14400.0,0.1,1.0,0.75,0.875,-0.125,,0.75,8,8,0,,1.0,0.0,1.0,1.0,1.0,1.0,1.0,0.5,0.0,-1.0,0.0,0.5,,,,,conv-42,locomo,baseline
vector_store,vector_store+HindsightTag,True,3,21600.0,3024000.0,0.7,0.1,0.0,14400.0,0.1,1.0,0.75,0.875,-0.125,0.25,0.75,8,8,16,,1.0,0.0,1.0,1.0,1.0,1.0,1.0,0.5,0.0,-1.0,0.0,0.5,1.0,0.0,0.0,0.0,conv-42,locomo,ablation_0
mem0,mem0,False,4,21600.0,3024000.0,0.7,0.1,0.0,14400.0,0.1,1.0,0.0,0.125,-0.125,,0.0,8,8,0,True,0.0,0.0,0.0,0.0,0.0,0.5,0.0,0.0,0.0,-0.5,0.0,0.0,,,,,conv-42,locomo,baseline
mem0,mem0+HindsightTag,True,4,21600.0,3024000.0,0.7,0.1,0.0,14400.0,0.1,1.0,0.125,0.125,0.0,0.25,0.0,8,8,16,True,0.5,0.0,0.0,0.0,0.0,0.5,0.0,0.0,0.5,-0.5,0.0,0.0,1.0,0.0,0.0,0.0,conv-42,locomo,ablation_0
vector_store,vector_store,False,4,21600.0,3024000.0,0.7,0.1,0.0,14400.0,0.1,1.0,0.875,0.875,0.0,,0.875,8,8,0,,1.0,1.0,1.0,0.5,1.0,0.5,1.0,1.0,0.0,0.5,0.0,-0.5,,,,,conv-42,locomo,baseline
vector_store,vector_store+HindsightTag,True,4,21600.0,3024000.0,0.7,0.1,0.0,14400.0,0.1,1.0,0.875,0.875,0.0,0.25,0.875,8,8,16,,1.0,1.0,1.0,0.5,1.0,0.5,1.0,1.0,0.0,0.5,0.0,-0.5,1.0,0.0,0.0,0.0,conv-42,locomo,ablation_0
mem0,mem0,False,5,21600.0,3024000.0,0.7,0.1,0.0,14400.0,0.1,1.0,0.0,0.0,0.0,,0.0,8,8,0,True,0.0,0.0,0.0,0.0,0.0,0.0,0.0,0.0,0.0,0.0,0.0,0.0,,,,,conv-42,locomo,baseline
mem0,mem0+HindsightTag,True,5,21600.0,3024000.0,0.7,0.1,0.0,14400.0,0.1,1.0,0.125,0.0,0.125,0.25,0.0,8,8,16,True,0.5,0.0,0.0,0.0,0.0,0.0,0.0,0.0,0.5,0.0,0.0,0.0,1.0,0.0,0.0,0.0,conv-42,locomo,ablation_0
vector_store,vector_store,False,5,21600.0,3024000.0,0.7,0.1,0.0,14400.0,0.1,1.0,0.875,0.75,0.125,,1.0,8,8,0,,0.5,1.0,1.0,1.0,0.5,0.5,1.0,1.0,0.0,0.5,0.0,0.0,,,,,conv-42,locomo,baseline
vector_store,vector_store+HindsightTag,True,5,21600.0,3024000.0,0.7,0.1,0.0,14400.0,0.1,1.0,0.875,0.75,0.125,0.25,1.0,8,8,16,,0.5,1.0,1.0,1.0,0.5,0.5,1.0,1.0,0.0,0.5,0.0,0.0,1.0,0.0,0.0,0.0,conv-42,locomo,ablation_0
mem0,mem0,False,6,21600.0,3024000.0,0.7,0.1,0.0,14400.0,0.1,1.0,0.0,0.0,0.0,,0.0,8,8,0,True,0.0,0.0,0.0,0.0,0.0,0.0,0.0,0.0,0.0,0.0,0.0,0.0,,,,,conv-42,locomo,baseline
mem0,mem0+HindsightTag,True,6,21600.0,3024000.0,0.7,0.1,0.0,14400.0,0.1,1.0,0.0,0.0,0.0,0.25,0.25,8,8,16,True,0.0,0.0,0.0,0.0,0.0,0.0,0.0,0.0,0.0,0.0,0.0,0.0,1.0,0.0,0.0,0.0,conv-42,locomo,ablation_0
vector_store,vector_store,False,6,21600.0,3024000.0,0.7,0.1,0.0,14400.0,0.1,1.0,0.5,0.625,-0.125,,0.75,8,8,0,,0.5,0.5,1.0,0.0,1.0,1.0,0.0,0.5,-0.5,-0.5,1.0,-0.5,,,,,conv-42,locomo,baseline
vector_store,vector_store+HindsightTag,True,6,21600.0,3024000.0,0.7,0.1,0.0,14400.0,0.1,1.0,0.5,0.625,-0.125,0.25,0.75,8,8,16,,0.5,0.5,1.0,0.0,1.0,1.0,0.0,0.5,-0.5,-0.5,1.0,-0.5,1.0,0.0,0.0,0.0,conv-42,locomo,ablation_0
mem0,mem0,False,7,21600.0,3024000.0,0.7,0.1,0.0,14400.0,0.1,1.0,0.0,0.0,0.0,,0.0,8,8,0,True,0.0,0.0,0.0,0.0,0.0,0.0,0.0,0.0,0.0,0.0,0.0,0.0,,,,,conv-42,locomo,baseline
mem0,mem0+HindsightTag,True,7,21600.0,3024000.0,0.7,0.1,0.0,14400.0,0.1,1.0,0.125,0.0,0.125,0.25,0.0,8,8,16,True,0.0,0.5,0.0,0.0,0.0,0.0,0.0,0.0,0.0,0.5,0.0,0.0,1.0,0.0,0.0,0.0,conv-42,locomo,ablation_0
vector_store,vector_store,False,7,21600.0,3024000.0,0.7,0.1,0.0,14400.0,0.1,1.0,0.75,0.875,-0.125,,1.0,8,8,0,,1.0,0.5,0.5,1.0,1.0,1.0,0.5,1.0,0.0,-0.5,0.0,0.0,,,,,conv-42,locomo,baseline
vector_store,vector_store+HindsightTag,True,7,21600.0,3024000.0,0.7,0.1,0.0,14400.0,0.1,1.0,0.75,0.875,-0.125,0.25,1.0,8,8,16,,1.0,0.5,0.5,1.0,1.0,1.0,0.5,1.0,0.0,-0.5,0.0,0.0,1.0,0.0,0.0,0.0,conv-42,locomo,ablation_0
mem0,mem0,False,8,21600.0,3024000.0,0.7,0.1,0.0,14400.0,0.1,1.0,0.0,0.0,0.0,,0.0,8,8,0,True,0.0,0.0,0.0,0.0,0.0,0.0,0.0,0.0,0.0,0.0,0.0,0.0,,,,,conv-42,locomo,baseline
mem0,mem0+HindsightTag,True,8,21600.0,3024000.0,0.7,0.1,0.0,14400.0,0.1,1.0,0.0,0.0,0.0,0.25,0.0,8,8,16,True,0.0,0.0,0.0,0.0,0.0,0.0,0.0,0.0,0.0,0.0,0.0,0.0,1.0,0.0,0.0,0.0,conv-42,locomo,ablation_0
vector_store,vector_store,False,8,21600.0,3024000.0,0.7,0.1,0.0,14400.0,0.1,1.0,0.5,0.625,-0.125,,0.75,8,8,0,,0.0,1.0,0.5,0.5,0.5,1.0,0.0,1.0,-0.5,0.0,0.5,-0.5,,,,,conv-42,locomo,baseline
vector_store,vector_store+HindsightTag,True,8,21600.0,3024000.0,0.7,0.1,0.0,14400.0,0.1,1.0,0.5,0.625,-0.125,0.25,0.75,8,8,16,,0.0,1.0,0.5,0.5,0.5,1.0,0.0,1.0,-0.5,0.0,0.5,-0.5,1.0,0.0,0.0,0.0,conv-42,locomo,ablation_0
mem0,mem0,False,9,21600.0,3024000.0,0.7,0.1,0.0,14400.0,0.1,1.0,0.0,0.125,-0.125,,0.0,8,8,0,True,0.0,0.0,0.0,0.0,0.5,0.0,0.0,0.0,-0.5,0.0,0.0,0.0,,,,,conv-42,locomo,baseline
mem0,mem0+HindsightTag,True,9,21600.0,3024000.0,0.7,0.1,0.0,14400.0,0.1,1.0,0.125,0.0,0.125,0.25,0.0,8,8,16,True,0.5,0.0,0.0,0.0,0.0,0.0,0.0,0.0,0.5,0.0,0.0,0.0,1.0,0.0,0.0,0.0,conv-42,locomo,ablation_0
vector_store,vector_store,False,9,21600.0,3024000.0,0.7,0.1,0.0,14400.0,0.1,1.0,0.625,0.75,-0.125,,0.875,8,8,0,,0.5,0.5,0.5,1.0,0.5,1.0,1.0,0.5,0.0,-0.5,-0.5,0.5,,,,,conv-42,locomo,baseline
vector_store,vector_store+HindsightTag,True,9,21600.0,3024000.0,0.7,0.1,0.0,14400.0,0.1,1.0,0.625,0.75,-0.125,0.25,0.875,8,8,16,,0.5,0.5,0.5,1.0,0.5,1.0,1.0,0.5,0.0,-0.5,-0.5,0.5,1.0,0.0,0.0,0.0,conv-42,locomo,ablation_0
mem0,mem0,False,0,21600.0,3024000.0,0.7,0.1,0.0,14400.0,0.1,1.0,0.125,0.0,0.125,,0.0,8,8,0,True,0.0,0.0,0.5,0.0,0.0,0.0,0.0,0.0,0.0,0.0,0.5,0.0,,,,,conv-43,locomo,baseline
mem0,mem0+HindsightTag,True,0,21600.0,3024000.0,0.7,0.1,0.0,14400.0,0.1,1.0,0.25,0.0,0.25,0.25,0.0,8,8,16,True,0.5,0.0,0.5,0.0,0.0,0.0,0.0,0.0,0.5,0.0,0.5,0.0,1.0,0.0,0.0,0.0,conv-43,locomo,ablation_0
vector_store,vector_store,False,0,21600.0,3024000.0,0.7,0.1,0.0,14400.0,0.1,1.0,1.0,0.625,0.375,,0.75,8,8,0,,1.0,1.0,1.0,1.0,0.5,1.0,0.5,0.5,0.5,0.0,0.5,0.5,,,,,conv-43,locomo,baseline
vector_store,vector_store+HindsightTag,True,0,21600.0,3024000.0,0.7,0.1,0.0,14400.0,0.1,1.0,1.0,0.625,0.375,0.25,0.75,8,8,16,,1.0,1.0,1.0,1.0,0.5,1.0,0.5,0.5,0.5,0.0,0.5,0.5,1.0,0.0,0.0,0.0,conv-43,locomo,ablation_0
mem0,mem0,False,1,21600.0,3024000.0,0.7,0.1,0.0,14400.0,0.1,1.0,0.125,0.0,0.125,,0.0,8,8,0,True,0.5,0.0,0.0,0.0,0.0,0.0,0.0,0.0,0.5,0.0,0.0,0.0,,,,,conv-43,locomo,baseline
mem0,mem0+HindsightTag,True,1,21600.0,3024000.0,0.7,0.1,0.0,14400.0,0.1,1.0,0.25,0.0,0.25,0.25,0.0,8,8,16,True,1.0,0.0,0.0,0.0,0.0,0.0,0.0,0.0,1.0,0.0,0.0,0.0,1.0,0.0,0.0,0.0,conv-43,locomo,ablation_0
vector_store,vector_store,False,1,21600.0,3024000.0,0.7,0.1,0.0,14400.0,0.1,1.0,0.625,0.75,-0.125,,0.375,8,8,0,,0.5,0.5,1.0,0.5,1.0,0.0,1.0,1.0,-0.5,0.5,0.0,-0.5,,,,,conv-43,locomo,baseline
vector_store,vector_store+HindsightTag,True,1,21600.0,3024000.0,0.7,0.1,0.0,14400.0,0.1,1.0,0.625,0.75,-0.125,0.25,0.375,8,8,16,,0.5,0.5,1.0,0.5,1.0,0.0,1.0,1.0,-0.5,0.5,0.0,-0.5,1.0,0.0,0.0,0.0,conv-43,locomo,ablation_0
mem0,mem0,False,2,21600.0,3024000.0,0.7,0.1,0.0,14400.0,0.1,1.0,0.125,0.0,0.125,,0.0,8,8,0,True,0.0,0.0,0.5,0.0,0.0,0.0,0.0,0.0,0.0,0.0,0.5,0.0,,,,,conv-43,locomo,baseline
mem0,mem0+HindsightTag,True,2,21600.0,3024000.0,0.7,0.1,0.0,14400.0,0.1,1.0,0.125,0.0,0.125,0.25,0.125,8,8,16,True,0.5,0.0,0.0,0.0,0.0,0.0,0.0,0.0,0.5,0.0,0.0,0.0,1.0,0.0,0.0,0.0,conv-43,locomo,ablation_0
vector_store,vector_store,False,2,21600.0,3024000.0,0.7,0.1,0.0,14400.0,0.1,1.0,0.75,0.75,0.0,,1.0,8,8,0,,1.0,0.5,1.0,0.5,1.0,0.5,1.0,0.5,0.0,0.0,0.0,0.0,,,,,conv-43,locomo,baseline
vector_store,vector_store+HindsightTag,True,2,21600.0,3024000.0,0.7,0.1,0.0,14400.0,0.1,1.0,0.75,0.75,0.0,0.25,1.0,8,8,16,,1.0,0.5,1.0,0.5,1.0,0.5,1.0,0.5,0.0,0.0,0.0,0.0,1.0,0.0,0.0,0.0,conv-43,locomo,ablation_0
mem0,mem0,False,3,21600.0,3024000.0,0.7,0.1,0.0,14400.0,0.1,1.0,0.0,0.0,0.0,,0.0,8,8,0,True,0.0,0.0,0.0,0.0,0.0,0.0,0.0,0.0,0.0,0.0,0.0,0.0,,,,,conv-43,locomo,baseline
mem0,mem0+HindsightTag,True,3,21600.0,3024000.0,0.7,0.1,0.0,14400.0,0.1,1.0,0.0,0.0,0.0,0.25,0.125,8,8,16,True,0.0,0.0,0.0,0.0,0.0,0.0,0.0,0.0,0.0,0.0,0.0,0.0,1.0,0.0,0.0,0.0,conv-43,locomo,ablation_0
vector_store,vector_store,False,3,21600.0,3024000.0,0.7,0.1,0.0,14400.0,0.1,1.0,0.5,0.5,0.0,,0.625,8,8,0,,1.0,0.5,0.0,0.5,0.5,0.5,0.5,0.5,0.5,0.0,-0.5,0.0,,,,,conv-43,locomo,baseline
vector_store,vector_store+HindsightTag,True,3,21600.0,3024000.0,0.7,0.1,0.0,14400.0,0.1,1.0,0.5,0.5,0.0,0.25,0.625,8,8,16,,1.0,0.5,0.0,0.5,0.5,0.5,0.5,0.5,0.5,0.0,-0.5,0.0,1.0,0.0,0.0,0.0,conv-43,locomo,ablation_0
mem0,mem0,False,4,21600.0,3024000.0,0.7,0.1,0.0,14400.0,0.1,1.0,0.0,0.125,-0.125,,0.0,8,8,0,True,0.0,0.0,0.0,0.0,0.0,0.5,0.0,0.0,0.0,-0.5,0.0,0.0,,,,,conv-43,locomo,baseline
mem0,mem0+HindsightTag,True,4,21600.0,3024000.0,0.7,0.1,0.0,14400.0,0.1,1.0,0.125,0.0,0.125,0.25,0.0,8,8,16,True,0.5,0.0,0.0,0.0,0.0,0.0,0.0,0.0,0.5,0.0,0.0,0.0,1.0,0.0,0.0,0.0,conv-43,locomo,ablation_0
vector_store,vector_store,False,4,21600.0,3024000.0,0.7,0.1,0.0,14400.0,0.1,1.0,0.5,0.75,-0.25,,0.875,8,8,0,,0.5,1.0,0.5,0.0,0.5,1.0,1.0,0.5,0.0,0.0,-0.5,-0.5,,,,,conv-43,locomo,baseline
vector_store,vector_store+HindsightTag,True,4,21600.0,3024000.0,0.7,0.1,0.0,14400.0,0.1,1.0,0.5,0.75,-0.25,0.25,0.875,8,8,16,,0.5,1.0,0.5,0.0,0.5,1.0,1.0,0.5,0.0,0.0,-0.5,-0.5,1.0,0.0,0.0,0.0,conv-43,locomo,ablation_0
mem0,mem0,False,5,21600.0,3024000.0,0.7,0.1,0.0,14400.0,0.1,1.0,0.0,0.0,0.0,,0.0,8,8,0,True,0.0,0.0,0.0,0.0,0.0,0.0,0.0,0.0,0.0,0.0,0.0,0.0,,,,,conv-43,locomo,baseline
mem0,mem0+HindsightTag,True,5,21600.0,3024000.0,0.7,0.1,0.0,14400.0,0.1,1.0,0.0,0.0,0.0,0.25,0.125,8,8,16,True,0.0,0.0,0.0,0.0,0.0,0.0,0.0,0.0,0.0,0.0,0.0,0.0,1.0,0.0,0.0,0.0,conv-43,locomo,ablation_0
vector_store,vector_store,False,5,21600.0,3024000.0,0.7,0.1,0.0,14400.0,0.1,1.0,0.75,1.0,-0.25,,1.0,8,8,0,,1.0,1.0,0.5,0.5,1.0,1.0,1.0,1.0,0.0,0.0,-0.5,-0.5,,,,,conv-43,locomo,baseline
vector_store,vector_store+HindsightTag,True,5,21600.0,3024000.0,0.7,0.1,0.0,14400.0,0.1,1.0,0.75,1.0,-0.25,0.25,1.0,8,8,16,,1.0,1.0,0.5,0.5,1.0,1.0,1.0,1.0,0.0,0.0,-0.5,-0.5,1.0,0.0,0.0,0.0,conv-43,locomo,ablation_0
mem0,mem0,False,6,21600.0,3024000.0,0.7,0.1,0.0,14400.0,0.1,1.0,0.0,0.0,0.0,,0.0,8,8,0,True,0.0,0.0,0.0,0.0,0.0,0.0,0.0,0.0,0.0,0.0,0.0,0.0,,,,,conv-43,locomo,baseline
mem0,mem0+HindsightTag,True,6,21600.0,3024000.0,0.7,0.1,0.0,14400.0,0.1,1.0,0.125,0.0,0.125,0.25,0.125,8,8,16,True,0.5,0.0,0.0,0.0,0.0,0.0,0.0,0.0,0.5,0.0,0.0,0.0,1.0,0.0,0.0,0.0,conv-43,locomo,ablation_0
vector_store,vector_store,False,6,21600.0,3024000.0,0.7,0.1,0.0,14400.0,0.1,1.0,0.375,0.75,-0.375,,0.75,8,8,0,,0.5,0.5,0.5,0.0,0.5,1.0,1.0,0.5,0.0,-0.5,-0.5,-0.5,,,,,conv-43,locomo,baseline
vector_store,vector_store+HindsightTag,True,6,21600.0,3024000.0,0.7,0.1,0.0,14400.0,0.1,1.0,0.375,0.75,-0.375,0.25,0.75,8,8,16,,0.5,0.5,0.5,0.0,0.5,1.0,1.0,0.5,0.0,-0.5,-0.5,-0.5,1.0,0.0,0.0,0.0,conv-43,locomo,ablation_0
mem0,mem0,False,7,21600.0,3024000.0,0.7,0.1,0.0,14400.0,0.1,1.0,0.0,0.0,0.0,,0.0,8,8,0,True,0.0,0.0,0.0,0.0,0.0,0.0,0.0,0.0,0.0,0.0,0.0,0.0,,,,,conv-43,locomo,baseline
mem0,mem0+HindsightTag,True,7,21600.0,3024000.0,0.7,0.1,0.0,14400.0,0.1,1.0,0.125,0.0,0.125,0.25,0.125,8,8,16,True,0.5,0.0,0.0,0.0,0.0,0.0,0.0,0.0,0.5,0.0,0.0,0.0,1.0,0.0,0.0,0.0,conv-43,locomo,ablation_0
vector_store,vector_store,False,7,21600.0,3024000.0,0.7,0.1,0.0,14400.0,0.1,1.0,0.75,0.75,0.0,,0.75,8,8,0,,1.0,0.5,1.0,0.5,0.5,0.5,1.0,1.0,0.5,0.0,0.0,-0.5,,,,,conv-43,locomo,baseline
vector_store,vector_store+HindsightTag,True,7,21600.0,3024000.0,0.7,0.1,0.0,14400.0,0.1,1.0,0.75,0.75,0.0,0.25,0.75,8,8,16,,1.0,0.5,1.0,0.5,0.5,0.5,1.0,1.0,0.5,0.0,0.0,-0.5,1.0,0.0,0.0,0.0,conv-43,locomo,ablation_0
mem0,mem0,False,8,21600.0,3024000.0,0.7,0.1,0.0,14400.0,0.1,1.0,0.0,0.0,0.0,,0.0,8,8,0,True,0.0,0.0,0.0,0.0,0.0,0.0,0.0,0.0,0.0,0.0,0.0,0.0,,,,,conv-43,locomo,baseline
mem0,mem0+HindsightTag,True,8,21600.0,3024000.0,0.7,0.1,0.0,14400.0,0.1,1.0,0.125,0.0,0.125,0.25,0.0,8,8,16,True,0.5,0.0,0.0,0.0,0.0,0.0,0.0,0.0,0.5,0.0,0.0,0.0,1.0,0.0,0.0,0.0,conv-43,locomo,ablation_0
vector_store,vector_store,False,8,21600.0,3024000.0,0.7,0.1,0.0,14400.0,0.1,1.0,0.875,0.875,0.0,,1.0,8,8,0,,1.0,0.5,1.0,1.0,1.0,1.0,0.5,1.0,0.0,-0.5,0.5,0.0,,,,,conv-43,locomo,baseline
vector_store,vector_store+HindsightTag,True,8,21600.0,3024000.0,0.7,0.1,0.0,14400.0,0.1,1.0,0.875,0.875,0.0,0.25,1.0,8,8,16,,1.0,0.5,1.0,1.0,1.0,1.0,0.5,1.0,0.0,-0.5,0.5,0.0,1.0,0.0,0.0,0.0,conv-43,locomo,ablation_0
mem0,mem0,False,9,21600.0,3024000.0,0.7,0.1,0.0,14400.0,0.1,1.0,0.125,0.0,0.125,,0.0,8,8,0,True,0.5,0.0,0.0,0.0,0.0,0.0,0.0,0.0,0.5,0.0,0.0,0.0,,,,,conv-43,locomo,baseline
mem0,mem0+HindsightTag,True,9,21600.0,3024000.0,0.7,0.1,0.0,14400.0,0.1,1.0,0.125,0.0,0.125,0.25,0.0,8,8,16,True,0.5,0.0,0.0,0.0,0.0,0.0,0.0,0.0,0.5,0.0,0.0,0.0,1.0,0.0,0.0,0.0,conv-43,locomo,ablation_0
vector_store,vector_store,False,9,21600.0,3024000.0,0.7,0.1,0.0,14400.0,0.1,1.0,0.75,0.375,0.375,,0.875,8,8,0,,1.0,0.5,0.5,1.0,0.0,1.0,0.0,0.5,1.0,-0.5,0.5,0.5,,,,,conv-43,locomo,baseline
vector_store,vector_store+HindsightTag,True,9,21600.0,3024000.0,0.7,0.1,0.0,14400.0,0.1,1.0,0.75,0.375,0.375,0.25,0.875,8,8,16,,1.0,0.5,0.5,1.0,0.0,1.0,0.0,0.5,1.0,-0.5,0.5,0.5,1.0,0.0,0.0,0.0,conv-43,locomo,ablation_0
mem0,mem0,False,0,21600.0,3024000.0,0.7,0.1,0.0,14400.0,0.1,1.0,0.0,0.0,0.0,,0.0,8,8,0,True,0.0,0.0,0.0,0.0,0.0,0.0,0.0,0.0,0.0,0.0,0.0,0.0,,,,,conv-44,locomo,baseline
mem0,mem0+HindsightTag,True,0,21600.0,3024000.0,0.7,0.1,0.0,14400.0,0.1,1.0,0.0,0.0,0.0,0.25,0.125,8,8,16,True,0.0,0.0,0.0,0.0,0.0,0.0,0.0,0.0,0.0,0.0,0.0,0.0,1.0,0.0,0.0,0.0,conv-44,locomo,ablation_0
vector_store,vector_store,False,0,21600.0,3024000.0,0.7,0.1,0.0,14400.0,0.1,1.0,0.75,0.75,0.0,,1.0,8,8,0,,0.5,1.0,1.0,0.5,1.0,0.5,0.5,1.0,-0.5,0.5,0.5,-0.5,,,,,conv-44,locomo,baseline
vector_store,vector_store+HindsightTag,True,0,21600.0,3024000.0,0.7,0.1,0.0,14400.0,0.1,1.0,0.75,0.75,0.0,0.25,1.0,8,8,16,,0.5,1.0,1.0,0.5,1.0,0.5,0.5,1.0,-0.5,0.5,0.5,-0.5,1.0,0.0,0.0,0.0,conv-44,locomo,ablation_0
mem0,mem0,False,1,21600.0,3024000.0,0.7,0.1,0.0,14400.0,0.1,1.0,0.0,0.0,0.0,,0.0,8,8,0,True,0.0,0.0,0.0,0.0,0.0,0.0,0.0,0.0,0.0,0.0,0.0,0.0,,,,,conv-44,locomo,baseline
mem0,mem0+HindsightTag,True,1,21600.0,3024000.0,0.7,0.1,0.0,14400.0,0.1,1.0,0.0,0.0,0.0,0.25,0.125,8,8,16,True,0.0,0.0,0.0,0.0,0.0,0.0,0.0,0.0,0.0,0.0,0.0,0.0,1.0,0.0,0.0,0.0,conv-44,locomo,ablation_0
vector_store,vector_store,False,1,21600.0,3024000.0,0.7,0.1,0.0,14400.0,0.1,1.0,0.375,0.875,-0.5,,0.875,8,8,0,,0.5,0.5,0.5,0.0,1.0,1.0,0.5,1.0,-0.5,-0.5,0.0,-1.0,,,,,conv-44,locomo,baseline
vector_store,vector_store+HindsightTag,True,1,21600.0,3024000.0,0.7,0.1,0.0,14400.0,0.1,1.0,0.375,0.875,-0.5,0.25,0.875,8,8,16,,0.5,0.5,0.5,0.0,1.0,1.0,0.5,1.0,-0.5,-0.5,0.0,-1.0,1.0,0.0,0.0,0.0,conv-44,locomo,ablation_0
mem0,mem0,False,2,21600.0,3024000.0,0.7,0.1,0.0,14400.0,0.1,1.0,0.0,0.0,0.0,,0.0,8,8,0,True,0.0,0.0,0.0,0.0,0.0,0.0,0.0,0.0,0.0,0.0,0.0,0.0,,,,,conv-44,locomo,baseline
mem0,mem0+HindsightTag,True,2,21600.0,3024000.0,0.7,0.1,0.0,14400.0,0.1,1.0,0.125,0.0,0.125,0.25,0.0,8,8,16,True,0.5,0.0,0.0,0.0,0.0,0.0,0.0,0.0,0.5,0.0,0.0,0.0,1.0,0.0,0.0,0.0,conv-44,locomo,ablation_0
vector_store,vector_store,False,2,21600.0,3024000.0,0.7,0.1,0.0,14400.0,0.1,1.0,0.75,0.75,0.0,,1.0,8,8,0,,1.0,0.0,1.0,1.0,0.5,1.0,0.5,1.0,0.5,-1.0,0.5,0.0,,,,,conv-44,locomo,baseline
vector_store,vector_store+HindsightTag,True,2,21600.0,3024000.0,0.7,0.1,0.0,14400.0,0.1,1.0,0.75,0.75,0.0,0.25,1.0,8,8,16,,1.0,0.0,1.0,1.0,0.5,1.0,0.5,1.0,0.5,-1.0,0.5,0.0,1.0,0.0,0.0,0.0,conv-44,locomo,ablation_0
mem0,mem0,False,3,21600.0,3024000.0,0.7,0.1,0.0,14400.0,0.1,1.0,0.0,0.0,0.0,,0.0,8,8,0,True,0.0,0.0,0.0,0.0,0.0,0.0,0.0,0.0,0.0,0.0,0.0,0.0,,,,,conv-44,locomo,baseline
mem0,mem0+HindsightTag,True,3,21600.0,3024000.0,0.7,0.1,0.0,14400.0,0.1,1.0,0.125,0.0,0.125,0.25,0.0,8,8,16,True,0.0,0.0,0.0,0.5,0.0,0.0,0.0,0.0,0.0,0.0,0.0,0.5,1.0,0.0,0.0,0.0,conv-44,locomo,ablation_0
vector_store,vector_store,False,3,21600.0,3024000.0,0.7,0.1,0.0,14400.0,0.1,1.0,0.5,0.875,-0.375,,0.75,8,8,0,,1.0,0.5,0.0,0.5,1.0,1.0,1.0,0.5,0.0,-0.5,-1.0,0.0,,,,,conv-44,locomo,baseline
vector_store,vector_store+HindsightTag,True,3,21600.0,3024000.0,0.7,0.1,0.0,14400.0,0.1,1.0,0.5,0.875,-0.375,0.25,0.75,8,8,16,,1.0,0.5,0.0,0.5,1.0,1.0,1.0,0.5,0.0,-0.5,-1.0,0.0,1.0,0.0,0.0,0.0,conv-44,locomo,ablation_0
mem0,mem0,False,4,21600.0,3024000.0,0.7,0.1,0.0,14400.0,0.1,1.0,0.0,0.0,0.0,,0.0,8,8,0,True,0.0,0.0,0.0,0.0,0.0,0.0,0.0,0.0,0.0,0.0,0.0,0.0,,,,,conv-44,locomo,baseline
mem0,mem0+HindsightTag,True,4,21600.0,3024000.0,0.7,0.1,0.0,14400.0,0.1,1.0,0.125,0.0,0.125,0.25,0.0,8,8,16,True,0.5,0.0,0.0,0.0,0.0,0.0,0.0,0.0,0.5,0.0,0.0,0.0,1.0,0.0,0.0,0.0,conv-44,locomo,ablation_0
vector_store,vector_store,False,4,21600.0,3024000.0,0.7,0.1,0.0,14400.0,0.1,1.0,0.875,0.5,0.375,,0.625,8,8,0,,0.5,1.0,1.0,1.0,0.5,0.5,0.0,1.0,0.0,0.5,1.0,0.0,,,,,conv-44,locomo,baseline
vector_store,vector_store+HindsightTag,True,4,21600.0,3024000.0,0.7,0.1,0.0,14400.0,0.1,1.0,0.875,0.5,0.375,0.25,0.625,8,8,16,,0.5,1.0,1.0,1.0,0.5,0.5,0.0,1.0,0.0,0.5,1.0,0.0,1.0,0.0,0.0,0.0,conv-44,locomo,ablation_0
mem0,mem0,False,5,21600.0,3024000.0,0.7,0.1,0.0,14400.0,0.1,1.0,0.0,0.0,0.0,,0.0,8,8,0,True,0.0,0.0,0.0,0.0,0.0,0.0,0.0,0.0,0.0,0.0,0.0,0.0,,,,,conv-44,locomo,baseline
mem0,mem0+HindsightTag,True,5,21600.0,3024000.0,0.7,0.1,0.0,14400.0,0.1,1.0,0.0,0.0,0.0,0.25,0.125,8,8,16,True,0.0,0.0,0.0,0.0,0.0,0.0,0.0,0.0,0.0,0.0,0.0,0.0,1.0,0.0,0.0,0.0,conv-44,locomo,ablation_0
vector_store,vector_store,False,5,21600.0,3024000.0,0.7,0.1,0.0,14400.0,0.1,1.0,0.75,0.875,-0.125,,0.75,8,8,0,,1.0,0.5,0.5,1.0,1.0,1.0,0.5,1.0,0.0,-0.5,0.0,0.0,,,,,conv-44,locomo,baseline
vector_store,vector_store+HindsightTag,True,5,21600.0,3024000.0,0.7,0.1,0.0,14400.0,0.1,1.0,0.75,0.875,-0.125,0.25,0.75,8,8,16,,1.0,0.5,0.5,1.0,1.0,1.0,0.5,1.0,0.0,-0.5,0.0,0.0,1.0,0.0,0.0,0.0,conv-44,locomo,ablation_0
mem0,mem0,False,6,21600.0,3024000.0,0.7,0.1,0.0,14400.0,0.1,1.0,0.0,0.0,0.0,,0.0,8,8,0,True,0.0,0.0,0.0,0.0,0.0,0.0,0.0,0.0,0.0,0.0,0.0,0.0,,,,,conv-44,locomo,baseline
mem0,mem0+HindsightTag,True,6,21600.0,3024000.0,0.7,0.1,0.0,14400.0,0.1,1.0,0.125,0.0,0.125,0.25,0.125,8,8,16,True,0.5,0.0,0.0,0.0,0.0,0.0,0.0,0.0,0.5,0.0,0.0,0.0,1.0,0.0,0.0,0.0,conv-44,locomo,ablation_0
vector_store,vector_store,False,6,21600.0,3024000.0,0.7,0.1,0.0,14400.0,0.1,1.0,0.75,0.625,0.125,,0.625,8,8,0,,0.5,1.0,1.0,0.5,0.0,1.0,1.0,0.5,0.5,0.0,0.0,0.0,,,,,conv-44,locomo,baseline
vector_store,vector_store+HindsightTag,True,6,21600.0,3024000.0,0.7,0.1,0.0,14400.0,0.1,1.0,0.75,0.625,0.125,0.25,0.625,8,8,16,,0.5,1.0,1.0,0.5,0.0,1.0,1.0,0.5,0.5,0.0,0.0,0.0,1.0,0.0,0.0,0.0,conv-44,locomo,ablation_0
mem0,mem0,False,7,21600.0,3024000.0,0.7,0.1,0.0,14400.0,0.1,1.0,0.0,0.0,0.0,,0.0,8,8,0,True,0.0,0.0,0.0,0.0,0.0,0.0,0.0,0.0,0.0,0.0,0.0,0.0,,,,,conv-44,locomo,baseline
mem0,mem0+HindsightTag,True,7,21600.0,3024000.0,0.7,0.1,0.0,14400.0,0.1,1.0,0.25,0.0,0.25,0.25,0.0,8,8,16,True,0.5,0.0,0.5,0.0,0.0,0.0,0.0,0.0,0.5,0.0,0.5,0.0,1.0,0.0,0.0,0.0,conv-44,locomo,ablation_0
vector_store,vector_store,False,7,21600.0,3024000.0,0.7,0.1,0.0,14400.0,0.1,1.0,0.625,0.875,-0.25,,0.875,8,8,0,,1.0,1.0,0.5,0.0,1.0,1.0,0.5,1.0,0.0,0.0,0.0,-1.0,,,,,conv-44,locomo,baseline
vector_store,vector_store+HindsightTag,True,7,21600.0,3024000.0,0.7,0.1,0.0,14400.0,0.1,1.0,0.625,0.875,-0.25,0.25,0.875,8,8,16,,1.0,1.0,0.5,0.0,1.0,1.0,0.5,1.0,0.0,0.0,0.0,-1.0,1.0,0.0,0.0,0.0,conv-44,locomo,ablation_0
mem0,mem0,False,8,21600.0,3024000.0,0.7,0.1,0.0,14400.0,0.1,1.0,0.0,0.0,0.0,,0.0,8,8,0,True,0.0,0.0,0.0,0.0,0.0,0.0,0.0,0.0,0.0,0.0,0.0,0.0,,,,,conv-44,locomo,baseline
mem0,mem0+HindsightTag,True,8,21600.0,3024000.0,0.7,0.1,0.0,14400.0,0.1,1.0,0.125,0.0,0.125,0.25,0.0,8,8,16,True,0.5,0.0,0.0,0.0,0.0,0.0,0.0,0.0,0.5,0.0,0.0,0.0,1.0,0.0,0.0,0.0,conv-44,locomo,ablation_0
vector_store,vector_store,False,8,21600.0,3024000.0,0.7,0.1,0.0,14400.0,0.1,1.0,0.875,0.875,0.0,,0.5,8,8,0,,0.5,1.0,1.0,1.0,1.0,1.0,1.0,0.5,-0.5,0.0,0.0,0.5,,,,,conv-44,locomo,baseline
vector_store,vector_store+HindsightTag,True,8,21600.0,3024000.0,0.7,0.1,0.0,14400.0,0.1,1.0,0.875,0.875,0.0,0.25,0.5,8,8,16,,0.5,1.0,1.0,1.0,1.0,1.0,1.0,0.5,-0.5,0.0,0.0,0.5,1.0,0.0,0.0,0.0,conv-44,locomo,ablation_0
mem0,mem0,False,9,21600.0,3024000.0,0.7,0.1,0.0,14400.0,0.1,1.0,0.0,0.0,0.0,,0.0,8,8,0,True,0.0,0.0,0.0,0.0,0.0,0.0,0.0,0.0,0.0,0.0,0.0,0.0,,,,,conv-44,locomo,baseline
mem0,mem0+HindsightTag,True,9,21600.0,3024000.0,0.7,0.1,0.0,14400.0,0.1,1.0,0.125,0.0,0.125,0.25,0.0,8,8,16,True,0.5,0.0,0.0,0.0,0.0,0.0,0.0,0.0,0.5,0.0,0.0,0.0,1.0,0.0,0.0,0.0,conv-44,locomo,ablation_0
vector_store,vector_store,False,9,21600.0,3024000.0,0.7,0.1,0.0,14400.0,0.1,1.0,0.625,0.875,-0.25,,0.875,8,8,0,,0.5,0.0,1.0,1.0,0.5,1.0,1.0,1.0,0.0,-1.0,0.0,0.0,,,,,conv-44,locomo,baseline
vector_store,vector_store+HindsightTag,True,9,21600.0,3024000.0,0.7,0.1,0.0,14400.0,0.1,1.0,0.625,0.875,-0.25,0.25,0.875,8,8,16,,0.5,0.0,1.0,1.0,0.5,1.0,1.0,1.0,0.0,-1.0,0.0,0.0,1.0,0.0,0.0,0.0,conv-44,locomo,ablation_0
mem0,mem0,False,0,21600.0,3024000.0,0.7,0.1,0.0,14400.0,0.1,1.0,0.125,0.0,0.125,,0.0,8,8,0,True,0.5,0.0,0.0,0.0,0.0,0.0,0.0,0.0,0.5,0.0,0.0,0.0,,,,,conv-47,locomo,baseline
mem0,mem0+HindsightTag,True,0,21600.0,3024000.0,0.7,0.1,0.0,14400.0,0.1,1.0,0.125,0.0,0.125,0.25,0.125,8,8,16,True,0.5,0.0,0.0,0.0,0.0,0.0,0.0,0.0,0.5,0.0,0.0,0.0,1.0,0.0,0.0,0.0,conv-47,locomo,ablation_0
vector_store,vector_store,False,0,21600.0,3024000.0,0.7,0.1,0.0,14400.0,0.1,1.0,0.875,0.875,0.0,,1.0,8,8,0,,1.0,1.0,0.5,1.0,1.0,1.0,1.0,0.5,0.0,0.0,-0.5,0.5,,,,,conv-47,locomo,baseline
vector_store,vector_store+HindsightTag,True,0,21600.0,3024000.0,0.7,0.1,0.0,14400.0,0.1,1.0,0.875,0.875,0.0,0.25,1.0,8,8,16,,1.0,1.0,0.5,1.0,1.0,1.0,1.0,0.5,0.0,0.0,-0.5,0.5,1.0,0.0,0.0,0.0,conv-47,locomo,ablation_0
mem0,mem0,False,1,21600.0,3024000.0,0.7,0.1,0.0,14400.0,0.1,1.0,0.0,0.0,0.0,,0.0,8,8,0,True,0.0,0.0,0.0,0.0,0.0,0.0,0.0,0.0,0.0,0.0,0.0,0.0,,,,,conv-47,locomo,baseline
mem0,mem0+HindsightTag,True,1,21600.0,3024000.0,0.7,0.1,0.0,14400.0,0.1,1.0,0.125,0.0,0.125,0.25,0.0,8,8,16,True,0.5,0.0,0.0,0.0,0.0,0.0,0.0,0.0,0.5,0.0,0.0,0.0,1.0,0.0,0.0,0.0,conv-47,locomo,ablation_0
vector_store,vector_store,False,1,21600.0,3024000.0,0.7,0.1,0.0,14400.0,0.1,1.0,0.75,0.75,0.0,,0.875,8,8,0,,0.5,0.5,1.0,1.0,0.5,1.0,0.5,1.0,0.0,-0.5,0.5,0.0,,,,,conv-47,locomo,baseline
vector_store,vector_store+HindsightTag,True,1,21600.0,3024000.0,0.7,0.1,0.0,14400.0,0.1,1.0,0.75,0.75,0.0,0.25,0.875,8,8,16,,0.5,0.5,1.0,1.0,0.5,1.0,0.5,1.0,0.0,-0.5,0.5,0.0,1.0,0.0,0.0,0.0,conv-47,locomo,ablation_0
mem0,mem0,False,2,21600.0,3024000.0,0.7,0.1,0.0,14400.0,0.1,1.0,0.0,0.0,0.0,,0.0,8,8,0,True,0.0,0.0,0.0,0.0,0.0,0.0,0.0,0.0,0.0,0.0,0.0,0.0,,,,,conv-47,locomo,baseline
mem0,mem0+HindsightTag,True,2,21600.0,3024000.0,0.7,0.1,0.0,14400.0,0.1,1.0,0.0,0.0,0.0,0.25,0.0,8,8,16,True,0.0,0.0,0.0,0.0,0.0,0.0,0.0,0.0,0.0,0.0,0.0,0.0,1.0,0.0,0.0,0.0,conv-47,locomo,ablation_0
vector_store,vector_store,False,2,21600.0,3024000.0,0.7,0.1,0.0,14400.0,0.1,1.0,0.75,0.75,0.0,,0.75,8,8,0,,1.0,1.0,1.0,0.0,1.0,1.0,0.5,0.5,0.0,0.0,0.5,-0.5,,,,,conv-47,locomo,baseline
vector_store,vector_store+HindsightTag,True,2,21600.0,3024000.0,0.7,0.1,0.0,14400.0,0.1,1.0,0.75,0.75,0.0,0.25,0.75,8,8,16,,1.0,1.0,1.0,0.0,1.0,1.0,0.5,0.5,0.0,0.0,0.5,-0.5,1.0,0.0,0.0,0.0,conv-47,locomo,ablation_0
mem0,mem0,False,3,21600.0,3024000.0,0.7,0.1,0.0,14400.0,0.1,1.0,0.125,0.0,0.125,,0.0,8,8,0,True,0.0,0.0,0.5,0.0,0.0,0.0,0.0,0.0,0.0,0.0,0.5,0.0,,,,,conv-47,locomo,baseline
mem0,mem0+HindsightTag,True,3,21600.0,3024000.0,0.7,0.1,0.0,14400.0,0.1,1.0,0.25,0.0,0.25,0.25,0.25,8,8,16,True,0.5,0.0,0.5,0.0,0.0,0.0,0.0,0.0,0.5,0.0,0.5,0.0,1.0,0.0,0.0,0.0,conv-47,locomo,ablation_0
vector_store,vector_store,False,3,21600.0,3024000.0,0.7,0.1,0.0,14400.0,0.1,1.0,0.5,0.625,-0.125,,1.0,8,8,0,,1.0,0.5,0.0,0.5,1.0,1.0,0.0,0.5,0.0,-0.5,0.0,0.0,,,,,conv-47,locomo,baseline
vector_store,vector_store+HindsightTag,True,3,21600.0,3024000.0,0.7,0.1,0.0,14400.0,0.1,1.0,0.5,0.625,-0.125,0.25,1.0,8,8,16,,1.0,0.5,0.0,0.5,1.0,1.0,0.0,0.5,0.0,-0.5,0.0,0.0,1.0,0.0,0.0,0.0,conv-47,locomo,ablation_0
mem0,mem0,False,4,21600.0,3024000.0,0.7,0.1,0.0,14400.0,0.1,1.0,0.25,0.0,0.25,,0.0,8,8,0,True,0.5,0.0,0.5,0.0,0.0,0.0,0.0,0.0,0.5,0.0,0.5,0.0,,,,,conv-47,locomo,baseline
mem0,mem0+HindsightTag,True,4,21600.0,3024000.0,0.7,0.1,0.0,14400.0,0.1,1.0,0.125,0.0,0.125,0.25,0.0,8,8,16,True,0.5,0.0,0.0,0.0,0.0,0.0,0.0,0.0,0.5,0.0,0.0,0.0,1.0,0.0,0.0,0.0,conv-47,locomo,ablation_0
vector_store,vector_store,False,4,21600.0,3024000.0,0.7,0.1,0.0,14400.0,0.1,1.0,0.625,0.875,-0.25,,1.0,8,8,0,,0.5,1.0,0.0,1.0,0.5,1.0,1.0,1.0,0.0,0.0,-1.0,0.0,,,,,conv-47,locomo,baseline
vector_store,vector_store+HindsightTag,True,4,21600.0,3024000.0,0.7,0.1,0.0,14400.0,0.1,1.0,0.625,0.875,-0.25,0.25,1.0,8,8,16,,0.5,1.0,0.0,1.0,0.5,1.0,1.0,1.0,0.0,0.0,-1.0,0.0,1.0,0.0,0.0,0.0,conv-47,locomo,ablation_0
mem0,mem0,False,5,21600.0,3024000.0,0.7,0.1,0.0,14400.0,0.1,1.0,0.125,0.0,0.125,,0.0,8,8,0,True,0.0,0.5,0.0,0.0,0.0,0.0,0.0,0.0,0.0,0.5,0.0,0.0,,,,,conv-47,locomo,baseline
mem0,mem0+HindsightTag,True,5,21600.0,3024000.0,0.7,0.1,0.0,14400.0,0.1,1.0,0.0,0.0,0.0,0.25,0.25,8,8,16,True,0.0,0.0,0.0,0.0,0.0,0.0,0.0,0.0,0.0,0.0,0.0,0.0,1.0,0.0,0.0,0.0,conv-47,locomo,ablation_0
vector_store,vector_store,False,5,21600.0,3024000.0,0.7,0.1,0.0,14400.0,0.1,1.0,0.625,0.75,-0.125,,0.375,8,8,0,,0.5,1.0,0.5,0.5,0.5,0.5,1.0,1.0,0.0,0.5,-0.5,-0.5,,,,,conv-47,locomo,baseline
vector_store,vector_store+HindsightTag,True,5,21600.0,3024000.0,0.7,0.1,0.0,14400.0,0.1,1.0,0.625,0.75,-0.125,0.25,0.375,8,8,16,,0.5,1.0,0.5,0.5,0.5,0.5,1.0,1.0,0.0,0.5,-0.5,-0.5,1.0,0.0,0.0,0.0,conv-47,locomo,ablation_0
mem0,mem0,False,6,21600.0,3024000.0,0.7,0.1,0.0,14400.0,0.1,1.0,0.125,0.0,0.125,,0.0,8,8,0,True,0.5,0.0,0.0,0.0,0.0,0.0,0.0,0.0,0.5,0.0,0.0,0.0,,,,,conv-47,locomo,baseline
mem0,mem0+HindsightTag,True,6,21600.0,3024000.0,0.7,0.1,0.0,14400.0,0.1,1.0,0.125,0.0,0.125,0.25,0.125,8,8,16,True,0.5,0.0,0.0,0.0,0.0,0.0,0.0,0.0,0.5,0.0,0.0,0.0,1.0,0.0,0.0,0.0,conv-47,locomo,ablation_0
vector_store,vector_store,False,6,21600.0,3024000.0,0.7,0.1,0.0,14400.0,0.1,1.0,0.25,0.875,-0.625,,0.625,8,8,0,,0.0,0.5,0.5,0.0,0.5,1.0,1.0,1.0,-0.5,-0.5,-0.5,-1.0,,,,,conv-47,locomo,baseline
vector_store,vector_store+HindsightTag,True,6,21600.0,3024000.0,0.7,0.1,0.0,14400.0,0.1,1.0,0.25,0.875,-0.625,0.25,0.625,8,8,16,,0.0,0.5,0.5,0.0,0.5,1.0,1.0,1.0,-0.5,-0.5,-0.5,-1.0,1.0,0.0,0.0,0.0,conv-47,locomo,ablation_0
mem0,mem0,False,7,21600.0,3024000.0,0.7,0.1,0.0,14400.0,0.1,1.0,0.125,0.0,0.125,,0.125,8,8,0,True,0.0,0.5,0.0,0.0,0.0,0.0,0.0,0.0,0.0,0.5,0.0,0.0,,,,,conv-47,locomo,baseline
mem0,mem0+HindsightTag,True,7,21600.0,3024000.0,0.7,0.1,0.0,14400.0,0.1,1.0,0.125,0.0,0.125,0.25,0.125,8,8,16,True,0.5,0.0,0.0,0.0,0.0,0.0,0.0,0.0,0.5,0.0,0.0,0.0,1.0,0.0,0.0,0.0,conv-47,locomo,ablation_0
vector_store,vector_store,False,7,21600.0,3024000.0,0.7,0.1,0.0,14400.0,0.1,1.0,1.0,1.0,0.0,,0.875,8,8,0,,1.0,1.0,1.0,1.0,1.0,1.0,1.0,1.0,0.0,0.0,0.0,0.0,,,,,conv-47,locomo,baseline
vector_store,vector_store+HindsightTag,True,7,21600.0,3024000.0,0.7,0.1,0.0,14400.0,0.1,1.0,1.0,1.0,0.0,0.25,0.875,8,8,16,,1.0,1.0,1.0,1.0,1.0,1.0,1.0,1.0,0.0,0.0,0.0,0.0,1.0,0.0,0.0,0.0,conv-47,locomo,ablation_0
mem0,mem0,False,8,21600.0,3024000.0,0.7,0.1,0.0,14400.0,0.1,1.0,0.0,0.125,-0.125,,0.0,8,8,0,True,0.0,0.0,0.0,0.0,0.5,0.0,0.0,0.0,-0.5,0.0,0.0,0.0,,,,,conv-47,locomo,baseline
mem0,mem0+HindsightTag,True,8,21600.0,3024000.0,0.7,0.1,0.0,14400.0,0.1,1.0,0.0,0.125,-0.125,0.25,0.125,8,8,16,True,0.0,0.0,0.0,0.0,0.5,0.0,0.0,0.0,-0.5,0.0,0.0,0.0,1.0,0.0,0.0,0.0,conv-47,locomo,ablation_0
vector_store,vector_store,False,8,21600.0,3024000.0,0.7,0.1,0.0,14400.0,0.1,1.0,1.0,0.875,0.125,,0.875,8,8,0,,1.0,1.0,1.0,1.0,1.0,1.0,0.5,1.0,0.0,0.0,0.5,0.0,,,,,conv-47,locomo,baseline
vector_store,vector_store+HindsightTag,True,8,21600.0,3024000.0,0.7,0.1,0.0,14400.0,0.1,1.0,1.0,0.875,0.125,0.25,0.875,8,8,16,,1.0,1.0,1.0,1.0,1.0,1.0,0.5,1.0,0.0,0.0,0.5,0.0,1.0,0.0,0.0,0.0,conv-47,locomo,ablation_0
mem0,mem0,False,9,21600.0,3024000.0,0.7,0.1,0.0,14400.0,0.1,1.0,0.0,0.0,0.0,,0.0,8,8,0,True,0.0,0.0,0.0,0.0,0.0,0.0,0.0,0.0,0.0,0.0,0.0,0.0,,,,,conv-47,locomo,baseline
mem0,mem0+HindsightTag,True,9,21600.0,3024000.0,0.7,0.1,0.0,14400.0,0.1,1.0,0.125,0.0,0.125,0.25,0.0,8,8,16,True,0.5,0.0,0.0,0.0,0.0,0.0,0.0,0.0,0.5,0.0,0.0,0.0,1.0,0.0,0.0,0.0,conv-47,locomo,ablation_0
vector_store,vector_store,False,9,21600.0,3024000.0,0.7,0.1,0.0,14400.0,0.1,1.0,0.75,0.75,0.0,,0.75,8,8,0,,0.5,1.0,0.5,1.0,1.0,0.5,1.0,0.5,-0.5,0.5,-0.5,0.5,,,,,conv-47,locomo,baseline
vector_store,vector_store+HindsightTag,True,9,21600.0,3024000.0,0.7,0.1,0.0,14400.0,0.1,1.0,0.75,0.75,0.0,0.25,0.75,8,8,16,,0.5,1.0,0.5,1.0,1.0,0.5,1.0,0.5,-0.5,0.5,-0.5,0.5,1.0,0.0,0.0,0.0,conv-47,locomo,ablation_0
mem0,mem0,False,0,21600.0,3024000.0,0.7,0.1,0.0,14400.0,0.1,1.0,0.0,0.0,0.0,,0.0,8,8,0,True,0.0,0.0,0.0,0.0,0.0,0.0,0.0,0.0,0.0,0.0,0.0,0.0,,,,,conv-48,locomo,baseline
mem0,mem0+HindsightTag,True,0,21600.0,3024000.0,0.7,0.1,0.0,14400.0,0.1,1.0,0.125,0.125,0.0,0.25,0.0,8,8,16,True,0.5,0.0,0.0,0.0,0.0,0.0,0.0,0.5,0.5,0.0,0.0,-0.5,1.0,0.0,0.0,0.0,conv-48,locomo,ablation_0
vector_store,vector_store,False,0,21600.0,3024000.0,0.7,0.1,0.0,14400.0,0.1,1.0,0.5,1.0,-0.5,,0.75,8,8,0,,1.0,1.0,0.0,0.0,1.0,1.0,1.0,1.0,0.0,0.0,-1.0,-1.0,,,,,conv-48,locomo,baseline
vector_store,vector_store+HindsightTag,True,0,21600.0,3024000.0,0.7,0.1,0.0,14400.0,0.1,1.0,0.5,1.0,-0.5,0.25,0.75,8,8,16,,1.0,1.0,0.0,0.0,1.0,1.0,1.0,1.0,0.0,0.0,-1.0,-1.0,1.0,0.0,0.0,0.0,conv-48,locomo,ablation_0
mem0,mem0,False,1,21600.0,3024000.0,0.7,0.1,0.0,14400.0,0.1,1.0,0.125,0.0,0.125,,0.0,8,8,0,True,0.5,0.0,0.0,0.0,0.0,0.0,0.0,0.0,0.5,0.0,0.0,0.0,,,,,conv-48,locomo,baseline
mem0,mem0+HindsightTag,True,1,21600.0,3024000.0,0.7,0.1,0.0,14400.0,0.1,1.0,0.125,0.0,0.125,0.25,0.125,8,8,16,True,0.5,0.0,0.0,0.0,0.0,0.0,0.0,0.0,0.5,0.0,0.0,0.0,1.0,0.0,0.0,0.0,conv-48,locomo,ablation_0
vector_store,vector_store,False,1,21600.0,3024000.0,0.7,0.1,0.0,14400.0,0.1,1.0,0.75,0.5,0.25,,0.75,8,8,0,,0.5,0.5,1.0,1.0,0.5,0.5,0.5,0.5,0.0,0.0,0.5,0.5,,,,,conv-48,locomo,baseline
vector_store,vector_store+HindsightTag,True,1,21600.0,3024000.0,0.7,0.1,0.0,14400.0,0.1,1.0,0.75,0.5,0.25,0.25,0.75,8,8,16,,0.5,0.5,1.0,1.0,0.5,0.5,0.5,0.5,0.0,0.0,0.5,0.5,1.0,0.0,0.0,0.0,conv-48,locomo,ablation_0
mem0,mem0,False,2,21600.0,3024000.0,0.7,0.1,0.0,14400.0,0.1,1.0,0.0,0.0,0.0,,0.0,8,8,0,True,0.0,0.0,0.0,0.0,0.0,0.0,0.0,0.0,0.0,0.0,0.0,0.0,,,,,conv-48,locomo,baseline
mem0,mem0+HindsightTag,True,2,21600.0,3024000.0,0.7,0.1,0.0,14400.0,0.1,1.0,0.0,0.0,0.0,0.25,0.0,8,8,16,True,0.0,0.0,0.0,0.0,0.0,0.0,0.0,0.0,0.0,0.0,0.0,0.0,1.0,0.0,0.0,0.0,conv-48,locomo,ablation_0
vector_store,vector_store,False,2,21600.0,3024000.0,0.7,0.1,0.0,14400.0,0.1,1.0,0.625,0.5,0.125,,1.0,8,8,0,,1.0,1.0,0.5,0.0,0.5,0.5,1.0,0.0,0.5,0.5,-0.5,0.0,,,,,conv-48,locomo,baseline
vector_store,vector_store+HindsightTag,True,2,21600.0,3024000.0,0.7,0.1,0.0,14400.0,0.1,1.0,0.625,0.5,0.125,0.25,1.0,8,8,16,,1.0,1.0,0.5,0.0,0.5,0.5,1.0,0.0,0.5,0.5,-0.5,0.0,1.0,0.0,0.0,0.0,conv-48,locomo,ablation_0
mem0,mem0,False,3,21600.0,3024000.0,0.7,0.1,0.0,14400.0,0.1,1.0,0.0,0.0,0.0,,0.0,8,8,0,True,0.0,0.0,0.0,0.0,0.0,0.0,0.0,0.0,0.0,0.0,0.0,0.0,,,,,conv-48,locomo,baseline
mem0,mem0+HindsightTag,True,3,21600.0,3024000.0,0.7,0.1,0.0,14400.0,0.1,1.0,0.125,0.0,0.125,0.25,0.125,8,8,16,True,0.5,0.0,0.0,0.0,0.0,0.0,0.0,0.0,0.5,0.0,0.0,0.0,1.0,0.0,0.0,0.0,conv-48,locomo,ablation_0
vector_store,vector_store,False,3,21600.0,3024000.0,0.7,0.1,0.0,14400.0,0.1,1.0,0.75,0.625,0.125,,0.875,8,8,0,,1.0,1.0,0.5,0.5,0.5,1.0,0.5,0.5,0.5,0.0,0.0,0.0,,,,,conv-48,locomo,baseline
vector_store,vector_store+HindsightTag,True,3,21600.0,3024000.0,0.7,0.1,0.0,14400.0,0.1,1.0,0.75,0.625,0.125,0.25,0.875,8,8,16,,1.0,1.0,0.5,0.5,0.5,1.0,0.5,0.5,0.5,0.0,0.0,0.0,1.0,0.0,0.0,0.0,conv-48,locomo,ablation_0
mem0,mem0,False,4,21600.0,3024000.0,0.7,0.1,0.0,14400.0,0.1,1.0,0.0,0.0,0.0,,0.0,8,8,0,True,0.0,0.0,0.0,0.0,0.0,0.0,0.0,0.0,0.0,0.0,0.0,0.0,,,,,conv-48,locomo,baseline
mem0,mem0+HindsightTag,True,4,21600.0,3024000.0,0.7,0.1,0.0,14400.0,0.1,1.0,0.125,0.0,0.125,0.25,0.0,8,8,16,True,0.5,0.0,0.0,0.0,0.0,0.0,0.0,0.0,0.5,0.0,0.0,0.0,1.0,0.0,0.0,0.0,conv-48,locomo,ablation_0
vector_store,vector_store,False,4,21600.0,3024000.0,0.7,0.1,0.0,14400.0,0.1,1.0,0.625,0.875,-0.25,,0.875,8,8,0,,0.0,0.5,1.0,1.0,1.0,1.0,1.0,0.5,-1.0,-0.5,0.0,0.5,,,,,conv-48,locomo,baseline
vector_store,vector_store+HindsightTag,True,4,21600.0,3024000.0,0.7,0.1,0.0,14400.0,0.1,1.0,0.625,0.875,-0.25,0.25,0.875,8,8,16,,0.0,0.5,1.0,1.0,1.0,1.0,1.0,0.5,-1.0,-0.5,0.0,0.5,1.0,0.0,0.0,0.0,conv-48,locomo,ablation_0
mem0,mem0,False,5,21600.0,3024000.0,0.7,0.1,0.0,14400.0,0.1,1.0,0.0,0.0,0.0,,0.0,8,8,0,True,0.0,0.0,0.0,0.0,0.0,0.0,0.0,0.0,0.0,0.0,0.0,0.0,,,,,conv-48,locomo,baseline
mem0,mem0+HindsightTag,True,5,21600.0,3024000.0,0.7,0.1,0.0,14400.0,0.1,1.0,0.125,0.0,0.125,0.25,0.0,8,8,16,True,0.5,0.0,0.0,0.0,0.0,0.0,0.0,0.0,0.5,0.0,0.0,0.0,1.0,0.0,0.0,0.0,conv-48,locomo,ablation_0
vector_store,vector_store,False,5,21600.0,3024000.0,0.7,0.1,0.0,14400.0,0.1,1.0,0.125,0.75,-0.625,,0.625,8,8,0,,0.0,0.0,0.5,0.0,1.0,0.0,1.0,1.0,-1.0,0.0,-0.5,-1.0,,,,,conv-48,locomo,baseline
vector_store,vector_store+HindsightTag,True,5,21600.0,3024000.0,0.7,0.1,0.0,14400.0,0.1,1.0,0.125,0.75,-0.625,0.25,0.625,8,8,16,,0.0,0.0,0.5,0.0,1.0,0.0,1.0,1.0,-1.0,0.0,-0.5,-1.0,1.0,0.0,0.0,0.0,conv-48,locomo,ablation_0
mem0,mem0,False,6,21600.0,3024000.0,0.7,0.1,0.0,14400.0,0.1,1.0,0.0,0.0,0.0,,0.125,8,8,0,True,0.0,0.0,0.0,0.0,0.0,0.0,0.0,0.0,0.0,0.0,0.0,0.0,,,,,conv-48,locomo,baseline
mem0,mem0+HindsightTag,True,6,21600.0,3024000.0,0.7,0.1,0.0,14400.0,0.1,1.0,0.125,0.0,0.125,0.25,0.125,8,8,16,True,0.5,0.0,0.0,0.0,0.0,0.0,0.0,0.0,0.5,0.0,0.0,0.0,1.0,0.0,0.0,0.0,conv-48,locomo,ablation_0
vector_store,vector_store,False,6,21600.0,3024000.0,0.7,0.1,0.0,14400.0,0.1,1.0,0.5,0.875,-0.375,,0.625,8,8,0,,0.5,0.5,0.5,0.5,1.0,0.5,1.0,1.0,-0.5,0.0,-0.5,-0.5,,,,,conv-48,locomo,baseline
vector_store,vector_store+HindsightTag,True,6,21600.0,3024000.0,0.7,0.1,0.0,14400.0,0.1,1.0,0.5,0.875,-0.375,0.25,0.625,8,8,16,,0.5,0.5,0.5,0.5,1.0,0.5,1.0,1.0,-0.5,0.0,-0.5,-0.5,1.0,0.0,0.0,0.0,conv-48,locomo,ablation_0
mem0,mem0,False,7,21600.0,3024000.0,0.7,0.1,0.0,14400.0,0.1,1.0,0.0,0.0,0.0,,0.0,8,8,0,True,0.0,0.0,0.0,0.0,0.0,0.0,0.0,0.0,0.0,0.0,0.0,0.0,,,,,conv-48,locomo,baseline
mem0,mem0+HindsightTag,True,7,21600.0,3024000.0,0.7,0.1,0.0,14400.0,0.1,1.0,0.0,0.0,0.0,0.25,0.125,8,8,16,True,0.0,0.0,0.0,0.0,0.0,0.0,0.0,0.0,0.0,0.0,0.0,0.0,1.0,0.0,0.0,0.0,conv-48,locomo,ablation_0
vector_store,vector_store,False,7,21600.0,3024000.0,0.7,0.1,0.0,14400.0,0.1,1.0,0.25,0.875,-0.625,,0.625,8,8,0,,0.0,0.5,0.5,0.0,1.0,0.5,1.0,1.0,-1.0,0.0,-0.5,-1.0,,,,,conv-48,locomo,baseline
vector_store,vector_store+HindsightTag,True,7,21600.0,3024000.0,0.7,0.1,0.0,14400.0,0.1,1.0,0.25,0.875,-0.625,0.25,0.625,8,8,16,,0.0,0.5,0.5,0.0,1.0,0.5,1.0,1.0,-1.0,0.0,-0.5,-1.0,1.0,0.0,0.0,0.0,conv-48,locomo,ablation_0
mem0,mem0,False,8,21600.0,3024000.0,0.7,0.1,0.0,14400.0,0.1,1.0,0.0,0.0,0.0,,0.0,8,8,0,True,0.0,0.0,0.0,0.0,0.0,0.0,0.0,0.0,0.0,0.0,0.0,0.0,,,,,conv-48,locomo,baseline
mem0,mem0+HindsightTag,True,8,21600.0,3024000.0,0.7,0.1,0.0,14400.0,0.1,1.0,0.125,0.0,0.125,0.25,0.0,8,8,16,True,0.5,0.0,0.0,0.0,0.0,0.0,0.0,0.0,0.5,0.0,0.0,0.0,1.0,0.0,0.0,0.0,conv-48,locomo,ablation_0
vector_store,vector_store,False,8,21600.0,3024000.0,0.7,0.1,0.0,14400.0,0.1,1.0,0.625,1.0,-0.375,,1.0,8,8,0,,1.0,0.5,0.5,0.5,1.0,1.0,1.0,1.0,0.0,-0.5,-0.5,-0.5,,,,,conv-48,locomo,baseline
vector_store,vector_store+HindsightTag,True,8,21600.0,3024000.0,0.7,0.1,0.0,14400.0,0.1,1.0,0.625,1.0,-0.375,0.25,1.0,8,8,16,,1.0,0.5,0.5,0.5,1.0,1.0,1.0,1.0,0.0,-0.5,-0.5,-0.5,1.0,0.0,0.0,0.0,conv-48,locomo,ablation_0
mem0,mem0,False,9,21600.0,3024000.0,0.7,0.1,0.0,14400.0,0.1,1.0,0.125,0.125,0.0,,0.0,8,8,0,True,0.5,0.0,0.0,0.0,0.0,0.5,0.0,0.0,0.5,-0.5,0.0,0.0,,,,,conv-48,locomo,baseline
mem0,mem0+HindsightTag,True,9,21600.0,3024000.0,0.7,0.1,0.0,14400.0,0.1,1.0,0.125,0.0,0.125,0.25,0.25,8,8,16,True,0.5,0.0,0.0,0.0,0.0,0.0,0.0,0.0,0.5,0.0,0.0,0.0,1.0,0.0,0.0,0.0,conv-48,locomo,ablation_0
vector_store,vector_store,False,9,21600.0,3024000.0,0.7,0.1,0.0,14400.0,0.1,1.0,0.875,0.75,0.125,,0.75,8,8,0,,1.0,1.0,1.0,0.5,0.5,1.0,0.5,1.0,0.5,0.0,0.5,-0.5,,,,,conv-48,locomo,baseline
vector_store,vector_store+HindsightTag,True,9,21600.0,3024000.0,0.7,0.1,0.0,14400.0,0.1,1.0,0.875,0.75,0.125,0.25,0.75,8,8,16,,1.0,1.0,1.0,0.5,0.5,1.0,0.5,1.0,0.5,0.0,0.5,-0.5,1.0,0.0,0.0,0.0,conv-48,locomo,ablation_0
mem0,mem0,False,0,21600.0,3024000.0,0.7,0.1,0.0,14400.0,0.1,1.0,0.0,0.0,0.0,,0.0,8,8,0,True,0.0,0.0,0.0,0.0,0.0,0.0,0.0,0.0,0.0,0.0,0.0,0.0,,,,,conv-49,locomo,baseline
mem0,mem0+HindsightTag,True,0,21600.0,3024000.0,0.7,0.1,0.0,14400.0,0.1,1.0,0.125,0.125,0.0,0.25,0.25,8,8,16,True,0.5,0.0,0.0,0.0,0.0,0.5,0.0,0.0,0.5,-0.5,0.0,0.0,1.0,0.0,0.0,0.0,conv-49,locomo,ablation_0
vector_store,vector_store,False,0,21600.0,3024000.0,0.7,0.1,0.0,14400.0,0.1,1.0,0.75,0.75,0.0,,0.625,8,8,0,,1.0,1.0,0.5,0.5,0.5,1.0,1.0,0.5,0.5,0.0,-0.5,0.0,,,,,conv-49,locomo,baseline
vector_store,vector_store+HindsightTag,True,0,21600.0,3024000.0,0.7,0.1,0.0,14400.0,0.1,1.0,0.75,0.75,0.0,0.25,0.625,8,8,16,,1.0,1.0,0.5,0.5,0.5,1.0,1.0,0.5,0.5,0.0,-0.5,0.0,1.0,0.0,0.0,0.0,conv-49,locomo,ablation_0
mem0,mem0,False,1,21600.0,3024000.0,0.7,0.1,0.0,14400.0,0.1,1.0,0.0,0.0,0.0,,0.0,8,8,0,True,0.0,0.0,0.0,0.0,0.0,0.0,0.0,0.0,0.0,0.0,0.0,0.0,,,,,conv-49,locomo,baseline
mem0,mem0+HindsightTag,True,1,21600.0,3024000.0,0.7,0.1,0.0,14400.0,0.1,1.0,0.0,0.0,0.0,0.25,0.0,8,8,16,True,0.0,0.0,0.0,0.0,0.0,0.0,0.0,0.0,0.0,0.0,0.0,0.0,1.0,0.0,0.0,0.0,conv-49,locomo,ablation_0
vector_store,vector_store,False,1,21600.0,3024000.0,0.7,0.1,0.0,14400.0,0.1,1.0,0.75,0.375,0.375,,0.875,8,8,0,,1.0,0.5,1.0,0.5,0.5,0.5,0.5,0.0,0.5,0.0,0.5,0.5,,,,,conv-49,locomo,baseline
vector_store,vector_store+HindsightTag,True,1,21600.0,3024000.0,0.7,0.1,0.0,14400.0,0.1,1.0,0.75,0.375,0.375,0.25,0.875,8,8,16,,1.0,0.5,1.0,0.5,0.5,0.5,0.5,0.0,0.5,0.0,0.5,0.5,1.0,0.0,0.0,0.0,conv-49,locomo,ablation_0
mem0,mem0,False,2,21600.0,3024000.0,0.7,0.1,0.0,14400.0,0.1,1.0,0.0,0.0,0.0,,0.0,8,8,0,True,0.0,0.0,0.0,0.0,0.0,0.0,0.0,0.0,0.0,0.0,0.0,0.0,,,,,conv-49,locomo,baseline
mem0,mem0+HindsightTag,True,2,21600.0,3024000.0,0.7,0.1,0.0,14400.0,0.1,1.0,0.125,0.0,0.125,0.25,0.125,8,8,16,True,0.5,0.0,0.0,0.0,0.0,0.0,0.0,0.0,0.5,0.0,0.0,0.0,1.0,0.0,0.0,0.0,conv-49,locomo,ablation_0
vector_store,vector_store,False,2,21600.0,3024000.0,0.7,0.1,0.0,14400.0,0.1,1.0,1.0,0.625,0.375,,0.875,8,8,0,,1.0,1.0,1.0,1.0,1.0,1.0,0.5,0.0,0.0,0.0,0.5,1.0,,,,,conv-49,locomo,baseline
vector_store,vector_store+HindsightTag,True,2,21600.0,3024000.0,0.7,0.1,0.0,14400.0,0.1,1.0,1.0,0.625,0.375,0.25,0.875,8,8,16,,1.0,1.0,1.0,1.0,1.0,1.0,0.5,0.0,0.0,0.0,0.5,1.0,1.0,0.0,0.0,0.0,conv-49,locomo,ablation_0
mem0,mem0,False,3,21600.0,3024000.0,0.7,0.1,0.0,14400.0,0.1,1.0,0.0,0.0,0.0,,0.0,8,8,0,True,0.0,0.0,0.0,0.0,0.0,0.0,0.0,0.0,0.0,0.0,0.0,0.0,,,,,conv-49,locomo,baseline
mem0,mem0+HindsightTag,True,3,21600.0,3024000.0,0.7,0.1,0.0,14400.0,0.1,1.0,0.125,0.0,0.125,0.25,0.0,8,8,16,True,0.5,0.0,0.0,0.0,0.0,0.0,0.0,0.0,0.5,0.0,0.0,0.0,1.0,0.0,0.0,0.0,conv-49,locomo,ablation_0
vector_store,vector_store,False,3,21600.0,3024000.0,0.7,0.1,0.0,14400.0,0.1,1.0,0.875,1.0,-0.125,,0.875,8,8,0,,1.0,1.0,1.0,0.5,1.0,1.0,1.0,1.0,0.0,0.0,0.0,-0.5,,,,,conv-49,locomo,baseline
vector_store,vector_store+HindsightTag,True,3,21600.0,3024000.0,0.7,0.1,0.0,14400.0,0.1,1.0,0.875,1.0,-0.125,0.25,0.875,8,8,16,,1.0,1.0,1.0,0.5,1.0,1.0,1.0,1.0,0.0,0.0,0.0,-0.5,1.0,0.0,0.0,0.0,conv-49,locomo,ablation_0
mem0,mem0,False,4,21600.0,3024000.0,0.7,0.1,0.0,14400.0,0.1,1.0,0.0,0.0,0.0,,0.0,8,8,0,True,0.0,0.0,0.0,0.0,0.0,0.0,0.0,0.0,0.0,0.0,0.0,0.0,,,,,conv-49,locomo,baseline
mem0,mem0+HindsightTag,True,4,21600.0,3024000.0,0.7,0.1,0.0,14400.0,0.1,1.0,0.125,0.0,0.125,0.25,0.125,8,8,16,True,0.5,0.0,0.0,0.0,0.0,0.0,0.0,0.0,0.5,0.0,0.0,0.0,1.0,0.0,0.0,0.0,conv-49,locomo,ablation_0
vector_store,vector_store,False,4,21600.0,3024000.0,0.7,0.1,0.0,14400.0,0.1,1.0,0.5,0.875,-0.375,,0.875,8,8,0,,0.5,1.0,0.5,0.0,0.5,1.0,1.0,1.0,0.0,0.0,-0.5,-1.0,,,,,conv-49,locomo,baseline
vector_store,vector_store+HindsightTag,True,4,21600.0,3024000.0,0.7,0.1,0.0,14400.0,0.1,1.0,0.5,0.875,-0.375,0.25,0.875,8,8,16,,0.5,1.0,0.5,0.0,0.5,1.0,1.0,1.0,0.0,0.0,-0.5,-1.0,1.0,0.0,0.0,0.0,conv-49,locomo,ablation_0
mem0,mem0,False,5,21600.0,3024000.0,0.7,0.1,0.0,14400.0,0.1,1.0,0.0,0.0,0.0,,0.0,8,8,0,True,0.0,0.0,0.0,0.0,0.0,0.0,0.0,0.0,0.0,0.0,0.0,0.0,,,,,conv-49,locomo,baseline
mem0,mem0+HindsightTag,True,5,21600.0,3024000.0,0.7,0.1,0.0,14400.0,0.1,1.0,0.0,0.0,0.0,0.25,0.25,8,8,16,True,0.0,0.0,0.0,0.0,0.0,0.0,0.0,0.0,0.0,0.0,0.0,0.0,1.0,0.0,0.0,0.0,conv-49,locomo,ablation_0
vector_store,vector_store,False,5,21600.0,3024000.0,0.7,0.1,0.0,14400.0,0.1,1.0,0.75,0.875,-0.125,,0.875,8,8,0,,0.5,0.5,1.0,1.0,1.0,1.0,1.0,0.5,-0.5,-0.5,0.0,0.5,,,,,conv-49,locomo,baseline
vector_store,vector_store+HindsightTag,True,5,21600.0,3024000.0,0.7,0.1,0.0,14400.0,0.1,1.0,0.75,0.875,-0.125,0.25,0.875,8,8,16,,0.5,0.5,1.0,1.0,1.0,1.0,1.0,0.5,-0.5,-0.5,0.0,0.5,1.0,0.0,0.0,0.0,conv-49,locomo,ablation_0
mem0,mem0,False,6,21600.0,3024000.0,0.7,0.1,0.0,14400.0,0.1,1.0,0.0,0.0,0.0,,0.0,8,8,0,True,0.0,0.0,0.0,0.0,0.0,0.0,0.0,0.0,0.0,0.0,0.0,0.0,,,,,conv-49,locomo,baseline
mem0,mem0+HindsightTag,True,6,21600.0,3024000.0,0.7,0.1,0.0,14400.0,0.1,1.0,0.0,0.0,0.0,0.25,0.25,8,8,16,True,0.0,0.0,0.0,0.0,0.0,0.0,0.0,0.0,0.0,0.0,0.0,0.0,1.0,0.0,0.0,0.0,conv-49,locomo,ablation_0
vector_store,vector_store,False,6,21600.0,3024000.0,0.7,0.1,0.0,14400.0,0.1,1.0,1.0,0.75,0.25,,1.0,8,8,0,,1.0,1.0,1.0,1.0,1.0,1.0,0.5,0.5,0.0,0.0,0.5,0.5,,,,,conv-49,locomo,baseline
vector_store,vector_store+HindsightTag,True,6,21600.0,3024000.0,0.7,0.1,0.0,14400.0,0.1,1.0,1.0,0.75,0.25,0.25,1.0,8,8,16,,1.0,1.0,1.0,1.0,1.0,1.0,0.5,0.5,0.0,0.0,0.5,0.5,1.0,0.0,0.0,0.0,conv-49,locomo,ablation_0
mem0,mem0,False,7,21600.0,3024000.0,0.7,0.1,0.0,14400.0,0.1,1.0,0.0,0.0,0.0,,0.0,8,8,0,True,0.0,0.0,0.0,0.0,0.0,0.0,0.0,0.0,0.0,0.0,0.0,0.0,,,,,conv-49,locomo,baseline
mem0,mem0+HindsightTag,True,7,21600.0,3024000.0,0.7,0.1,0.0,14400.0,0.1,1.0,0.0,0.0,0.0,0.25,0.0,8,8,16,True,0.0,0.0,0.0,0.0,0.0,0.0,0.0,0.0,0.0,0.0,0.0,0.0,1.0,0.0,0.0,0.0,conv-49,locomo,ablation_0
vector_store,vector_store,False,7,21600.0,3024000.0,0.7,0.1,0.0,14400.0,0.1,1.0,0.625,1.0,-0.375,,0.625,8,8,0,,0.5,0.5,0.5,1.0,1.0,1.0,1.0,1.0,-0.5,-0.5,-0.5,0.0,,,,,conv-49,locomo,baseline
vector_store,vector_store+HindsightTag,True,7,21600.0,3024000.0,0.7,0.1,0.0,14400.0,0.1,1.0,0.625,1.0,-0.375,0.25,0.625,8,8,16,,0.5,0.5,0.5,1.0,1.0,1.0,1.0,1.0,-0.5,-0.5,-0.5,0.0,1.0,0.0,0.0,0.0,conv-49,locomo,ablation_0
mem0,mem0,False,8,21600.0,3024000.0,0.7,0.1,0.0,14400.0,0.1,1.0,0.0,0.125,-0.125,,0.125,8,8,0,True,0.0,0.0,0.0,0.0,0.5,0.0,0.0,0.0,-0.5,0.0,0.0,0.0,,,,,conv-49,locomo,baseline
mem0,mem0+HindsightTag,True,8,21600.0,3024000.0,0.7,0.1,0.0,14400.0,0.1,1.0,0.125,0.125,0.0,0.25,0.125,8,8,16,True,0.0,0.5,0.0,0.0,0.5,0.0,0.0,0.0,-0.5,0.5,0.0,0.0,1.0,0.0,0.0,0.0,conv-49,locomo,ablation_0
vector_store,vector_store,False,8,21600.0,3024000.0,0.7,0.1,0.0,14400.0,0.1,1.0,0.625,0.625,0.0,,0.875,8,8,0,,0.5,0.5,0.5,1.0,1.0,0.5,0.0,1.0,-0.5,0.0,0.5,0.0,,,,,conv-49,locomo,baseline
vector_store,vector_store+HindsightTag,True,8,21600.0,3024000.0,0.7,0.1,0.0,14400.0,0.1,1.0,0.625,0.625,0.0,0.25,0.875,8,8,16,,0.5,0.5,0.5,1.0,1.0,0.5,0.0,1.0,-0.5,0.0,0.5,0.0,1.0,0.0,0.0,0.0,conv-49,locomo,ablation_0
mem0,mem0,False,9,21600.0,3024000.0,0.7,0.1,0.0,14400.0,0.1,1.0,0.0,0.0,0.0,,0.0,8,8,0,True,0.0,0.0,0.0,0.0,0.0,0.0,0.0,0.0,0.0,0.0,0.0,0.0,,,,,conv-49,locomo,baseline
mem0,mem0+HindsightTag,True,9,21600.0,3024000.0,0.7,0.1,0.0,14400.0,0.1,1.0,0.25,0.0,0.25,0.25,0.0,8,8,16,True,1.0,0.0,0.0,0.0,0.0,0.0,0.0,0.0,1.0,0.0,0.0,0.0,1.0,0.0,0.0,0.0,conv-49,locomo,ablation_0
vector_store,vector_store,False,9,21600.0,3024000.0,0.7,0.1,0.0,14400.0,0.1,1.0,0.875,0.625,0.25,,0.875,8,8,0,,1.0,1.0,0.5,1.0,0.5,1.0,0.5,0.5,0.5,0.0,0.0,0.5,,,,,conv-49,locomo,baseline
vector_store,vector_store+HindsightTag,True,9,21600.0,3024000.0,0.7,0.1,0.0,14400.0,0.1,1.0,0.875,0.625,0.25,0.25,0.875,8,8,16,,1.0,1.0,0.5,1.0,0.5,1.0,0.5,0.5,0.5,0.0,0.0,0.5,1.0,0.0,0.0,0.0,conv-49,locomo,ablation_0
mem0,mem0,False,0,21600.0,3024000.0,0.7,0.1,0.0,14400.0,0.1,1.0,0.0,0.0,0.0,,0.0,8,8,0,True,0.0,0.0,0.0,0.0,0.0,0.0,0.0,0.0,0.0,0.0,0.0,0.0,,,,,conv-50,locomo,baseline
mem0,mem0+HindsightTag,True,0,21600.0,3024000.0,0.7,0.1,0.0,14400.0,0.1,1.0,0.125,0.0,0.125,0.25,0.125,8,8,16,True,0.5,0.0,0.0,0.0,0.0,0.0,0.0,0.0,0.5,0.0,0.0,0.0,1.0,0.0,0.0,0.0,conv-50,locomo,ablation_0
vector_store,vector_store,False,0,21600.0,3024000.0,0.7,0.1,0.0,14400.0,0.1,1.0,0.75,0.75,0.0,,0.875,8,8,0,,0.5,1.0,0.5,1.0,1.0,1.0,1.0,0.0,-0.5,0.0,-0.5,1.0,,,,,conv-50,locomo,baseline
vector_store,vector_store+HindsightTag,True,0,21600.0,3024000.0,0.7,0.1,0.0,14400.0,0.1,1.0,0.75,0.75,0.0,0.25,0.875,8,8,16,,0.5,1.0,0.5,1.0,1.0,1.0,1.0,0.0,-0.5,0.0,-0.5,1.0,1.0,0.0,0.0,0.0,conv-50,locomo,ablation_0
mem0,mem0,False,1,21600.0,3024000.0,0.7,0.1,0.0,14400.0,0.1,1.0,0.0,0.125,-0.125,,0.0,8,8,0,True,0.0,0.0,0.0,0.0,0.0,0.5,0.0,0.0,0.0,-0.5,0.0,0.0,,,,,conv-50,locomo,baseline
mem0,mem0+HindsightTag,True,1,21600.0,3024000.0,0.7,0.1,0.0,14400.0,0.1,1.0,0.125,0.0,0.125,0.25,0.0,8,8,16,True,0.5,0.0,0.0,0.0,0.0,0.0,0.0,0.0,0.5,0.0,0.0,0.0,1.0,0.0,0.0,0.0,conv-50,locomo,ablation_0
vector_store,vector_store,False,1,21600.0,3024000.0,0.7,0.1,0.0,14400.0,0.1,1.0,0.75,0.75,0.0,,0.625,8,8,0,,0.5,1.0,1.0,0.5,1.0,1.0,0.5,0.5,-0.5,0.0,0.5,0.0,,,,,conv-50,locomo,baseline
vector_store,vector_store+HindsightTag,True,1,21600.0,3024000.0,0.7,0.1,0.0,14400.0,0.1,1.0,0.75,0.75,0.0,0.25,0.625,8,8,16,,0.5,1.0,1.0,0.5,1.0,1.0,0.5,0.5,-0.5,0.0,0.5,0.0,1.0,0.0,0.0,0.0,conv-50,locomo,ablation_0
mem0,mem0,False,2,21600.0,3024000.0,0.7,0.1,0.0,14400.0,0.1,1.0,0.0,0.0,0.0,,0.125,8,8,0,True,0.0,0.0,0.0,0.0,0.0,0.0,0.0,0.0,0.0,0.0,0.0,0.0,,,,,conv-50,locomo,baseline
mem0,mem0+HindsightTag,True,2,21600.0,3024000.0,0.7,0.1,0.0,14400.0,0.1,1.0,0.25,0.0,0.25,0.25,0.125,8,8,16,True,0.5,0.0,0.5,0.0,0.0,0.0,0.0,0.0,0.5,0.0,0.5,0.0,1.0,0.0,0.0,0.0,conv-50,locomo,ablation_0
vector_store,vector_store,False,2,21600.0,3024000.0,0.7,0.1,0.0,14400.0,0.1,1.0,0.75,0.5,0.25,,0.75,8,8,0,,1.0,0.5,1.0,0.5,0.5,1.0,0.5,0.0,0.5,-0.5,0.5,0.5,,,,,conv-50,locomo,baseline
vector_store,vector_store+HindsightTag,True,2,21600.0,3024000.0,0.7,0.1,0.0,14400.0,0.1,1.0,0.75,0.5,0.25,0.25,0.75,8,8,16,,1.0,0.5,1.0,0.5,0.5,1.0,0.5,0.0,0.5,-0.5,0.5,0.5,1.0,0.0,0.0,0.0,conv-50,locomo,ablation_0
mem0,mem0,False,3,21600.0,3024000.0,0.7,0.1,0.0,14400.0,0.1,1.0,0.0,0.0,0.0,,0.0,8,8,0,True,0.0,0.0,0.0,0.0,0.0,0.0,0.0,0.0,0.0,0.0,0.0,0.0,,,,,conv-50,locomo,baseline
mem0,mem0+HindsightTag,True,3,21600.0,3024000.0,0.7,0.1,0.0,14400.0,0.1,1.0,0.0,0.0,0.0,0.25,0.125,8,8,16,True,0.0,0.0,0.0,0.0,0.0,0.0,0.0,0.0,0.0,0.0,0.0,0.0,1.0,0.0,0.0,0.0,conv-50,locomo,ablation_0
vector_store,vector_store,False,3,21600.0,3024000.0,0.7,0.1,0.0,14400.0,0.1,1.0,0.75,0.5,0.25,,0.875,8,8,0,,1.0,1.0,0.5,0.5,0.5,0.5,0.5,0.5,0.5,0.5,0.0,0.0,,,,,conv-50,locomo,baseline
vector_store,vector_store+HindsightTag,True,3,21600.0,3024000.0,0.7,0.1,0.0,14400.0,0.1,1.0,0.75,0.5,0.25,0.25,0.875,8,8,16,,1.0,1.0,0.5,0.5,0.5,0.5,0.5,0.5,0.5,0.5,0.0,0.0,1.0,0.0,0.0,0.0,conv-50,locomo,ablation_0
mem0,mem0,False,4,21600.0,3024000.0,0.7,0.1,0.0,14400.0,0.1,1.0,0.0,0.0,0.0,,0.0,8,8,0,True,0.0,0.0,0.0,0.0,0.0,0.0,0.0,0.0,0.0,0.0,0.0,0.0,,,,,conv-50,locomo,baseline
mem0,mem0+HindsightTag,True,4,21600.0,3024000.0,0.7,0.1,0.0,14400.0,0.1,1.0,0.0,0.0,0.0,0.25,0.125,8,8,16,True,0.0,0.0,0.0,0.0,0.0,0.0,0.0,0.0,0.0,0.0,0.0,0.0,1.0,0.0,0.0,0.0,conv-50,locomo,ablation_0
vector_store,vector_store,False,4,21600.0,3024000.0,0.7,0.1,0.0,14400.0,0.1,1.0,0.875,1.0,-0.125,,0.75,8,8,0,,0.5,1.0,1.0,1.0,1.0,1.0,1.0,1.0,-0.5,0.0,0.0,0.0,,,,,conv-50,locomo,baseline
vector_store,vector_store+HindsightTag,True,4,21600.0,3024000.0,0.7,0.1,0.0,14400.0,0.1,1.0,0.875,1.0,-0.125,0.25,0.75,8,8,16,,0.5,1.0,1.0,1.0,1.0,1.0,1.0,1.0,-0.5,0.0,0.0,0.0,1.0,0.0,0.0,0.0,conv-50,locomo,ablation_0
mem0,mem0,False,5,21600.0,3024000.0,0.7,0.1,0.0,14400.0,0.1,1.0,0.0,0.0,0.0,,0.0,8,8,0,True,0.0,0.0,0.0,0.0,0.0,0.0,0.0,0.0,0.0,0.0,0.0,0.0,,,,,conv-50,locomo,baseline
mem0,mem0+HindsightTag,True,5,21600.0,3024000.0,0.7,0.1,0.0,14400.0,0.1,1.0,0.0,0.0,0.0,0.25,0.0,8,8,16,True,0.0,0.0,0.0,0.0,0.0,0.0,0.0,0.0,0.0,0.0,0.0,0.0,1.0,0.0,0.0,0.0,conv-50,locomo,ablation_0
vector_store,vector_store,False,5,21600.0,3024000.0,0.7,0.1,0.0,14400.0,0.1,1.0,0.625,0.875,-0.25,,0.75,8,8,0,,0.5,0.5,1.0,0.5,1.0,1.0,0.5,1.0,-0.5,-0.5,0.5,-0.5,,,,,conv-50,locomo,baseline
vector_store,vector_store+HindsightTag,True,5,21600.0,3024000.0,0.7,0.1,0.0,14400.0,0.1,1.0,0.625,0.875,-0.25,0.25,0.75,8,8,16,,0.5,0.5,1.0,0.5,1.0,1.0,0.5,1.0,-0.5,-0.5,0.5,-0.5,1.0,0.0,0.0,0.0,conv-50,locomo,ablation_0
mem0,mem0,False,6,21600.0,3024000.0,0.7,0.1,0.0,14400.0,0.1,1.0,0.0,0.125,-0.125,,0.0,8,8,0,True,0.0,0.0,0.0,0.0,0.5,0.0,0.0,0.0,-0.5,0.0,0.0,0.0,,,,,conv-50,locomo,baseline
mem0,mem0+HindsightTag,True,6,21600.0,3024000.0,0.7,0.1,0.0,14400.0,0.1,1.0,0.125,0.125,0.0,0.25,0.125,8,8,16,True,0.5,0.0,0.0,0.0,0.5,0.0,0.0,0.0,0.0,0.0,0.0,0.0,1.0,0.0,0.0,0.0,conv-50,locomo,ablation_0
vector_store,vector_store,False,6,21600.0,3024000.0,0.7,0.1,0.0,14400.0,0.1,1.0,0.625,0.75,-0.125,,0.875,8,8,0,,0.5,0.5,0.5,1.0,1.0,0.5,1.0,0.5,-0.5,0.0,-0.5,0.5,,,,,conv-50,locomo,baseline
vector_store,vector_store+HindsightTag,True,6,21600.0,3024000.0,0.7,0.1,0.0,14400.0,0.1,1.0,0.625,0.75,-0.125,0.25,0.875,8,8,16,,0.5,0.5,0.5,1.0,1.0,0.5,1.0,0.5,-0.5,0.0,-0.5,0.5,1.0,0.0,0.0,0.0,conv-50,locomo,ablation_0
mem0,mem0,False,7,21600.0,3024000.0,0.7,0.1,0.0,14400.0,0.1,1.0,0.0,0.0,0.0,,0.0,8,8,0,True,0.0,0.0,0.0,0.0,0.0,0.0,0.0,0.0,0.0,0.0,0.0,0.0,,,,,conv-50,locomo,baseline
mem0,mem0+HindsightTag,True,7,21600.0,3024000.0,0.7,0.1,0.0,14400.0,0.1,1.0,0.125,0.0,0.125,0.25,0.0,8,8,16,True,0.5,0.0,0.0,0.0,0.0,0.0,0.0,0.0,0.5,0.0,0.0,0.0,1.0,0.0,0.0,0.0,conv-50,locomo,ablation_0
vector_store,vector_store,False,7,21600.0,3024000.0,0.7,0.1,0.0,14400.0,0.1,1.0,0.5,1.0,-0.5,,0.625,8,8,0,,1.0,0.0,0.5,0.5,1.0,1.0,1.0,1.0,0.0,-1.0,-0.5,-0.5,,,,,conv-50,locomo,baseline
vector_store,vector_store+HindsightTag,True,7,21600.0,3024000.0,0.7,0.1,0.0,14400.0,0.1,1.0,0.5,1.0,-0.5,0.25,0.625,8,8,16,,1.0,0.0,0.5,0.5,1.0,1.0,1.0,1.0,0.0,-1.0,-0.5,-0.5,1.0,0.0,0.0,0.0,conv-50,locomo,ablation_0
mem0,mem0,False,8,21600.0,3024000.0,0.7,0.1,0.0,14400.0,0.1,1.0,0.0,0.0,0.0,,0.0,8,8,0,True,0.0,0.0,0.0,0.0,0.0,0.0,0.0,0.0,0.0,0.0,0.0,0.0,,,,,conv-50,locomo,baseline
mem0,mem0+HindsightTag,True,8,21600.0,3024000.0,0.7,0.1,0.0,14400.0,0.1,1.0,0.0,0.0,0.0,0.25,0.125,8,8,16,True,0.0,0.0,0.0,0.0,0.0,0.0,0.0,0.0,0.0,0.0,0.0,0.0,1.0,0.0,0.0,0.0,conv-50,locomo,ablation_0
vector_store,vector_store,False,8,21600.0,3024000.0,0.7,0.1,0.0,14400.0,0.1,1.0,0.75,0.75,0.0,,0.625,8,8,0,,0.5,0.5,1.0,1.0,1.0,1.0,0.5,0.5,-0.5,-0.5,0.5,0.5,,,,,conv-50,locomo,baseline
vector_store,vector_store+HindsightTag,True,8,21600.0,3024000.0,0.7,0.1,0.0,14400.0,0.1,1.0,0.75,0.75,0.0,0.25,0.625,8,8,16,,0.5,0.5,1.0,1.0,1.0,1.0,0.5,0.5,-0.5,-0.5,0.5,0.5,1.0,0.0,0.0,0.0,conv-50,locomo,ablation_0
mem0,mem0,False,9,21600.0,3024000.0,0.7,0.1,0.0,14400.0,0.1,1.0,0.0,0.0,0.0,,0.0,8,8,0,True,0.0,0.0,0.0,0.0,0.0,0.0,0.0,0.0,0.0,0.0,0.0,0.0,,,,,conv-50,locomo,baseline
mem0,mem0+HindsightTag,True,9,21600.0,3024000.0,0.7,0.1,0.0,14400.0,0.1,1.0,0.0,0.0,0.0,0.25,0.125,8,8,16,True,0.0,0.0,0.0,0.0,0.0,0.0,0.0,0.0,0.0,0.0,0.0,0.0,1.0,0.0,0.0,0.0,conv-50,locomo,ablation_0
vector_store,vector_store,False,9,21600.0,3024000.0,0.7,0.1,0.0,14400.0,0.1,1.0,0.75,0.875,-0.125,,0.625,8,8,0,,1.0,0.5,1.0,0.5,0.5,1.0,1.0,1.0,0.5,-0.5,0.0,-0.5,,,,,conv-50,locomo,baseline
vector_store,vector_store+HindsightTag,True,9,21600.0,3024000.0,0.7,0.1,0.0,14400.0,0.1,1.0,0.75,0.875,-0.125,0.25,0.625,8,8,16,,1.0,0.5,1.0,0.5,0.5,1.0,1.0,1.0,0.5,-0.5,0.0,-0.5,1.0,0.0,0.0,0.0,conv-50,locomo,ablation_0
mem0,mem0,False,0,21600.0,3024000.0,0.7,0.1,0.0,14400.0,0.1,1.0,0.0,0.0,0.0,,0.0,8,8,0,True,0.0,0.0,0.0,0.0,0.0,0.0,0.0,0.0,0.0,0.0,0.0,0.0,,,,,gpt4_2655b836,longmemeval,baseline
mem0,mem0+HindsightTag,True,0,21600.0,3024000.0,0.7,0.1,0.0,14400.0,0.1,1.0,0.125,0.125,0.0,0.0,0.125,8,8,16,True,0.5,0.0,0.0,0.0,0.0,0.0,0.5,0.0,0.5,0.0,-0.5,0.0,0.0,0.0,0.0,0.0,gpt4_2655b836,longmemeval,ablation_0
vector_store,vector_store,False,0,21600.0,3024000.0,0.7,0.1,0.0,14400.0,0.1,1.0,0.875,0.75,0.125,,0.875,8,8,0,,1.0,0.5,1.0,1.0,1.0,0.5,1.0,0.5,0.0,0.0,0.0,0.5,,,,,gpt4_2655b836,longmemeval,baseline
vector_store,vector_store+HindsightTag,True,0,21600.0,3024000.0,0.7,0.1,0.0,14400.0,0.1,1.0,0.875,0.75,0.125,0.0,0.875,8,8,16,,1.0,0.5,1.0,1.0,1.0,0.5,1.0,0.5,0.0,0.0,0.0,0.5,0.0,0.0,0.0,0.0,gpt4_2655b836,longmemeval,ablation_0
mem0,mem0,False,1,21600.0,3024000.0,0.7,0.1,0.0,14400.0,0.1,1.0,0.0,0.0,0.0,,0.0,8,8,0,True,0.0,0.0,0.0,0.0,0.0,0.0,0.0,0.0,0.0,0.0,0.0,0.0,,,,,gpt4_2655b836,longmemeval,baseline
mem0,mem0+HindsightTag,True,1,21600.0,3024000.0,0.7,0.1,0.0,14400.0,0.1,1.0,0.125,0.25,-0.125,0.0,0.25,8,8,16,True,0.5,0.0,0.0,0.0,0.5,0.0,0.5,0.0,0.0,0.0,-0.5,0.0,0.0,0.0,0.0,0.0,gpt4_2655b836,longmemeval,ablation_0
vector_store,vector_store,False,1,21600.0,3024000.0,0.7,0.1,0.0,14400.0,0.1,1.0,0.875,0.375,0.5,,0.75,8,8,0,,1.0,0.5,1.0,1.0,0.5,0.0,0.5,0.5,0.5,0.5,0.5,0.5,,,,,gpt4_2655b836,longmemeval,baseline
vector_store,vector_store+HindsightTag,True,1,21600.0,3024000.0,0.7,0.1,0.0,14400.0,0.1,1.0,0.875,0.375,0.5,0.0,0.75,8,8,16,,1.0,0.5,1.0,1.0,0.5,0.0,0.5,0.5,0.5,0.5,0.5,0.5,0.0,0.0,0.0,0.0,gpt4_2655b836,longmemeval,ablation_0
mem0,mem0,False,2,21600.0,3024000.0,0.7,0.1,0.0,14400.0,0.1,1.0,0.0,0.0,0.0,,0.0,8,8,0,True,0.0,0.0,0.0,0.0,0.0,0.0,0.0,0.0,0.0,0.0,0.0,0.0,,,,,gpt4_2655b836,longmemeval,baseline
mem0,mem0+HindsightTag,True,2,21600.0,3024000.0,0.7,0.1,0.0,14400.0,0.1,1.0,0.0,0.0,0.0,0.0,0.0,8,8,16,True,0.0,0.0,0.0,0.0,0.0,0.0,0.0,0.0,0.0,0.0,0.0,0.0,0.0,0.0,0.0,0.0,gpt4_2655b836,longmemeval,ablation_0
vector_store,vector_store,False,2,21600.0,3024000.0,0.7,0.1,0.0,14400.0,0.1,1.0,0.375,0.625,-0.25,,0.875,8,8,0,,0.5,0.0,1.0,0.0,1.0,0.5,0.0,1.0,-0.5,-0.5,1.0,-1.0,,,,,gpt4_2655b836,longmemeval,baseline
vector_store,vector_store+HindsightTag,True,2,21600.0,3024000.0,0.7,0.1,0.0,14400.0,0.1,1.0,0.375,0.625,-0.25,0.0,0.875,8,8,16,,0.5,0.0,1.0,0.0,1.0,0.5,0.0,1.0,-0.5,-0.5,1.0,-1.0,0.0,0.0,0.0,0.0,gpt4_2655b836,longmemeval,ablation_0
mem0,mem0,False,3,21600.0,3024000.0,0.7,0.1,0.0,14400.0,0.1,1.0,0.0,0.0,0.0,,0.0,8,8,0,True,0.0,0.0,0.0,0.0,0.0,0.0,0.0,0.0,0.0,0.0,0.0,0.0,,,,,gpt4_2655b836,longmemeval,baseline
mem0,mem0+HindsightTag,True,3,21600.0,3024000.0,0.7,0.1,0.0,14400.0,0.1,1.0,0.0,0.0,0.0,0.0,0.125,8,8,16,True,0.0,0.0,0.0,0.0,0.0,0.0,0.0,0.0,0.0,0.0,0.0,0.0,0.0,0.0,0.0,0.0,gpt4_2655b836,longmemeval,ablation_0
vector_store,vector_store,False,3,21600.0,3024000.0,0.7,0.1,0.0,14400.0,0.1,1.0,0.75,0.75,0.0,,0.625,8,8,0,,1.0,0.5,0.5,1.0,0.5,1.0,1.0,0.5,0.5,-0.5,-0.5,0.5,,,,,gpt4_2655b836,longmemeval,baseline
vector_store,vector_store+HindsightTag,True,3,21600.0,3024000.0,0.7,0.1,0.0,14400.0,0.1,1.0,0.75,0.75,0.0,0.0,0.625,8,8,16,,1.0,0.5,0.5,1.0,0.5,1.0,1.0,0.5,0.5,-0.5,-0.5,0.5,0.0,0.0,0.0,0.0,gpt4_2655b836,longmemeval,ablation_0
mem0,mem0,False,4,21600.0,3024000.0,0.7,0.1,0.0,14400.0,0.1,1.0,0.0,0.0,0.0,,0.0,8,8,0,True,0.0,0.0,0.0,0.0,0.0,0.0,0.0,0.0,0.0,0.0,0.0,0.0,,,,,gpt4_2655b836,longmemeval,baseline
mem0,mem0+HindsightTag,True,4,21600.0,3024000.0,0.7,0.1,0.0,14400.0,0.1,1.0,0.0,0.0,0.0,0.0,0.0,8,8,16,True,0.0,0.0,0.0,0.0,0.0,0.0,0.0,0.0,0.0,0.0,0.0,0.0,0.0,0.0,0.0,0.0,gpt4_2655b836,longmemeval,ablation_0
vector_store,vector_store,False,4,21600.0,3024000.0,0.7,0.1,0.0,14400.0,0.1,1.0,0.875,0.75,0.125,,1.0,8,8,0,,0.5,1.0,1.0,1.0,0.5,1.0,0.5,1.0,0.0,0.0,0.5,0.0,,,,,gpt4_2655b836,longmemeval,baseline
vector_store,vector_store+HindsightTag,True,4,21600.0,3024000.0,0.7,0.1,0.0,14400.0,0.1,1.0,0.875,0.75,0.125,0.0,1.0,8,8,16,,0.5,1.0,1.0,1.0,0.5,1.0,0.5,1.0,0.0,0.0,0.5,0.0,0.0,0.0,0.0,0.0,gpt4_2655b836,longmemeval,ablation_0
mem0,mem0,False,5,21600.0,3024000.0,0.7,0.1,0.0,14400.0,0.1,1.0,0.0,0.0,0.0,,0.0,8,8,0,True,0.0,0.0,0.0,0.0,0.0,0.0,0.0,0.0,0.0,0.0,0.0,0.0,,,,,gpt4_2655b836,longmemeval,baseline
mem0,mem0+HindsightTag,True,5,21600.0,3024000.0,0.7,0.1,0.0,14400.0,0.1,1.0,0.125,0.0,0.125,0.0,0.0,8,8,16,True,0.0,0.5,0.0,0.0,0.0,0.0,0.0,0.0,0.0,0.5,0.0,0.0,0.0,0.0,0.0,0.0,gpt4_2655b836,longmemeval,ablation_0
vector_store,vector_store,False,5,21600.0,3024000.0,0.7,0.1,0.0,14400.0,0.1,1.0,0.625,0.5,0.125,,0.875,8,8,0,,0.5,0.5,0.5,1.0,0.5,0.0,0.5,1.0,0.0,0.5,0.0,0.0,,,,,gpt4_2655b836,longmemeval,baseline
vector_store,vector_store+HindsightTag,True,5,21600.0,3024000.0,0.7,0.1,0.0,14400.0,0.1,1.0,0.625,0.5,0.125,0.0,0.875,8,8,16,,0.5,0.5,0.5,1.0,0.5,0.0,0.5,1.0,0.0,0.5,0.0,0.0,0.0,0.0,0.0,0.0,gpt4_2655b836,longmemeval,ablation_0
mem0,mem0,False,6,21600.0,3024000.0,0.7,0.1,0.0,14400.0,0.1,1.0,0.0,0.0,0.0,,0.0,8,8,0,True,0.0,0.0,0.0,0.0,0.0,0.0,0.0,0.0,0.0,0.0,0.0,0.0,,,,,gpt4_2655b836,longmemeval,baseline
mem0,mem0+HindsightTag,True,6,21600.0,3024000.0,0.7,0.1,0.0,14400.0,0.1,1.0,0.25,0.125,0.125,0.0,0.0,8,8,16,True,0.0,0.5,0.0,0.5,0.0,0.0,0.5,0.0,0.0,0.5,-0.5,0.5,0.0,0.0,0.0,0.0,gpt4_2655b836,longmemeval,ablation_0
vector_store,vector_store,False,6,21600.0,3024000.0,0.7,0.1,0.0,14400.0,0.1,1.0,1.0,0.625,0.375,,1.0,8,8,0,,1.0,1.0,1.0,1.0,1.0,0.5,0.5,0.5,0.0,0.5,0.5,0.5,,,,,gpt4_2655b836,longmemeval,baseline
vector_store,vector_store+HindsightTag,True,6,21600.0,3024000.0,0.7,0.1,0.0,14400.0,0.1,1.0,1.0,0.625,0.375,0.0,1.0,8,8,16,,1.0,1.0,1.0,1.0,1.0,0.5,0.5,0.5,0.0,0.5,0.5,0.5,0.0,0.0,0.0,0.0,gpt4_2655b836,longmemeval,ablation_0
mem0,mem0,False,7,21600.0,3024000.0,0.7,0.1,0.0,14400.0,0.1,1.0,0.0,0.0,0.0,,0.0,8,8,0,True,0.0,0.0,0.0,0.0,0.0,0.0,0.0,0.0,0.0,0.0,0.0,0.0,,,,,gpt4_2655b836,longmemeval,baseline
mem0,mem0+HindsightTag,True,7,21600.0,3024000.0,0.7,0.1,0.0,14400.0,0.1,1.0,0.0,0.0,0.0,0.0,0.0,8,8,16,True,0.0,0.0,0.0,0.0,0.0,0.0,0.0,0.0,0.0,0.0,0.0,0.0,0.0,0.0,0.0,0.0,gpt4_2655b836,longmemeval,ablation_0
vector_store,vector_store,False,7,21600.0,3024000.0,0.7,0.1,0.0,14400.0,0.1,1.0,0.75,0.875,-0.125,,0.75,8,8,0,,0.5,1.0,1.0,0.5,1.0,1.0,0.5,1.0,-0.5,0.0,0.5,-0.5,,,,,gpt4_2655b836,longmemeval,baseline
vector_store,vector_store+HindsightTag,True,7,21600.0,3024000.0,0.7,0.1,0.0,14400.0,0.1,1.0,0.75,0.875,-0.125,0.0,0.75,8,8,16,,0.5,1.0,1.0,0.5,1.0,1.0,0.5,1.0,-0.5,0.0,0.5,-0.5,0.0,0.0,0.0,0.0,gpt4_2655b836,longmemeval,ablation_0
mem0,mem0,False,8,21600.0,3024000.0,0.7,0.1,0.0,14400.0,0.1,1.0,0.0,0.0,0.0,,0.0,8,8,0,True,0.0,0.0,0.0,0.0,0.0,0.0,0.0,0.0,0.0,0.0,0.0,0.0,,,,,gpt4_2655b836,longmemeval,baseline
mem0,mem0+HindsightTag,True,8,21600.0,3024000.0,0.7,0.1,0.0,14400.0,0.1,1.0,0.125,0.0,0.125,0.0,0.375,8,8,16,True,0.0,0.5,0.0,0.0,0.0,0.0,0.0,0.0,0.0,0.5,0.0,0.0,0.0,0.0,0.0,0.0,gpt4_2655b836,longmemeval,ablation_0
vector_store,vector_store,False,8,21600.0,3024000.0,0.7,0.1,0.0,14400.0,0.1,1.0,0.875,0.75,0.125,,0.875,8,8,0,,0.5,1.0,1.0,1.0,0.5,1.0,1.0,0.5,0.0,0.0,0.0,0.5,,,,,gpt4_2655b836,longmemeval,baseline
vector_store,vector_store+HindsightTag,True,8,21600.0,3024000.0,0.7,0.1,0.0,14400.0,0.1,1.0,0.875,0.75,0.125,0.0,0.875,8,8,16,,0.5,1.0,1.0,1.0,0.5,1.0,1.0,0.5,0.0,0.0,0.0,0.5,0.0,0.0,0.0,0.0,gpt4_2655b836,longmemeval,ablation_0
mem0,mem0,False,9,21600.0,3024000.0,0.7,0.1,0.0,14400.0,0.1,1.0,0.0,0.0,0.0,,0.0,8,8,0,True,0.0,0.0,0.0,0.0,0.0,0.0,0.0,0.0,0.0,0.0,0.0,0.0,,,,,gpt4_2655b836,longmemeval,baseline
mem0,mem0+HindsightTag,True,9,21600.0,3024000.0,0.7,0.1,0.0,14400.0,0.1,1.0,0.25,0.0,0.25,0.0,0.25,8,8,16,True,0.0,0.5,0.0,0.5,0.0,0.0,0.0,0.0,0.0,0.5,0.0,0.5,0.0,0.0,0.0,0.0,gpt4_2655b836,longmemeval,ablation_0
vector_store,vector_store,False,9,21600.0,3024000.0,0.7,0.1,0.0,14400.0,0.1,1.0,0.5,0.875,-0.375,,0.875,8,8,0,,0.5,0.0,1.0,0.5,0.5,1.0,1.0,1.0,0.0,-1.0,0.0,-0.5,,,,,gpt4_2655b836,longmemeval,baseline
vector_store,vector_store+HindsightTag,True,9,21600.0,3024000.0,0.7,0.1,0.0,14400.0,0.1,1.0,0.5,0.875,-0.375,0.0,0.875,8,8,16,,0.5,0.0,1.0,0.5,0.5,1.0,1.0,1.0,0.0,-1.0,0.0,-0.5,0.0,0.0,0.0,0.0,gpt4_2655b836,longmemeval,ablation_0
mem0,mem0,False,0,21600.0,3024000.0,0.7,0.1,0.0,14400.0,0.1,1.0,0.0,0.0,0.0,,0.0,8,8,0,True,0.0,0.0,0.0,0.0,0.0,0.0,0.0,0.0,0.0,0.0,0.0,0.0,,,,,gpt4_2487a7cb,longmemeval,baseline
mem0,mem0+HindsightTag,True,0,21600.0,3024000.0,0.7,0.1,0.0,14400.0,0.1,1.0,0.0,0.0,0.0,0.0625,0.0,8,8,16,True,0.0,0.0,0.0,0.0,0.0,0.0,0.0,0.0,0.0,0.0,0.0,0.0,0.25,0.0,0.0,0.0,gpt4_2487a7cb,longmemeval,ablation_0
vector_store,vector_store,False,0,21600.0,3024000.0,0.7,0.1,0.0,14400.0,0.1,1.0,0.75,0.75,0.0,,0.75,8,8,0,,0.5,1.0,1.0,0.5,0.0,1.0,1.0,1.0,0.5,0.0,0.0,-0.5,,,,,gpt4_2487a7cb,longmemeval,baseline
vector_store,vector_store+HindsightTag,True,0,21600.0,3024000.0,0.7,0.1,0.0,14400.0,0.1,1.0,0.75,0.75,0.0,0.0625,0.75,8,8,16,,0.5,1.0,1.0,0.5,0.0,1.0,1.0,1.0,0.5,0.0,0.0,-0.5,0.25,0.0,0.0,0.0,gpt4_2487a7cb,longmemeval,ablation_0
mem0,mem0,False,1,21600.0,3024000.0,0.7,0.1,0.0,14400.0,0.1,1.0,0.0,0.0,0.0,,0.0,8,8,0,True,0.0,0.0,0.0,0.0,0.0,0.0,0.0,0.0,0.0,0.0,0.0,0.0,,,,,gpt4_2487a7cb,longmemeval,baseline
mem0,mem0+HindsightTag,True,1,21600.0,3024000.0,0.7,0.1,0.0,14400.0,0.1,1.0,0.0,0.0,0.0,0.0625,0.0,8,8,16,True,0.0,0.0,0.0,0.0,0.0,0.0,0.0,0.0,0.0,0.0,0.0,0.0,0.25,0.0,0.0,0.0,gpt4_2487a7cb,longmemeval,ablation_0
vector_store,vector_store,False,1,21600.0,3024000.0,0.7,0.1,0.0,14400.0,0.1,1.0,0.375,0.625,-0.25,,0.375,8,8,0,,0.5,0.5,0.0,0.5,0.0,1.0,0.5,1.0,0.5,-0.5,-0.5,-0.5,,,,,gpt4_2487a7cb,longmemeval,baseline
vector_store,vector_store+HindsightTag,True,1,21600.0,3024000.0,0.7,0.1,0.0,14400.0,0.1,1.0,0.375,0.625,-0.25,0.0625,0.375,8,8,16,,0.5,0.5,0.0,0.5,0.0,1.0,0.5,1.0,0.5,-0.5,-0.5,-0.5,0.25,0.0,0.0,0.0,gpt4_2487a7cb,longmemeval,ablation_0
mem0,mem0,False,2,21600.0,3024000.0,0.7,0.1,0.0,14400.0,0.1,1.0,0.0,0.0,0.0,,0.0,8,8,0,True,0.0,0.0,0.0,0.0,0.0,0.0,0.0,0.0,0.0,0.0,0.0,0.0,,,,,gpt4_2487a7cb,longmemeval,baseline
mem0,mem0+HindsightTag,True,2,21600.0,3024000.0,0.7,0.1,0.0,14400.0,0.1,1.0,0.125,0.0,0.125,0.1875,0.25,8,8,16,True,0.5,0.0,0.0,0.0,0.0,0.0,0.0,0.0,0.5,0.0,0.0,0.0,0.75,0.0,0.0,0.0,gpt4_2487a7cb,longmemeval,ablation_0
vector_store,vector_store,False,2,21600.0,3024000.0,0.7,0.1,0.0,14400.0,0.1,1.0,0.75,0.875,-0.125,,0.75,8,8,0,,1.0,0.5,0.5,1.0,1.0,1.0,1.0,0.5,0.0,-0.5,-0.5,0.5,,,,,gpt4_2487a7cb,longmemeval,baseline
vector_store,vector_store+HindsightTag,True,2,21600.0,3024000.0,0.7,0.1,0.0,14400.0,0.1,1.0,0.75,0.875,-0.125,0.1875,0.75,8,8,16,,1.0,0.5,0.5,1.0,1.0,1.0,1.0,0.5,0.0,-0.5,-0.5,0.5,0.75,0.0,0.0,0.0,gpt4_2487a7cb,longmemeval,ablation_0
mem0,mem0,False,3,21600.0,3024000.0,0.7,0.1,0.0,14400.0,0.1,1.0,0.0,0.0,0.0,,0.0,8,8,0,True,0.0,0.0,0.0,0.0,0.0,0.0,0.0,0.0,0.0,0.0,0.0,0.0,,,,,gpt4_2487a7cb,longmemeval,baseline
mem0,mem0+HindsightTag,True,3,21600.0,3024000.0,0.7,0.1,0.0,14400.0,0.1,1.0,0.0,0.0,0.0,0.0625,0.0,8,8,16,True,0.0,0.0,0.0,0.0,0.0,0.0,0.0,0.0,0.0,0.0,0.0,0.0,0.25,0.0,0.0,0.0,gpt4_2487a7cb,longmemeval,ablation_0
vector_store,vector_store,False,3,21600.0,3024000.0,0.7,0.1,0.0,14400.0,0.1,1.0,0.75,1.0,-0.25,,0.75,8,8,0,,1.0,0.5,1.0,0.5,1.0,1.0,1.0,1.0,0.0,-0.5,0.0,-0.5,,,,,gpt4_2487a7cb,longmemeval,baseline
vector_store,vector_store+HindsightTag,True,3,21600.0,3024000.0,0.7,0.1,0.0,14400.0,0.1,1.0,0.75,1.0,-0.25,0.0625,0.75,8,8,16,,1.0,0.5,1.0,0.5,1.0,1.0,1.0,1.0,0.0,-0.5,0.0,-0.5,0.25,0.0,0.0,0.0,gpt4_2487a7cb,longmemeval,ablation_0
mem0,mem0,False,4,21600.0,3024000.0,0.7,0.1,0.0,14400.0,0.1,1.0,0.0,0.0,0.0,,0.0,8,8,0,True,0.0,0.0,0.0,0.0,0.0,0.0,0.0,0.0,0.0,0.0,0.0,0.0,,,,,gpt4_2487a7cb,longmemeval,baseline
mem0,mem0+HindsightTag,True,4,21600.0,3024000.0,0.7,0.1,0.0,14400.0,0.1,1.0,0.0,0.0,0.0,0.0,0.0,8,8,16,True,0.0,0.0,0.0,0.0,0.0,0.0,0.0,0.0,0.0,0.0,0.0,0.0,0.0,0.0,0.0,0.0,gpt4_2487a7cb,longmemeval,ablation_0
vector_store,vector_store,False,4,21600.0,3024000.0,0.7,0.1,0.0,14400.0,0.1,1.0,0.75,0.875,-0.125,,0.75,8,8,0,,1.0,1.0,0.0,1.0,1.0,1.0,0.5,1.0,0.0,0.0,-0.5,0.0,,,,,gpt4_2487a7cb,longmemeval,baseline
vector_store,vector_store+HindsightTag,True,4,21600.0,3024000.0,0.7,0.1,0.0,14400.0,0.1,1.0,0.75,0.875,-0.125,0.0,0.75,8,8,16,,1.0,1.0,0.0,1.0,1.0,1.0,0.5,1.0,0.0,0.0,-0.5,0.0,0.0,0.0,0.0,0.0,gpt4_2487a7cb,longmemeval,ablation_0
mem0,mem0,False,5,21600.0,3024000.0,0.7,0.1,0.0,14400.0,0.1,1.0,0.0,0.0,0.0,,0.0,8,8,0,True,0.0,0.0,0.0,0.0,0.0,0.0,0.0,0.0,0.0,0.0,0.0,0.0,,,,,gpt4_2487a7cb,longmemeval,baseline
mem0,mem0+HindsightTag,True,5,21600.0,3024000.0,0.7,0.1,0.0,14400.0,0.1,1.0,0.0,0.0,0.0,0.0625,0.0,8,8,16,True,0.0,0.0,0.0,0.0,0.0,0.0,0.0,0.0,0.0,0.0,0.0,0.0,0.25,0.0,0.0,0.0,gpt4_2487a7cb,longmemeval,ablation_0
vector_store,vector_store,False,5,21600.0,3024000.0,0.7,0.1,0.0,14400.0,0.1,1.0,0.5,1.0,-0.5,,0.5,8,8,0,,0.0,1.0,0.5,0.5,1.0,1.0,1.0,1.0,-1.0,0.0,-0.5,-0.5,,,,,gpt4_2487a7cb,longmemeval,baseline
vector_store,vector_store+HindsightTag,True,5,21600.0,3024000.0,0.7,0.1,0.0,14400.0,0.1,1.0,0.5,1.0,-0.5,0.0625,0.5,8,8,16,,0.0,1.0,0.5,0.5,1.0,1.0,1.0,1.0,-1.0,0.0,-0.5,-0.5,0.25,0.0,0.0,0.0,gpt4_2487a7cb,longmemeval,ablation_0
mem0,mem0,False,6,21600.0,3024000.0,0.7,0.1,0.0,14400.0,0.1,1.0,0.0,0.0,0.0,,0.0,8,8,0,True,0.0,0.0,0.0,0.0,0.0,0.0,0.0,0.0,0.0,0.0,0.0,0.0,,,,,gpt4_2487a7cb,longmemeval,baseline
mem0,mem0+HindsightTag,True,6,21600.0,3024000.0,0.7,0.1,0.0,14400.0,0.1,1.0,0.0,0.0,0.0,0.0625,0.0,8,8,16,True,0.0,0.0,0.0,0.0,0.0,0.0,0.0,0.0,0.0,0.0,0.0,0.0,0.25,0.0,0.0,0.0,gpt4_2487a7cb,longmemeval,ablation_0
vector_store,vector_store,False,6,21600.0,3024000.0,0.7,0.1,0.0,14400.0,0.1,1.0,0.75,0.75,0.0,,0.875,8,8,0,,1.0,0.5,1.0,0.5,1.0,1.0,1.0,0.0,0.0,-0.5,0.0,0.5,,,,,gpt4_2487a7cb,longmemeval,baseline
vector_store,vector_store+HindsightTag,True,6,21600.0,3024000.0,0.7,0.1,0.0,14400.0,0.1,1.0,0.75,0.75,0.0,0.0625,0.875,8,8,16,,1.0,0.5,1.0,0.5,1.0,1.0,1.0,0.0,0.0,-0.5,0.0,0.5,0.25,0.0,0.0,0.0,gpt4_2487a7cb,longmemeval,ablation_0
mem0,mem0,False,7,21600.0,3024000.0,0.7,0.1,0.0,14400.0,0.1,1.0,0.0,0.0,0.0,,0.0,8,8,0,True,0.0,0.0,0.0,0.0,0.0,0.0,0.0,0.0,0.0,0.0,0.0,0.0,,,,,gpt4_2487a7cb,longmemeval,baseline
mem0,mem0+HindsightTag,True,7,21600.0,3024000.0,0.7,0.1,0.0,14400.0,0.1,1.0,0.0,0.0,0.0,0.0625,0.0,8,8,16,True,0.0,0.0,0.0,0.0,0.0,0.0,0.0,0.0,0.0,0.0,0.0,0.0,0.25,0.0,0.0,0.0,gpt4_2487a7cb,longmemeval,ablation_0
vector_store,vector_store,False,7,21600.0,3024000.0,0.7,0.1,0.0,14400.0,0.1,1.0,0.875,0.5,0.375,,0.75,8,8,0,,0.5,1.0,1.0,1.0,0.0,1.0,0.5,0.5,0.5,0.0,0.5,0.5,,,,,gpt4_2487a7cb,longmemeval,baseline
vector_store,vector_store+HindsightTag,True,7,21600.0,3024000.0,0.7,0.1,0.0,14400.0,0.1,1.0,0.875,0.5,0.375,0.0625,0.75,8,8,16,,0.5,1.0,1.0,1.0,0.0,1.0,0.5,0.5,0.5,0.0,0.5,0.5,0.25,0.0,0.0,0.0,gpt4_2487a7cb,longmemeval,ablation_0
mem0,mem0,False,8,21600.0,3024000.0,0.7,0.1,0.0,14400.0,0.1,1.0,0.0,0.0,0.0,,0.0,8,8,0,True,0.0,0.0,0.0,0.0,0.0,0.0,0.0,0.0,0.0,0.0,0.0,0.0,,,,,gpt4_2487a7cb,longmemeval,baseline
mem0,mem0+HindsightTag,True,8,21600.0,3024000.0,0.7,0.1,0.0,14400.0,0.1,1.0,0.0,0.0,0.0,0.0625,0.0,8,8,16,True,0.0,0.0,0.0,0.0,0.0,0.0,0.0,0.0,0.0,0.0,0.0,0.0,0.25,0.0,0.0,0.0,gpt4_2487a7cb,longmemeval,ablation_0
vector_store,vector_store,False,8,21600.0,3024000.0,0.7,0.1,0.0,14400.0,0.1,1.0,1.0,0.75,0.25,,0.875,8,8,0,,1.0,1.0,1.0,1.0,1.0,1.0,0.5,0.5,0.0,0.0,0.5,0.5,,,,,gpt4_2487a7cb,longmemeval,baseline
vector_store,vector_store+HindsightTag,True,8,21600.0,3024000.0,0.7,0.1,0.0,14400.0,0.1,1.0,1.0,0.75,0.25,0.0625,0.875,8,8,16,,1.0,1.0,1.0,1.0,1.0,1.0,0.5,0.5,0.0,0.0,0.5,0.5,0.25,0.0,0.0,0.0,gpt4_2487a7cb,longmemeval,ablation_0
mem0,mem0,False,9,21600.0,3024000.0,0.7,0.1,0.0,14400.0,0.1,1.0,0.0,0.0,0.0,,0.0,8,8,0,True,0.0,0.0,0.0,0.0,0.0,0.0,0.0,0.0,0.0,0.0,0.0,0.0,,,,,gpt4_2487a7cb,longmemeval,baseline
mem0,mem0+HindsightTag,True,9,21600.0,3024000.0,0.7,0.1,0.0,14400.0,0.1,1.0,0.0,0.0,0.0,0.125,0.0,8,8,16,True,0.0,0.0,0.0,0.0,0.0,0.0,0.0,0.0,0.0,0.0,0.0,0.0,0.5,0.0,0.0,0.0,gpt4_2487a7cb,longmemeval,ablation_0
vector_store,vector_store,False,9,21600.0,3024000.0,0.7,0.1,0.0,14400.0,0.1,1.0,0.5,1.0,-0.5,,0.75,8,8,0,,0.5,0.5,0.0,1.0,1.0,1.0,1.0,1.0,-0.5,-0.5,-1.0,0.0,,,,,gpt4_2487a7cb,longmemeval,baseline
vector_store,vector_store+HindsightTag,True,9,21600.0,3024000.0,0.7,0.1,0.0,14400.0,0.1,1.0,0.5,1.0,-0.5,0.125,0.75,8,8,16,,0.5,0.5,0.0,1.0,1.0,1.0,1.0,1.0,-0.5,-0.5,-1.0,0.0,0.5,0.0,0.0,0.0,gpt4_2487a7cb,longmemeval,ablation_0
mem0,mem0,False,0,21600.0,3024000.0,0.7,0.1,0.0,14400.0,0.1,1.0,0.0,0.0,0.0,,0.0,8,8,0,True,0.0,0.0,0.0,0.0,0.0,0.0,0.0,0.0,0.0,0.0,0.0,0.0,,,,,gpt4_76048e76,longmemeval,baseline
mem0,mem0+HindsightTag,True,0,21600.0,3024000.0,0.7,0.1,0.0,14400.0,0.1,1.0,0.0,0.0,0.0,0.125,0.0,8,8,16,True,0.0,0.0,0.0,0.0,0.0,0.0,0.0,0.0,0.0,0.0,0.0,0.0,0.5,0.0,0.0,0.0,gpt4_76048e76,longmemeval,ablation_0
vector_store,vector_store,False,0,21600.0,3024000.0,0.7,0.1,0.0,14400.0,0.1,1.0,0.5,0.75,-0.25,,0.5,8,8,0,,1.0,0.5,0.5,0.0,1.0,0.5,1.0,0.5,0.0,0.0,-0.5,-0.5,,,,,gpt4_76048e76,longmemeval,baseline
vector_store,vector_store+HindsightTag,True,0,21600.0,3024000.0,0.7,0.1,0.0,14400.0,0.1,1.0,0.5,0.75,-0.25,0.125,0.5,8,8,16,,1.0,0.5,0.5,0.0,1.0,0.5,1.0,0.5,0.0,0.0,-0.5,-0.5,0.5,0.0,0.0,0.0,gpt4_76048e76,longmemeval,ablation_0
mem0,mem0,False,1,21600.0,3024000.0,0.7,0.1,0.0,14400.0,0.1,1.0,0.0,0.0,0.0,,0.0,8,8,0,True,0.0,0.0,0.0,0.0,0.0,0.0,0.0,0.0,0.0,0.0,0.0,0.0,,,,,gpt4_76048e76,longmemeval,baseline
mem0,mem0+HindsightTag,True,1,21600.0,3024000.0,0.7,0.1,0.0,14400.0,0.1,1.0,0.0,0.0,0.0,0.1875,0.0,8,8,16,True,0.0,0.0,0.0,0.0,0.0,0.0,0.0,0.0,0.0,0.0,0.0,0.0,0.75,0.0,0.0,0.0,gpt4_76048e76,longmemeval,ablation_0
vector_store,vector_store,False,1,21600.0,3024000.0,0.7,0.1,0.0,14400.0,0.1,1.0,0.5,1.0,-0.5,,0.75,8,8,0,,0.0,0.5,0.5,1.0,1.0,1.0,1.0,1.0,-1.0,-0.5,-0.5,0.0,,,,,gpt4_76048e76,longmemeval,baseline
vector_store,vector_store+HindsightTag,True,1,21600.0,3024000.0,0.7,0.1,0.0,14400.0,0.1,1.0,0.5,1.0,-0.5,0.1875,0.75,8,8,16,,0.0,0.5,0.5,1.0,1.0,1.0,1.0,1.0,-1.0,-0.5,-0.5,0.0,0.75,0.0,0.0,0.0,gpt4_76048e76,longmemeval,ablation_0
mem0,mem0,False,2,21600.0,3024000.0,0.7,0.1,0.0,14400.0,0.1,1.0,0.0,0.0,0.0,,0.0,8,8,0,True,0.0,0.0,0.0,0.0,0.0,0.0,0.0,0.0,0.0,0.0,0.0,0.0,,,,,gpt4_76048e76,longmemeval,baseline
mem0,mem0+HindsightTag,True,2,21600.0,3024000.0,0.7,0.1,0.0,14400.0,0.1,1.0,0.0,0.0,0.0,0.0625,0.0,8,8,16,True,0.0,0.0,0.0,0.0,0.0,0.0,0.0,0.0,0.0,0.0,0.0,0.0,0.25,0.0,0.0,0.0,gpt4_76048e76,longmemeval,ablation_0
vector_store,vector_store,False,2,21600.0,3024000.0,0.7,0.1,0.0,14400.0,0.1,1.0,0.625,0.875,-0.25,,0.875,8,8,0,,0.5,1.0,0.0,1.0,1.0,0.5,1.0,1.0,-0.5,0.5,-1.0,0.0,,,,,gpt4_76048e76,longmemeval,baseline
vector_store,vector_store+HindsightTag,True,2,21600.0,3024000.0,0.7,0.1,0.0,14400.0,0.1,1.0,0.625,0.875,-0.25,0.0625,0.875,8,8,16,,0.5,1.0,0.0,1.0,1.0,0.5,1.0,1.0,-0.5,0.5,-1.0,0.0,0.25,0.0,0.0,0.0,gpt4_76048e76,longmemeval,ablation_0
mem0,mem0,False,3,21600.0,3024000.0,0.7,0.1,0.0,14400.0,0.1,1.0,0.0,0.0,0.0,,0.0,8,8,0,True,0.0,0.0,0.0,0.0,0.0,0.0,0.0,0.0,0.0,0.0,0.0,0.0,,,,,gpt4_76048e76,longmemeval,baseline
mem0,mem0+HindsightTag,True,3,21600.0,3024000.0,0.7,0.1,0.0,14400.0,0.1,1.0,0.0,0.0,0.0,0.0,0.0,8,8,16,True,0.0,0.0,0.0,0.0,0.0,0.0,0.0,0.0,0.0,0.0,0.0,0.0,0.0,0.0,0.0,0.0,gpt4_76048e76,longmemeval,ablation_0
vector_store,vector_store,False,3,21600.0,3024000.0,0.7,0.1,0.0,14400.0,0.1,1.0,0.75,0.75,0.0,,0.75,8,8,0,,1.0,1.0,0.0,1.0,0.5,1.0,0.5,1.0,0.5,0.0,-0.5,0.0,,,,,gpt4_76048e76,longmemeval,baseline
vector_store,vector_store+HindsightTag,True,3,21600.0,3024000.0,0.7,0.1,0.0,14400.0,0.1,1.0,0.75,0.75,0.0,0.0,0.75,8,8,16,,1.0,1.0,0.0,1.0,0.5,1.0,0.5,1.0,0.5,0.0,-0.5,0.0,0.0,0.0,0.0,0.0,gpt4_76048e76,longmemeval,ablation_0
mem0,mem0,False,4,21600.0,3024000.0,0.7,0.1,0.0,14400.0,0.1,1.0,0.0,0.0,0.0,,0.0,8,8,0,True,0.0,0.0,0.0,0.0,0.0,0.0,0.0,0.0,0.0,0.0,0.0,0.0,,,,,gpt4_76048e76,longmemeval,baseline
mem0,mem0+HindsightTag,True,4,21600.0,3024000.0,0.7,0.1,0.0,14400.0,0.1,1.0,0.125,0.125,0.0,0.0,0.125,8,8,16,True,0.5,0.0,0.0,0.0,0.0,0.0,0.5,0.0,0.5,0.0,-0.5,0.0,0.0,0.0,0.0,0.0,gpt4_76048e76,longmemeval,ablation_0
vector_store,vector_store,False,4,21600.0,3024000.0,0.7,0.1,0.0,14400.0,0.1,1.0,1.0,0.75,0.25,,0.875,8,8,0,,1.0,1.0,1.0,1.0,1.0,0.5,1.0,0.5,0.0,0.5,0.0,0.5,,,,,gpt4_76048e76,longmemeval,baseline
vector_store,vector_store+HindsightTag,True,4,21600.0,3024000.0,0.7,0.1,0.0,14400.0,0.1,1.0,1.0,0.75,0.25,0.0,0.875,8,8,16,,1.0,1.0,1.0,1.0,1.0,0.5,1.0,0.5,0.0,0.5,0.0,0.5,0.0,0.0,0.0,0.0,gpt4_76048e76,longmemeval,ablation_0
mem0,mem0,False,5,21600.0,3024000.0,0.7,0.1,0.0,14400.0,0.1,1.0,0.0,0.0,0.0,,0.0,8,8,0,True,0.0,0.0,0.0,0.0,0.0,0.0,0.0,0.0,0.0,0.0,0.0,0.0,,,,,gpt4_76048e76,longmemeval,baseline
mem0,mem0+HindsightTag,True,5,21600.0,3024000.0,0.7,0.1,0.0,14400.0,0.1,1.0,0.0,0.0,0.0,0.0625,0.0,8,8,16,True,0.0,0.0,0.0,0.0,0.0,0.0,0.0,0.0,0.0,0.0,0.0,0.0,0.25,0.0,0.0,0.0,gpt4_76048e76,longmemeval,ablation_0
vector_store,vector_store,False,5,21600.0,3024000.0,0.7,0.1,0.0,14400.0,0.1,1.0,0.75,1.0,-0.25,,0.75,8,8,0,,1.0,1.0,0.5,0.5,1.0,1.0,1.0,1.0,0.0,0.0,-0.5,-0.5,,,,,gpt4_76048e76,longmemeval,baseline
vector_store,vector_store+HindsightTag,True,5,21600.0,3024000.0,0.7,0.1,0.0,14400.0,0.1,1.0,0.75,1.0,-0.25,0.0625,0.75,8,8,16,,1.0,1.0,0.5,0.5,1.0,1.0,1.0,1.0,0.0,0.0,-0.5,-0.5,0.25,0.0,0.0,0.0,gpt4_76048e76,longmemeval,ablation_0
mem0,mem0,False,6,21600.0,3024000.0,0.7,0.1,0.0,14400.0,0.1,1.0,0.0,0.0,0.0,,0.0,8,8,0,True,0.0,0.0,0.0,0.0,0.0,0.0,0.0,0.0,0.0,0.0,0.0,0.0,,,,,gpt4_76048e76,longmemeval,baseline
mem0,mem0+HindsightTag,True,6,21600.0,3024000.0,0.7,0.1,0.0,14400.0,0.1,1.0,0.0,0.125,-0.125,0.0,0.0,8,8,16,True,0.0,0.0,0.0,0.0,0.0,0.0,0.0,0.5,0.0,0.0,0.0,-0.5,0.0,0.0,0.0,0.0,gpt4_76048e76,longmemeval,ablation_0
vector_store,vector_store,False,6,21600.0,3024000.0,0.7,0.1,0.0,14400.0,0.1,1.0,0.5,0.75,-0.25,,0.875,8,8,0,,0.5,1.0,0.0,0.5,1.0,1.0,0.0,1.0,-0.5,0.0,0.0,-0.5,,,,,gpt4_76048e76,longmemeval,baseline
vector_store,vector_store+HindsightTag,True,6,21600.0,3024000.0,0.7,0.1,0.0,14400.0,0.1,1.0,0.5,0.75,-0.25,0.0,0.875,8,8,16,,0.5,1.0,0.0,0.5,1.0,1.0,0.0,1.0,-0.5,0.0,0.0,-0.5,0.0,0.0,0.0,0.0,gpt4_76048e76,longmemeval,ablation_0
mem0,mem0,False,7,21600.0,3024000.0,0.7,0.1,0.0,14400.0,0.1,1.0,0.0,0.0,0.0,,0.0,8,8,0,True,0.0,0.0,0.0,0.0,0.0,0.0,0.0,0.0,0.0,0.0,0.0,0.0,,,,,gpt4_76048e76,longmemeval,baseline
mem0,mem0+HindsightTag,True,7,21600.0,3024000.0,0.7,0.1,0.0,14400.0,0.1,1.0,0.0,0.0,0.0,0.0,0.0,8,8,16,True,0.0,0.0,0.0,0.0,0.0,0.0,0.0,0.0,0.0,0.0,0.0,0.0,0.0,0.0,0.0,0.0,gpt4_76048e76,longmemeval,ablation_0
vector_store,vector_store,False,7,21600.0,3024000.0,0.7,0.1,0.0,14400.0,0.1,1.0,0.625,0.875,-0.25,,0.5,8,8,0,,0.5,0.5,0.5,1.0,1.0,1.0,0.5,1.0,-0.5,-0.5,0.0,0.0,,,,,gpt4_76048e76,longmemeval,baseline
vector_store,vector_store+HindsightTag,True,7,21600.0,3024000.0,0.7,0.1,0.0,14400.0,0.1,1.0,0.625,0.875,-0.25,0.0,0.5,8,8,16,,0.5,0.5,0.5,1.0,1.0,1.0,0.5,1.0,-0.5,-0.5,0.0,0.0,0.0,0.0,0.0,0.0,gpt4_76048e76,longmemeval,ablation_0
mem0,mem0,False,8,21600.0,3024000.0,0.7,0.1,0.0,14400.0,0.1,1.0,0.0,0.0,0.0,,0.0,8,8,0,True,0.0,0.0,0.0,0.0,0.0,0.0,0.0,0.0,0.0,0.0,0.0,0.0,,,,,gpt4_76048e76,longmemeval,baseline
mem0,mem0+HindsightTag,True,8,21600.0,3024000.0,0.7,0.1,0.0,14400.0,0.1,1.0,0.0,0.0,0.0,0.0625,0.0,8,8,16,True,0.0,0.0,0.0,0.0,0.0,0.0,0.0,0.0,0.0,0.0,0.0,0.0,0.25,0.0,0.0,0.0,gpt4_76048e76,longmemeval,ablation_0
vector_store,vector_store,False,8,21600.0,3024000.0,0.7,0.1,0.0,14400.0,0.1,1.0,0.375,1.0,-0.625,,0.625,8,8,0,,0.5,0.5,0.0,0.5,1.0,1.0,1.0,1.0,-0.5,-0.5,-1.0,-0.5,,,,,gpt4_76048e76,longmemeval,baseline
vector_store,vector_store+HindsightTag,True,8,21600.0,3024000.0,0.7,0.1,0.0,14400.0,0.1,1.0,0.375,1.0,-0.625,0.0625,0.625,8,8,16,,0.5,0.5,0.0,0.5,1.0,1.0,1.0,1.0,-0.5,-0.5,-1.0,-0.5,0.25,0.0,0.0,0.0,gpt4_76048e76,longmemeval,ablation_0
mem0,mem0,False,9,21600.0,3024000.0,0.7,0.1,0.0,14400.0,0.1,1.0,0.0,0.0,0.0,,0.0,8,8,0,True,0.0,0.0,0.0,0.0,0.0,0.0,0.0,0.0,0.0,0.0,0.0,0.0,,,,,gpt4_76048e76,longmemeval,baseline
mem0,mem0+HindsightTag,True,9,21600.0,3024000.0,0.7,0.1,0.0,14400.0,0.1,1.0,0.0,0.0,0.0,0.0625,0.0,8,8,16,True,0.0,0.0,0.0,0.0,0.0,0.0,0.0,0.0,0.0,0.0,0.0,0.0,0.25,0.0,0.0,0.0,gpt4_76048e76,longmemeval,ablation_0
vector_store,vector_store,False,9,21600.0,3024000.0,0.7,0.1,0.0,14400.0,0.1,1.0,0.5,0.5,0.0,,0.5,8,8,0,,1.0,0.0,0.5,0.5,0.5,0.5,0.0,1.0,0.5,-0.5,0.5,-0.5,,,,,gpt4_76048e76,longmemeval,baseline
vector_store,vector_store+HindsightTag,True,9,21600.0,3024000.0,0.7,0.1,0.0,14400.0,0.1,1.0,0.5,0.5,0.0,0.0625,0.5,8,8,16,,1.0,0.0,0.5,0.5,0.5,0.5,0.0,1.0,0.5,-0.5,0.5,-0.5,0.25,0.0,0.0,0.0,gpt4_76048e76,longmemeval,ablation_0
mem0,mem0,False,0,21600.0,3024000.0,0.7,0.1,0.0,14400.0,0.1,1.0,0.0,0.0,0.0,,0.0,8,8,0,True,0.0,0.0,0.0,0.0,0.0,0.0,0.0,0.0,0.0,0.0,0.0,0.0,,,,,gpt4_2312f94c,longmemeval,baseline
mem0,mem0+HindsightTag,True,0,21600.0,3024000.0,0.7,0.1,0.0,14400.0,0.1,1.0,0.0,0.0,0.0,0.0,0.0,8,8,16,True,0.0,0.0,0.0,0.0,0.0,0.0,0.0,0.0,0.0,0.0,0.0,0.0,0.0,0.0,0.0,0.0,gpt4_2312f94c,longmemeval,ablation_0
vector_store,vector_store,False,0,21600.0,3024000.0,0.7,0.1,0.0,14400.0,0.1,1.0,0.625,0.75,-0.125,,1.0,8,8,0,,0.0,1.0,1.0,0.5,0.5,1.0,0.5,1.0,-0.5,0.0,0.5,-0.5,,,,,gpt4_2312f94c,longmemeval,baseline
vector_store,vector_store+HindsightTag,True,0,21600.0,3024000.0,0.7,0.1,0.0,14400.0,0.1,1.0,0.625,0.75,-0.125,0.0,1.0,8,8,16,,0.0,1.0,1.0,0.5,0.5,1.0,0.5,1.0,-0.5,0.0,0.5,-0.5,0.0,0.0,0.0,0.0,gpt4_2312f94c,longmemeval,ablation_0
mem0,mem0,False,1,21600.0,3024000.0,0.7,0.1,0.0,14400.0,0.1,1.0,0.0,0.0,0.0,,0.0,8,8,0,True,0.0,0.0,0.0,0.0,0.0,0.0,0.0,0.0,0.0,0.0,0.0,0.0,,,,,gpt4_2312f94c,longmemeval,baseline
mem0,mem0+HindsightTag,True,1,21600.0,3024000.0,0.7,0.1,0.0,14400.0,0.1,1.0,0.0,0.125,-0.125,0.0,0.125,8,8,16,True,0.0,0.0,0.0,0.0,0.5,0.0,0.0,0.0,-0.5,0.0,0.0,0.0,0.0,0.0,0.0,0.0,gpt4_2312f94c,longmemeval,ablation_0
vector_store,vector_store,False,1,21600.0,3024000.0,0.7,0.1,0.0,14400.0,0.1,1.0,0.625,0.875,-0.25,,1.0,8,8,0,,0.5,0.5,1.0,0.5,1.0,1.0,1.0,0.5,-0.5,-0.5,0.0,0.0,,,,,gpt4_2312f94c,longmemeval,baseline
vector_store,vector_store+HindsightTag,True,1,21600.0,3024000.0,0.7,0.1,0.0,14400.0,0.1,1.0,0.625,0.875,-0.25,0.0,1.0,8,8,16,,0.5,0.5,1.0,0.5,1.0,1.0,1.0,0.5,-0.5,-0.5,0.0,0.0,0.0,0.0,0.0,0.0,gpt4_2312f94c,longmemeval,ablation_0
mem0,mem0,False,2,21600.0,3024000.0,0.7,0.1,0.0,14400.0,0.1,1.0,0.0,0.0,0.0,,0.0,8,8,0,True,0.0,0.0,0.0,0.0,0.0,0.0,0.0,0.0,0.0,0.0,0.0,0.0,,,,,gpt4_2312f94c,longmemeval,baseline
mem0,mem0+HindsightTag,True,2,21600.0,3024000.0,0.7,0.1,0.0,14400.0,0.1,1.0,0.25,0.25,0.0,0.125,0.125,8,8,16,True,0.0,0.0,0.5,0.5,1.0,0.0,0.0,0.0,-1.0,0.0,0.5,0.5,0.5,0.0,0.0,0.0,gpt4_2312f94c,longmemeval,ablation_0
vector_store,vector_store,False,2,21600.0,3024000.0,0.7,0.1,0.0,14400.0,0.1,1.0,0.875,0.875,0.0,,0.875,8,8,0,,1.0,1.0,0.5,1.0,1.0,0.5,1.0,1.0,0.0,0.5,-0.5,0.0,,,,,gpt4_2312f94c,longmemeval,baseline
vector_store,vector_store+HindsightTag,True,2,21600.0,3024000.0,0.7,0.1,0.0,14400.0,0.1,1.0,0.875,0.875,0.0,0.125,0.875,8,8,16,,1.0,1.0,0.5,1.0,1.0,0.5,1.0,1.0,0.0,0.5,-0.5,0.0,0.5,0.0,0.0,0.0,gpt4_2312f94c,longmemeval,ablation_0
mem0,mem0,False,3,21600.0,3024000.0,0.7,0.1,0.0,14400.0,0.1,1.0,0.0,0.0,0.0,,0.0,8,8,0,True,0.0,0.0,0.0,0.0,0.0,0.0,0.0,0.0,0.0,0.0,0.0,0.0,,,,,gpt4_2312f94c,longmemeval,baseline
mem0,mem0+HindsightTag,True,3,21600.0,3024000.0,0.7,0.1,0.0,14400.0,0.1,1.0,0.0,0.0,0.0,0.0,0.0,8,8,16,True,0.0,0.0,0.0,0.0,0.0,0.0,0.0,0.0,0.0,0.0,0.0,0.0,0.0,0.0,0.0,0.0,gpt4_2312f94c,longmemeval,ablation_0
vector_store,vector_store,False,3,21600.0,3024000.0,0.7,0.1,0.0,14400.0,0.1,1.0,0.5,0.75,-0.25,,0.875,8,8,0,,0.5,0.5,0.5,0.5,0.5,1.0,0.5,1.0,0.0,-0.5,0.0,-0.5,,,,,gpt4_2312f94c,longmemeval,baseline
vector_store,vector_store+HindsightTag,True,3,21600.0,3024000.0,0.7,0.1,0.0,14400.0,0.1,1.0,0.5,0.75,-0.25,0.0,0.875,8,8,16,,0.5,0.5,0.5,0.5,0.5,1.0,0.5,1.0,0.0,-0.5,0.0,-0.5,0.0,0.0,0.0,0.0,gpt4_2312f94c,longmemeval,ablation_0
mem0,mem0,False,4,21600.0,3024000.0,0.7,0.1,0.0,14400.0,0.1,1.0,0.0,0.0,0.0,,0.0,8,8,0,True,0.0,0.0,0.0,0.0,0.0,0.0,0.0,0.0,0.0,0.0,0.0,0.0,,,,,gpt4_2312f94c,longmemeval,baseline
mem0,mem0+HindsightTag,True,4,21600.0,3024000.0,0.7,0.1,0.0,14400.0,0.1,1.0,0.0,0.0,0.0,0.125,0.0,8,8,16,True,0.0,0.0,0.0,0.0,0.0,0.0,0.0,0.0,0.0,0.0,0.0,0.0,0.5,0.0,0.0,0.0,gpt4_2312f94c,longmemeval,ablation_0
vector_store,vector_store,False,4,21600.0,3024000.0,0.7,0.1,0.0,14400.0,0.1,1.0,0.375,1.0,-0.625,,0.75,8,8,0,,0.0,0.5,0.0,1.0,1.0,1.0,1.0,1.0,-1.0,-0.5,-1.0,0.0,,,,,gpt4_2312f94c,longmemeval,baseline
vector_store,vector_store+HindsightTag,True,4,21600.0,3024000.0,0.7,0.1,0.0,14400.0,0.1,1.0,0.375,1.0,-0.625,0.125,0.75,8,8,16,,0.0,0.5,0.0,1.0,1.0,1.0,1.0,1.0,-1.0,-0.5,-1.0,0.0,0.5,0.0,0.0,0.0,gpt4_2312f94c,longmemeval,ablation_0
mem0,mem0,False,5,21600.0,3024000.0,0.7,0.1,0.0,14400.0,0.1,1.0,0.0,0.0,0.0,,0.0,8,8,0,True,0.0,0.0,0.0,0.0,0.0,0.0,0.0,0.0,0.0,0.0,0.0,0.0,,,,,gpt4_2312f94c,longmemeval,baseline
mem0,mem0+HindsightTag,True,5,21600.0,3024000.0,0.7,0.1,0.0,14400.0,0.1,1.0,0.0,0.0,0.0,0.0625,0.0,8,8,16,True,0.0,0.0,0.0,0.0,0.0,0.0,0.0,0.0,0.0,0.0,0.0,0.0,0.25,0.0,0.0,0.0,gpt4_2312f94c,longmemeval,ablation_0
vector_store,vector_store,False,5,21600.0,3024000.0,0.7,0.1,0.0,14400.0,0.1,1.0,0.75,0.875,-0.125,,0.625,8,8,0,,1.0,1.0,1.0,0.0,1.0,1.0,0.5,1.0,0.0,0.0,0.5,-1.0,,,,,gpt4_2312f94c,longmemeval,baseline
vector_store,vector_store+HindsightTag,True,5,21600.0,3024000.0,0.7,0.1,0.0,14400.0,0.1,1.0,0.75,0.875,-0.125,0.0625,0.625,8,8,16,,1.0,1.0,1.0,0.0,1.0,1.0,0.5,1.0,0.0,0.0,0.5,-1.0,0.25,0.0,0.0,0.0,gpt4_2312f94c,longmemeval,ablation_0
mem0,mem0,False,6,21600.0,3024000.0,0.7,0.1,0.0,14400.0,0.1,1.0,0.0,0.0,0.0,,0.0,8,8,0,True,0.0,0.0,0.0,0.0,0.0,0.0,0.0,0.0,0.0,0.0,0.0,0.0,,,,,gpt4_2312f94c,longmemeval,baseline
mem0,mem0+HindsightTag,True,6,21600.0,3024000.0,0.7,0.1,0.0,14400.0,0.1,1.0,0.0,0.0,0.0,0.0,0.125,8,8,16,True,0.0,0.0,0.0,0.0,0.0,0.0,0.0,0.0,0.0,0.0,0.0,0.0,0.0,0.0,0.0,0.0,gpt4_2312f94c,longmemeval,ablation_0
vector_store,vector_store,False,6,21600.0,3024000.0,0.7,0.1,0.0,14400.0,0.1,1.0,0.375,0.75,-0.375,,0.625,8,8,0,,0.0,1.0,0.5,0.0,0.5,0.5,1.0,1.0,-0.5,0.5,-0.5,-1.0,,,,,gpt4_2312f94c,longmemeval,baseline
vector_store,vector_store+HindsightTag,True,6,21600.0,3024000.0,0.7,0.1,0.0,14400.0,0.1,1.0,0.375,0.75,-0.375,0.0,0.625,8,8,16,,0.0,1.0,0.5,0.0,0.5,0.5,1.0,1.0,-0.5,0.5,-0.5,-1.0,0.0,0.0,0.0,0.0,gpt4_2312f94c,longmemeval,ablation_0
mem0,mem0,False,7,21600.0,3024000.0,0.7,0.1,0.0,14400.0,0.1,1.0,0.0,0.0,0.0,,0.0,8,8,0,True,0.0,0.0,0.0,0.0,0.0,0.0,0.0,0.0,0.0,0.0,0.0,0.0,,,,,gpt4_2312f94c,longmemeval,baseline
mem0,mem0+HindsightTag,True,7,21600.0,3024000.0,0.7,0.1,0.0,14400.0,0.1,1.0,0.125,0.125,0.0,0.0,0.0,8,8,16,True,0.5,0.0,0.0,0.0,0.0,0.0,0.5,0.0,0.5,0.0,-0.5,0.0,0.0,0.0,0.0,0.0,gpt4_2312f94c,longmemeval,ablation_0
vector_store,vector_store,False,7,21600.0,3024000.0,0.7,0.1,0.0,14400.0,0.1,1.0,0.625,0.625,0.0,,0.5,8,8,0,,1.0,0.5,0.0,1.0,0.5,1.0,0.5,0.5,0.5,-0.5,-0.5,0.5,,,,,gpt4_2312f94c,longmemeval,baseline
vector_store,vector_store+HindsightTag,True,7,21600.0,3024000.0,0.7,0.1,0.0,14400.0,0.1,1.0,0.625,0.625,0.0,0.0,0.5,8,8,16,,1.0,0.5,0.0,1.0,0.5,1.0,0.5,0.5,0.5,-0.5,-0.5,0.5,0.0,0.0,0.0,0.0,gpt4_2312f94c,longmemeval,ablation_0
mem0,mem0,False,8,21600.0,3024000.0,0.7,0.1,0.0,14400.0,0.1,1.0,0.0,0.0,0.0,,0.0,8,8,0,True,0.0,0.0,0.0,0.0,0.0,0.0,0.0,0.0,0.0,0.0,0.0,0.0,,,,,gpt4_2312f94c,longmemeval,baseline
mem0,mem0+HindsightTag,True,8,21600.0,3024000.0,0.7,0.1,0.0,14400.0,0.1,1.0,0.0,0.25,-0.25,0.0,0.125,8,8,16,True,0.0,0.0,0.0,0.0,0.0,0.0,1.0,0.0,0.0,0.0,-1.0,0.0,0.0,0.0,0.0,0.0,gpt4_2312f94c,longmemeval,ablation_0
vector_store,vector_store,False,8,21600.0,3024000.0,0.7,0.1,0.0,14400.0,0.1,1.0,0.625,1.0,-0.375,,0.75,8,8,0,,0.5,0.0,1.0,1.0,1.0,1.0,1.0,1.0,-0.5,-1.0,0.0,0.0,,,,,gpt4_2312f94c,longmemeval,baseline
vector_store,vector_store+HindsightTag,True,8,21600.0,3024000.0,0.7,0.1,0.0,14400.0,0.1,1.0,0.625,1.0,-0.375,0.0,0.75,8,8,16,,0.5,0.0,1.0,1.0,1.0,1.0,1.0,1.0,-0.5,-1.0,0.0,0.0,0.0,0.0,0.0,0.0,gpt4_2312f94c,longmemeval,ablation_0
mem0,mem0,False,9,21600.0,3024000.0,0.7,0.1,0.0,14400.0,0.1,1.0,0.0,0.0,0.0,,0.0,8,8,0,True,0.0,0.0,0.0,0.0,0.0,0.0,0.0,0.0,0.0,0.0,0.0,0.0,,,,,gpt4_2312f94c,longmemeval,baseline
mem0,mem0+HindsightTag,True,9,21600.0,3024000.0,0.7,0.1,0.0,14400.0,0.1,1.0,0.125,0.0,0.125,0.0,0.25,8,8,16,True,0.5,0.0,0.0,0.0,0.0,0.0,0.0,0.0,0.5,0.0,0.0,0.0,0.0,0.0,0.0,0.0,gpt4_2312f94c,longmemeval,ablation_0
vector_store,vector_store,False,9,21600.0,3024000.0,0.7,0.1,0.0,14400.0,0.1,1.0,0.75,0.75,0.0,,0.875,8,8,0,,0.5,1.0,0.5,1.0,0.5,1.0,1.0,0.5,0.0,0.0,-0.5,0.5,,,,,gpt4_2312f94c,longmemeval,baseline
vector_store,vector_store+HindsightTag,True,9,21600.0,3024000.0,0.7,0.1,0.0,14400.0,0.1,1.0,0.75,0.75,0.0,0.0,0.875,8,8,16,,0.5,1.0,0.5,1.0,0.5,1.0,1.0,0.5,0.0,0.0,-0.5,0.5,0.0,0.0,0.0,0.0,gpt4_2312f94c,longmemeval,ablation_0
mem0,mem0,False,0,21600.0,3024000.0,0.7,0.1,0.0,14400.0,0.1,1.0,0.0,0.0,0.0,,0.0,8,8,0,True,0.0,0.0,0.0,0.0,0.0,0.0,0.0,0.0,0.0,0.0,0.0,0.0,,,,,0bb5a684,longmemeval,baseline
mem0,mem0+HindsightTag,True,0,21600.0,3024000.0,0.7,0.1,0.0,14400.0,0.1,1.0,0.0,0.0,0.0,0.0,0.0,8,8,16,True,0.0,0.0,0.0,0.0,0.0,0.0,0.0,0.0,0.0,0.0,0.0,0.0,0.0,0.0,0.0,0.0,0bb5a684,longmemeval,ablation_0
vector_store,vector_store,False,0,21600.0,3024000.0,0.7,0.1,0.0,14400.0,0.1,1.0,0.375,0.875,-0.5,,0.625,8,8,0,,0.0,1.0,0.5,0.0,1.0,0.5,1.0,1.0,-1.0,0.5,-0.5,-1.0,,,,,0bb5a684,longmemeval,baseline
vector_store,vector_store+HindsightTag,True,0,21600.0,3024000.0,0.7,0.1,0.0,14400.0,0.1,1.0,0.375,0.875,-0.5,0.0,0.625,8,8,16,,0.0,1.0,0.5,0.0,1.0,0.5,1.0,1.0,-1.0,0.5,-0.5,-1.0,0.0,0.0,0.0,0.0,0bb5a684,longmemeval,ablation_0
mem0,mem0,False,1,21600.0,3024000.0,0.7,0.1,0.0,14400.0,0.1,1.0,0.0,0.0,0.0,,0.0,8,8,0,True,0.0,0.0,0.0,0.0,0.0,0.0,0.0,0.0,0.0,0.0,0.0,0.0,,,,,0bb5a684,longmemeval,baseline
mem0,mem0+HindsightTag,True,1,21600.0,3024000.0,0.7,0.1,0.0,14400.0,0.1,1.0,0.0,0.0,0.0,0.0,0.0,8,8,16,True,0.0,0.0,0.0,0.0,0.0,0.0,0.0,0.0,0.0,0.0,0.0,0.0,0.0,0.0,0.0,0.0,0bb5a684,longmemeval,ablation_0
vector_store,vector_store,False,1,21600.0,3024000.0,0.7,0.1,0.0,14400.0,0.1,1.0,0.75,1.0,-0.25,,0.75,8,8,0,,0.5,0.5,1.0,1.0,1.0,1.0,1.0,1.0,-0.5,-0.5,0.0,0.0,,,,,0bb5a684,longmemeval,baseline
vector_store,vector_store+HindsightTag,True,1,21600.0,3024000.0,0.7,0.1,0.0,14400.0,0.1,1.0,0.75,1.0,-0.25,0.0,0.75,8,8,16,,0.5,0.5,1.0,1.0,1.0,1.0,1.0,1.0,-0.5,-0.5,0.0,0.0,0.0,0.0,0.0,0.0,0bb5a684,longmemeval,ablation_0
mem0,mem0,False,2,21600.0,3024000.0,0.7,0.1,0.0,14400.0,0.1,1.0,0.0,0.0,0.0,,0.0,8,8,0,True,0.0,0.0,0.0,0.0,0.0,0.0,0.0,0.0,0.0,0.0,0.0,0.0,,,,,0bb5a684,longmemeval,baseline
mem0,mem0+HindsightTag,True,2,21600.0,3024000.0,0.7,0.1,0.0,14400.0,0.1,1.0,0.0,0.0,0.0,0.0,0.0,8,8,16,True,0.0,0.0,0.0,0.0,0.0,0.0,0.0,0.0,0.0,0.0,0.0,0.0,0.0,0.0,0.0,0.0,0bb5a684,longmemeval,ablation_0
vector_store,vector_store,False,2,21600.0,3024000.0,0.7,0.1,0.0,14400.0,0.1,1.0,1.0,0.75,0.25,,1.0,8,8,0,,1.0,1.0,1.0,1.0,0.5,1.0,0.5,1.0,0.5,0.0,0.5,0.0,,,,,0bb5a684,longmemeval,baseline
vector_store,vector_store+HindsightTag,True,2,21600.0,3024000.0,0.7,0.1,0.0,14400.0,0.1,1.0,1.0,0.75,0.25,0.0,1.0,8,8,16,,1.0,1.0,1.0,1.0,0.5,1.0,0.5,1.0,0.5,0.0,0.5,0.0,0.0,0.0,0.0,0.0,0bb5a684,longmemeval,ablation_0
mem0,mem0,False,3,21600.0,3024000.0,0.7,0.1,0.0,14400.0,0.1,1.0,0.0,0.0,0.0,,0.0,8,8,0,True,0.0,0.0,0.0,0.0,0.0,0.0,0.0,0.0,0.0,0.0,0.0,0.0,,,,,0bb5a684,longmemeval,baseline
mem0,mem0+HindsightTag,True,3,21600.0,3024000.0,0.7,0.1,0.0,14400.0,0.1,1.0,0.125,0.0,0.125,0.0,0.0,8,8,16,True,0.0,0.5,0.0,0.0,0.0,0.0,0.0,0.0,0.0,0.5,0.0,0.0,0.0,0.0,0.0,0.0,0bb5a684,longmemeval,ablation_0
vector_store,vector_store,False,3,21600.0,3024000.0,0.7,0.1,0.0,14400.0,0.1,1.0,0.875,0.875,0.0,,0.875,8,8,0,,1.0,0.5,1.0,1.0,0.5,1.0,1.0,1.0,0.5,-0.5,0.0,0.0,,,,,0bb5a684,longmemeval,baseline
vector_store,vector_store+HindsightTag,True,3,21600.0,3024000.0,0.7,0.1,0.0,14400.0,0.1,1.0,0.875,0.875,0.0,0.0,0.875,8,8,16,,1.0,0.5,1.0,1.0,0.5,1.0,1.0,1.0,0.5,-0.5,0.0,0.0,0.0,0.0,0.0,0.0,0bb5a684,longmemeval,ablation_0
mem0,mem0,False,4,21600.0,3024000.0,0.7,0.1,0.0,14400.0,0.1,1.0,0.0,0.0,0.0,,0.0,8,8,0,True,0.0,0.0,0.0,0.0,0.0,0.0,0.0,0.0,0.0,0.0,0.0,0.0,,,,,0bb5a684,longmemeval,baseline
mem0,mem0+HindsightTag,True,4,21600.0,3024000.0,0.7,0.1,0.0,14400.0,0.1,1.0,0.0,0.0,0.0,0.0,0.0,8,8,16,True,0.0,0.0,0.0,0.0,0.0,0.0,0.0,0.0,0.0,0.0,0.0,0.0,0.0,0.0,0.0,0.0,0bb5a684,longmemeval,ablation_0
vector_store,vector_store,False,4,21600.0,3024000.0,0.7,0.1,0.0,14400.0,0.1,1.0,0.625,0.625,0.0,,0.75,8,8,0,,1.0,1.0,0.5,0.0,0.5,0.5,1.0,0.5,0.5,0.5,-0.5,-0.5,,,,,0bb5a684,longmemeval,baseline
vector_store,vector_store+HindsightTag,True,4,21600.0,3024000.0,0.7,0.1,0.0,14400.0,0.1,1.0,0.625,0.625,0.0,0.0,0.75,8,8,16,,1.0,1.0,0.5,0.0,0.5,0.5,1.0,0.5,0.5,0.5,-0.5,-0.5,0.0,0.0,0.0,0.0,0bb5a684,longmemeval,ablation_0
mem0,mem0,False,5,21600.0,3024000.0,0.7,0.1,0.0,14400.0,0.1,1.0,0.0,0.0,0.0,,0.0,8,8,0,True,0.0,0.0,0.0,0.0,0.0,0.0,0.0,0.0,0.0,0.0,0.0,0.0,,,,,0bb5a684,longmemeval,baseline
mem0,mem0+HindsightTag,True,5,21600.0,3024000.0,0.7,0.1,0.0,14400.0,0.1,1.0,0.125,0.25,-0.125,0.0,0.125,8,8,16,True,0.5,0.0,0.0,0.0,0.5,0.0,0.0,0.5,0.0,0.0,0.0,-0.5,0.0,0.0,0.0,0.0,0bb5a684,longmemeval,ablation_0
vector_store,vector_store,False,5,21600.0,3024000.0,0.7,0.1,0.0,14400.0,0.1,1.0,0.625,0.625,0.0,,0.625,8,8,0,,0.0,0.5,1.0,1.0,1.0,0.5,0.0,1.0,-1.0,0.0,1.0,0.0,,,,,0bb5a684,longmemeval,baseline
vector_store,vector_store+HindsightTag,True,5,21600.0,3024000.0,0.7,0.1,0.0,14400.0,0.1,1.0,0.625,0.625,0.0,0.0,0.625,8,8,16,,0.0,0.5,1.0,1.0,1.0,0.5,0.0,1.0,-1.0,0.0,1.0,0.0,0.0,0.0,0.0,0.0,0bb5a684,longmemeval,ablation_0
mem0,mem0,False,6,21600.0,3024000.0,0.7,0.1,0.0,14400.0,0.1,1.0,0.0,0.0,0.0,,0.0,8,8,0,True,0.0,0.0,0.0,0.0,0.0,0.0,0.0,0.0,0.0,0.0,0.0,0.0,,,,,0bb5a684,longmemeval,baseline
mem0,mem0+HindsightTag,True,6,21600.0,3024000.0,0.7,0.1,0.0,14400.0,0.1,1.0,0.0,0.0,0.0,0.0,0.0,8,8,16,True,0.0,0.0,0.0,0.0,0.0,0.0,0.0,0.0,0.0,0.0,0.0,0.0,0.0,0.0,0.0,0.0,0bb5a684,longmemeval,ablation_0
vector_store,vector_store,False,6,21600.0,3024000.0,0.7,0.1,0.0,14400.0,0.1,1.0,0.375,0.75,-0.375,,0.875,8,8,0,,0.5,0.0,0.5,0.5,1.0,1.0,0.5,0.5,-0.5,-1.0,0.0,0.0,,,,,0bb5a684,longmemeval,baseline
vector_store,vector_store+HindsightTag,True,6,21600.0,3024000.0,0.7,0.1,0.0,14400.0,0.1,1.0,0.375,0.75,-0.375,0.0,0.875,8,8,16,,0.5,0.0,0.5,0.5,1.0,1.0,0.5,0.5,-0.5,-1.0,0.0,0.0,0.0,0.0,0.0,0.0,0bb5a684,longmemeval,ablation_0
mem0,mem0,False,7,21600.0,3024000.0,0.7,0.1,0.0,14400.0,0.1,1.0,0.0,0.0,0.0,,0.0,8,8,0,True,0.0,0.0,0.0,0.0,0.0,0.0,0.0,0.0,0.0,0.0,0.0,0.0,,,,,0bb5a684,longmemeval,baseline
mem0,mem0+HindsightTag,True,7,21600.0,3024000.0,0.7,0.1,0.0,14400.0,0.1,1.0,0.25,0.125,0.125,0.0,0.0,8,8,16,True,0.5,0.5,0.0,0.0,0.0,0.5,0.0,0.0,0.5,0.0,0.0,0.0,0.0,0.0,0.0,0.0,0bb5a684,longmemeval,ablation_0
vector_store,vector_store,False,7,21600.0,3024000.0,0.7,0.1,0.0,14400.0,0.1,1.0,0.875,0.5,0.375,,0.625,8,8,0,,1.0,0.5,1.0,1.0,0.5,0.5,1.0,0.0,0.5,0.0,0.0,1.0,,,,,0bb5a684,longmemeval,baseline
vector_store,vector_store+HindsightTag,True,7,21600.0,3024000.0,0.7,0.1,0.0,14400.0,0.1,1.0,0.875,0.5,0.375,0.0,0.625,8,8,16,,1.0,0.5,1.0,1.0,0.5,0.5,1.0,0.0,0.5,0.0,0.0,1.0,0.0,0.0,0.0,0.0,0bb5a684,longmemeval,ablation_0
mem0,mem0,False,8,21600.0,3024000.0,0.7,0.1,0.0,14400.0,0.1,1.0,0.0,0.0,0.0,,0.0,8,8,0,True,0.0,0.0,0.0,0.0,0.0,0.0,0.0,0.0,0.0,0.0,0.0,0.0,,,,,0bb5a684,longmemeval,baseline
mem0,mem0+HindsightTag,True,8,21600.0,3024000.0,0.7,0.1,0.0,14400.0,0.1,1.0,0.125,0.125,0.0,0.0,0.125,8,8,16,True,0.0,0.0,0.0,0.5,0.5,0.0,0.0,0.0,-0.5,0.0,0.0,0.5,0.0,0.0,0.0,0.0,0bb5a684,longmemeval,ablation_0
vector_store,vector_store,False,8,21600.0,3024000.0,0.7,0.1,0.0,14400.0,0.1,1.0,0.625,0.875,-0.25,,0.75,8,8,0,,0.5,0.5,1.0,0.5,1.0,0.5,1.0,1.0,-0.5,0.0,0.0,-0.5,,,,,0bb5a684,longmemeval,baseline
vector_store,vector_store+HindsightTag,True,8,21600.0,3024000.0,0.7,0.1,0.0,14400.0,0.1,1.0,0.625,0.875,-0.25,0.0,0.75,8,8,16,,0.5,0.5,1.0,0.5,1.0,0.5,1.0,1.0,-0.5,0.0,0.0,-0.5,0.0,0.0,0.0,0.0,0bb5a684,longmemeval,ablation_0
mem0,mem0,False,9,21600.0,3024000.0,0.7,0.1,0.0,14400.0,0.1,1.0,0.0,0.0,0.0,,0.0,8,8,0,True,0.0,0.0,0.0,0.0,0.0,0.0,0.0,0.0,0.0,0.0,0.0,0.0,,,,,0bb5a684,longmemeval,baseline
mem0,mem0+HindsightTag,True,9,21600.0,3024000.0,0.7,0.1,0.0,14400.0,0.1,1.0,0.0,0.0,0.0,0.0,0.0,8,8,16,True,0.0,0.0,0.0,0.0,0.0,0.0,0.0,0.0,0.0,0.0,0.0,0.0,0.0,0.0,0.0,0.0,0bb5a684,longmemeval,ablation_0
vector_store,vector_store,False,9,21600.0,3024000.0,0.7,0.1,0.0,14400.0,0.1,1.0,0.875,0.75,0.125,,0.625,8,8,0,,1.0,0.5,1.0,1.0,1.0,0.5,0.5,1.0,0.0,0.0,0.5,0.0,,,,,0bb5a684,longmemeval,baseline
vector_store,vector_store+HindsightTag,True,9,21600.0,3024000.0,0.7,0.1,0.0,14400.0,0.1,1.0,0.875,0.75,0.125,0.0,0.625,8,8,16,,1.0,0.5,1.0,1.0,1.0,0.5,0.5,1.0,0.0,0.0,0.5,0.0,0.0,0.0,0.0,0.0,0bb5a684,longmemeval,ablation_0
mem0,mem0,False,0,21600.0,3024000.0,0.7,0.1,0.0,14400.0,0.1,1.0,0.0,0.0,0.0,,0.0,8,8,0,True,0.0,0.0,0.0,0.0,0.0,0.0,0.0,0.0,0.0,0.0,0.0,0.0,,,,,08f4fc43,longmemeval,baseline
mem0,mem0+HindsightTag,True,0,21600.0,3024000.0,0.7,0.1,0.0,14400.0,0.1,1.0,0.0,0.0,0.0,0.0,0.0,8,8,16,True,0.0,0.0,0.0,0.0,0.0,0.0,0.0,0.0,0.0,0.0,0.0,0.0,0.0,0.0,0.0,0.0,08f4fc43,longmemeval,ablation_0
vector_store,vector_store,False,0,21600.0,3024000.0,0.7,0.1,0.0,14400.0,0.1,1.0,0.5,1.0,-0.5,,0.75,8,8,0,,1.0,0.5,0.0,0.5,1.0,1.0,1.0,1.0,0.0,-0.5,-1.0,-0.5,,,,,08f4fc43,longmemeval,baseline
vector_store,vector_store+HindsightTag,True,0,21600.0,3024000.0,0.7,0.1,0.0,14400.0,0.1,1.0,0.5,1.0,-0.5,0.0,0.75,8,8,16,,1.0,0.5,0.0,0.5,1.0,1.0,1.0,1.0,0.0,-0.5,-1.0,-0.5,0.0,0.0,0.0,0.0,08f4fc43,longmemeval,ablation_0
mem0,mem0,False,1,21600.0,3024000.0,0.7,0.1,0.0,14400.0,0.1,1.0,0.0,0.0,0.0,,0.0,8,8,0,True,0.0,0.0,0.0,0.0,0.0,0.0,0.0,0.0,0.0,0.0,0.0,0.0,,,,,08f4fc43,longmemeval,baseline
mem0,mem0+HindsightTag,True,1,21600.0,3024000.0,0.7,0.1,0.0,14400.0,0.1,1.0,0.125,0.0,0.125,0.0,0.25,8,8,16,True,0.5,0.0,0.0,0.0,0.0,0.0,0.0,0.0,0.5,0.0,0.0,0.0,0.0,0.0,0.0,0.0,08f4fc43,longmemeval,ablation_0
vector_store,vector_store,False,1,21600.0,3024000.0,0.7,0.1,0.0,14400.0,0.1,1.0,0.75,0.625,0.125,,0.625,8,8,0,,0.5,1.0,1.0,0.5,1.0,0.5,0.5,0.5,-0.5,0.5,0.5,0.0,,,,,08f4fc43,longmemeval,baseline
vector_store,vector_store+HindsightTag,True,1,21600.0,3024000.0,0.7,0.1,0.0,14400.0,0.1,1.0,0.75,0.625,0.125,0.0,0.625,8,8,16,,0.5,1.0,1.0,0.5,1.0,0.5,0.5,0.5,-0.5,0.5,0.5,0.0,0.0,0.0,0.0,0.0,08f4fc43,longmemeval,ablation_0
mem0,mem0,False,2,21600.0,3024000.0,0.7,0.1,0.0,14400.0,0.1,1.0,0.0,0.0,0.0,,0.0,8,8,0,True,0.0,0.0,0.0,0.0,0.0,0.0,0.0,0.0,0.0,0.0,0.0,0.0,,,,,08f4fc43,longmemeval,baseline
mem0,mem0+HindsightTag,True,2,21600.0,3024000.0,0.7,0.1,0.0,14400.0,0.1,1.0,0.0,0.0,0.0,0.0,0.0,8,8,16,True,0.0,0.0,0.0,0.0,0.0,0.0,0.0,0.0,0.0,0.0,0.0,0.0,0.0,0.0,0.0,0.0,08f4fc43,longmemeval,ablation_0
vector_store,vector_store,False,2,21600.0,3024000.0,0.7,0.1,0.0,14400.0,0.1,1.0,0.625,0.875,-0.25,,0.625,8,8,0,,0.5,0.5,1.0,0.5,1.0,0.5,1.0,1.0,-0.5,0.0,0.0,-0.5,,,,,08f4fc43,longmemeval,baseline
vector_store,vector_store+HindsightTag,True,2,21600.0,3024000.0,0.7,0.1,0.0,14400.0,0.1,1.0,0.625,0.875,-0.25,0.0,0.625,8,8,16,,0.5,0.5,1.0,0.5,1.0,0.5,1.0,1.0,-0.5,0.0,0.0,-0.5,0.0,0.0,0.0,0.0,08f4fc43,longmemeval,ablation_0
mem0,mem0,False,3,21600.0,3024000.0,0.7,0.1,0.0,14400.0,0.1,1.0,0.0,0.0,0.0,,0.0,8,8,0,True,0.0,0.0,0.0,0.0,0.0,0.0,0.0,0.0,0.0,0.0,0.0,0.0,,,,,08f4fc43,longmemeval,baseline
mem0,mem0+HindsightTag,True,3,21600.0,3024000.0,0.7,0.1,0.0,14400.0,0.1,1.0,0.0,0.0,0.0,0.0625,0.0,8,8,16,True,0.0,0.0,0.0,0.0,0.0,0.0,0.0,0.0,0.0,0.0,0.0,0.0,0.25,0.0,0.0,0.0,08f4fc43,longmemeval,ablation_0
vector_store,vector_store,False,3,21600.0,3024000.0,0.7,0.1,0.0,14400.0,0.1,1.0,0.625,0.625,0.0,,0.625,8,8,0,,1.0,0.5,0.5,0.5,0.5,1.0,0.5,0.5,0.5,-0.5,0.0,0.0,,,,,08f4fc43,longmemeval,baseline
vector_store,vector_store+HindsightTag,True,3,21600.0,3024000.0,0.7,0.1,0.0,14400.0,0.1,1.0,0.625,0.625,0.0,0.0625,0.625,8,8,16,,1.0,0.5,0.5,0.5,0.5,1.0,0.5,0.5,0.5,-0.5,0.0,0.0,0.25,0.0,0.0,0.0,08f4fc43,longmemeval,ablation_0
mem0,mem0,False,4,21600.0,3024000.0,0.7,0.1,0.0,14400.0,0.1,1.0,0.0,0.0,0.0,,0.0,8,8,0,True,0.0,0.0,0.0,0.0,0.0,0.0,0.0,0.0,0.0,0.0,0.0,0.0,,,,,08f4fc43,longmemeval,baseline
mem0,mem0+HindsightTag,True,4,21600.0,3024000.0,0.7,0.1,0.0,14400.0,0.1,1.0,0.125,0.0,0.125,0.0625,0.0,8,8,16,True,0.0,0.0,0.0,0.5,0.0,0.0,0.0,0.0,0.0,0.0,0.0,0.5,0.25,0.0,0.0,0.0,08f4fc43,longmemeval,ablation_0
vector_store,vector_store,False,4,21600.0,3024000.0,0.7,0.1,0.0,14400.0,0.1,1.0,0.5,0.375,0.125,,0.75,8,8,0,,0.5,0.5,0.5,0.5,0.0,0.5,0.5,0.5,0.5,0.0,0.0,0.0,,,,,08f4fc43,longmemeval,baseline
vector_store,vector_store+HindsightTag,True,4,21600.0,3024000.0,0.7,0.1,0.0,14400.0,0.1,1.0,0.5,0.375,0.125,0.0625,0.75,8,8,16,,0.5,0.5,0.5,0.5,0.0,0.5,0.5,0.5,0.5,0.0,0.0,0.0,0.25,0.0,0.0,0.0,08f4fc43,longmemeval,ablation_0
mem0,mem0,False,5,21600.0,3024000.0,0.7,0.1,0.0,14400.0,0.1,1.0,0.0,0.0,0.0,,0.0,8,8,0,True,0.0,0.0,0.0,0.0,0.0,0.0,0.0,0.0,0.0,0.0,0.0,0.0,,,,,08f4fc43,longmemeval,baseline
mem0,mem0+HindsightTag,True,5,21600.0,3024000.0,0.7,0.1,0.0,14400.0,0.1,1.0,0.0,0.0,0.0,0.0,0.0,8,8,16,True,0.0,0.0,0.0,0.0,0.0,0.0,0.0,0.0,0.0,0.0,0.0,0.0,0.0,0.0,0.0,0.0,08f4fc43,longmemeval,ablation_0
vector_store,vector_store,False,5,21600.0,3024000.0,0.7,0.1,0.0,14400.0,0.1,1.0,0.5,0.5,0.0,,0.75,8,8,0,,0.0,0.5,0.5,1.0,0.5,0.5,0.5,0.5,-0.5,0.0,0.0,0.5,,,,,08f4fc43,longmemeval,baseline
vector_store,vector_store+HindsightTag,True,5,21600.0,3024000.0,0.7,0.1,0.0,14400.0,0.1,1.0,0.5,0.5,0.0,0.0,0.75,8,8,16,,0.0,0.5,0.5,1.0,0.5,0.5,0.5,0.5,-0.5,0.0,0.0,0.5,0.0,0.0,0.0,0.0,08f4fc43,longmemeval,ablation_0
mem0,mem0,False,6,21600.0,3024000.0,0.7,0.1,0.0,14400.0,0.1,1.0,0.0,0.0,0.0,,0.0,8,8,0,True,0.0,0.0,0.0,0.0,0.0,0.0,0.0,0.0,0.0,0.0,0.0,0.0,,,,,08f4fc43,longmemeval,baseline
mem0,mem0+HindsightTag,True,6,21600.0,3024000.0,0.7,0.1,0.0,14400.0,0.1,1.0,0.0,0.0,0.0,0.0,0.0,8,8,16,True,0.0,0.0,0.0,0.0,0.0,0.0,0.0,0.0,0.0,0.0,0.0,0.0,0.0,0.0,0.0,0.0,08f4fc43,longmemeval,ablation_0
vector_store,vector_store,False,6,21600.0,3024000.0,0.7,0.1,0.0,14400.0,0.1,1.0,1.0,0.875,0.125,,0.75,8,8,0,,1.0,1.0,1.0,1.0,0.5,1.0,1.0,1.0,0.5,0.0,0.0,0.0,,,,,08f4fc43,longmemeval,baseline
vector_store,vector_store+HindsightTag,True,6,21600.0,3024000.0,0.7,0.1,0.0,14400.0,0.1,1.0,1.0,0.875,0.125,0.0,0.75,8,8,16,,1.0,1.0,1.0,1.0,0.5,1.0,1.0,1.0,0.5,0.0,0.0,0.0,0.0,0.0,0.0,0.0,08f4fc43,longmemeval,ablation_0
mem0,mem0,False,7,21600.0,3024000.0,0.7,0.1,0.0,14400.0,0.1,1.0,0.0,0.0,0.0,,0.0,8,8,0,True,0.0,0.0,0.0,0.0,0.0,0.0,0.0,0.0,0.0,0.0,0.0,0.0,,,,,08f4fc43,longmemeval,baseline
mem0,mem0+HindsightTag,True,7,21600.0,3024000.0,0.7,0.1,0.0,14400.0,0.1,1.0,0.0,0.0,0.0,0.0625,0.25,8,8,16,True,0.0,0.0,0.0,0.0,0.0,0.0,0.0,0.0,0.0,0.0,0.0,0.0,0.25,0.0,0.0,0.0,08f4fc43,longmemeval,ablation_0
vector_store,vector_store,False,7,21600.0,3024000.0,0.7,0.1,0.0,14400.0,0.1,1.0,0.625,0.625,0.0,,0.375,8,8,0,,0.5,1.0,1.0,0.0,0.5,1.0,0.5,0.5,0.0,0.0,0.5,-0.5,,,,,08f4fc43,longmemeval,baseline
vector_store,vector_store+HindsightTag,True,7,21600.0,3024000.0,0.7,0.1,0.0,14400.0,0.1,1.0,0.625,0.625,0.0,0.0625,0.375,8,8,16,,0.5,1.0,1.0,0.0,0.5,1.0,0.5,0.5,0.0,0.0,0.5,-0.5,0.25,0.0,0.0,0.0,08f4fc43,longmemeval,ablation_0
mem0,mem0,False,8,21600.0,3024000.0,0.7,0.1,0.0,14400.0,0.1,1.0,0.0,0.0,0.0,,0.0,8,8,0,True,0.0,0.0,0.0,0.0,0.0,0.0,0.0,0.0,0.0,0.0,0.0,0.0,,,,,08f4fc43,longmemeval,baseline
mem0,mem0+HindsightTag,True,8,21600.0,3024000.0,0.7,0.1,0.0,14400.0,0.1,1.0,0.0,0.0,0.0,0.0,0.0,8,8,16,True,0.0,0.0,0.0,0.0,0.0,0.0,0.0,0.0,0.0,0.0,0.0,0.0,0.0,0.0,0.0,0.0,08f4fc43,longmemeval,ablation_0
vector_store,vector_store,False,8,21600.0,3024000.0,0.7,0.1,0.0,14400.0,0.1,1.0,0.75,0.875,-0.125,,0.625,8,8,0,,1.0,0.5,1.0,0.5,1.0,1.0,1.0,0.5,0.0,-0.5,0.0,0.0,,,,,08f4fc43,longmemeval,baseline
vector_store,vector_store+HindsightTag,True,8,21600.0,3024000.0,0.7,0.1,0.0,14400.0,0.1,1.0,0.75,0.875,-0.125,0.0,0.625,8,8,16,,1.0,0.5,1.0,0.5,1.0,1.0,1.0,0.5,0.0,-0.5,0.0,0.0,0.0,0.0,0.0,0.0,08f4fc43,longmemeval,ablation_0
mem0,mem0,False,9,21600.0,3024000.0,0.7,0.1,0.0,14400.0,0.1,1.0,0.0,0.0,0.0,,0.0,8,8,0,True,0.0,0.0,0.0,0.0,0.0,0.0,0.0,0.0,0.0,0.0,0.0,0.0,,,,,08f4fc43,longmemeval,baseline
mem0,mem0+HindsightTag,True,9,21600.0,3024000.0,0.7,0.1,0.0,14400.0,0.1,1.0,0.125,0.125,0.0,0.0625,0.0,8,8,16,True,0.0,0.0,0.0,0.5,0.0,0.5,0.0,0.0,0.0,-0.5,0.0,0.5,0.25,0.0,0.0,0.0,08f4fc43,longmemeval,ablation_0
vector_store,vector_store,False,9,21600.0,3024000.0,0.7,0.1,0.0,14400.0,0.1,1.0,0.875,0.875,0.0,,0.625,8,8,0,,0.5,1.0,1.0,1.0,1.0,1.0,1.0,0.5,-0.5,0.0,0.0,0.5,,,,,08f4fc43,longmemeval,baseline
vector_store,vector_store+HindsightTag,True,9,21600.0,3024000.0,0.7,0.1,0.0,14400.0,0.1,1.0,0.875,0.875,0.0,0.0625,0.625,8,8,16,,0.5,1.0,1.0,1.0,1.0,1.0,1.0,0.5,-0.5,0.0,0.0,0.5,0.25,0.0,0.0,0.0,08f4fc43,longmemeval,ablation_0
mem0,mem0,False,0,21600.0,3024000.0,0.7,0.1,0.0,14400.0,0.1,1.0,0.0,0.0,0.0,,0.0,8,8,0,True,0.0,0.0,0.0,0.0,0.0,0.0,0.0,0.0,0.0,0.0,0.0,0.0,,,,,2c63a862,longmemeval,baseline
mem0,mem0+HindsightTag,True,0,21600.0,3024000.0,0.7,0.1,0.0,14400.0,0.1,1.0,0.0,0.0,0.0,0.125,0.0,8,8,16,True,0.0,0.0,0.0,0.0,0.0,0.0,0.0,0.0,0.0,0.0,0.0,0.0,0.5,0.0,0.0,0.0,2c63a862,longmemeval,ablation_0
vector_store,vector_store,False,0,21600.0,3024000.0,0.7,0.1,0.0,14400.0,0.1,1.0,0.625,0.75,-0.125,,0.625,8,8,0,,1.0,0.5,0.5,0.5,1.0,0.5,0.5,1.0,0.0,0.0,0.0,-0.5,,,,,2c63a862,longmemeval,baseline
vector_store,vector_store+HindsightTag,True,0,21600.0,3024000.0,0.7,0.1,0.0,14400.0,0.1,1.0,0.625,0.75,-0.125,0.125,0.625,8,8,16,,1.0,0.5,0.5,0.5,1.0,0.5,0.5,1.0,0.0,0.0,0.0,-0.5,0.5,0.0,0.0,0.0,2c63a862,longmemeval,ablation_0
mem0,mem0,False,1,21600.0,3024000.0,0.7,0.1,0.0,14400.0,0.1,1.0,0.0,0.0,0.0,,0.0,8,8,0,True,0.0,0.0,0.0,0.0,0.0,0.0,0.0,0.0,0.0,0.0,0.0,0.0,,,,,2c63a862,longmemeval,baseline
mem0,mem0+HindsightTag,True,1,21600.0,3024000.0,0.7,0.1,0.0,14400.0,0.1,1.0,0.0,0.0,0.0,0.0625,0.0,8,8,16,True,0.0,0.0,0.0,0.0,0.0,0.0,0.0,0.0,0.0,0.0,0.0,0.0,0.25,0.0,0.0,0.0,2c63a862,longmemeval,ablation_0
vector_store,vector_store,False,1,21600.0,3024000.0,0.7,0.1,0.0,14400.0,0.1,1.0,0.875,0.875,0.0,,0.75,8,8,0,,0.5,1.0,1.0,1.0,1.0,1.0,1.0,0.5,-0.5,0.0,0.0,0.5,,,,,2c63a862,longmemeval,baseline
vector_store,vector_store+HindsightTag,True,1,21600.0,3024000.0,0.7,0.1,0.0,14400.0,0.1,1.0,0.875,0.875,0.0,0.0625,0.75,8,8,16,,0.5,1.0,1.0,1.0,1.0,1.0,1.0,0.5,-0.5,0.0,0.0,0.5,0.25,0.0,0.0,0.0,2c63a862,longmemeval,ablation_0
mem0,mem0,False,2,21600.0,3024000.0,0.7,0.1,0.0,14400.0,0.1,1.0,0.0,0.0,0.0,,0.0,8,8,0,True,0.0,0.0,0.0,0.0,0.0,0.0,0.0,0.0,0.0,0.0,0.0,0.0,,,,,2c63a862,longmemeval,baseline
mem0,mem0+HindsightTag,True,2,21600.0,3024000.0,0.7,0.1,0.0,14400.0,0.1,1.0,0.0,0.0,0.0,0.125,0.0,8,8,16,True,0.0,0.0,0.0,0.0,0.0,0.0,0.0,0.0,0.0,0.0,0.0,0.0,0.5,0.0,0.0,0.0,2c63a862,longmemeval,ablation_0
vector_store,vector_store,False,2,21600.0,3024000.0,0.7,0.1,0.0,14400.0,0.1,1.0,0.625,0.875,-0.25,,0.875,8,8,0,,0.5,1.0,0.5,0.5,1.0,0.5,1.0,1.0,-0.5,0.5,-0.5,-0.5,,,,,2c63a862,longmemeval,baseline
vector_store,vector_store+HindsightTag,True,2,21600.0,3024000.0,0.7,0.1,0.0,14400.0,0.1,1.0,0.625,0.875,-0.25,0.125,0.875,8,8,16,,0.5,1.0,0.5,0.5,1.0,0.5,1.0,1.0,-0.5,0.5,-0.5,-0.5,0.5,0.0,0.0,0.0,2c63a862,longmemeval,ablation_0
mem0,mem0,False,3,21600.0,3024000.0,0.7,0.1,0.0,14400.0,0.1,1.0,0.0,0.0,0.0,,0.0,8,8,0,True,0.0,0.0,0.0,0.0,0.0,0.0,0.0,0.0,0.0,0.0,0.0,0.0,,,,,2c63a862,longmemeval,baseline
mem0,mem0+HindsightTag,True,3,21600.0,3024000.0,0.7,0.1,0.0,14400.0,0.1,1.0,0.125,0.0,0.125,0.125,0.0,8,8,16,True,0.0,0.0,0.5,0.0,0.0,0.0,0.0,0.0,0.0,0.0,0.5,0.0,0.5,0.0,0.0,0.0,2c63a862,longmemeval,ablation_0
vector_store,vector_store,False,3,21600.0,3024000.0,0.7,0.1,0.0,14400.0,0.1,1.0,0.5,0.5,0.0,,0.5,8,8,0,,0.5,1.0,0.5,0.0,0.5,1.0,0.0,0.5,0.0,0.0,0.5,-0.5,,,,,2c63a862,longmemeval,baseline
vector_store,vector_store+HindsightTag,True,3,21600.0,3024000.0,0.7,0.1,0.0,14400.0,0.1,1.0,0.5,0.5,0.0,0.125,0.5,8,8,16,,0.5,1.0,0.5,0.0,0.5,1.0,0.0,0.5,0.0,0.0,0.5,-0.5,0.5,0.0,0.0,0.0,2c63a862,longmemeval,ablation_0
mem0,mem0,False,4,21600.0,3024000.0,0.7,0.1,0.0,14400.0,0.1,1.0,0.0,0.0,0.0,,0.0,8,8,0,True,0.0,0.0,0.0,0.0,0.0,0.0,0.0,0.0,0.0,0.0,0.0,0.0,,,,,2c63a862,longmemeval,baseline
mem0,mem0+HindsightTag,True,4,21600.0,3024000.0,0.7,0.1,0.0,14400.0,0.1,1.0,0.0,0.125,-0.125,0.125,0.375,8,8,16,True,0.0,0.0,0.0,0.0,0.0,0.0,0.5,0.0,0.0,0.0,-0.5,0.0,0.5,0.0,0.0,0.0,2c63a862,longmemeval,ablation_0
vector_store,vector_store,False,4,21600.0,3024000.0,0.7,0.1,0.0,14400.0,0.1,1.0,0.875,1.0,-0.125,,0.875,8,8,0,,1.0,1.0,1.0,0.5,1.0,1.0,1.0,1.0,0.0,0.0,0.0,-0.5,,,,,2c63a862,longmemeval,baseline
vector_store,vector_store+HindsightTag,True,4,21600.0,3024000.0,0.7,0.1,0.0,14400.0,0.1,1.0,0.875,1.0,-0.125,0.125,0.875,8,8,16,,1.0,1.0,1.0,0.5,1.0,1.0,1.0,1.0,0.0,0.0,0.0,-0.5,0.5,0.0,0.0,0.0,2c63a862,longmemeval,ablation_0
mem0,mem0,False,5,21600.0,3024000.0,0.7,0.1,0.0,14400.0,0.1,1.0,0.0,0.0,0.0,,0.0,8,8,0,True,0.0,0.0,0.0,0.0,0.0,0.0,0.0,0.0,0.0,0.0,0.0,0.0,,,,,2c63a862,longmemeval,baseline
mem0,mem0+HindsightTag,True,5,21600.0,3024000.0,0.7,0.1,0.0,14400.0,0.1,1.0,0.0,0.0,0.0,0.125,0.0,8,8,16,True,0.0,0.0,0.0,0.0,0.0,0.0,0.0,0.0,0.0,0.0,0.0,0.0,0.5,0.0,0.0,0.0,2c63a862,longmemeval,ablation_0
vector_store,vector_store,False,5,21600.0,3024000.0,0.7,0.1,0.0,14400.0,0.1,1.0,0.625,0.75,-0.125,,0.625,8,8,0,,0.5,0.5,0.5,1.0,1.0,1.0,0.5,0.5,-0.5,-0.5,0.0,0.5,,,,,2c63a862,longmemeval,baseline
vector_store,vector_store+HindsightTag,True,5,21600.0,3024000.0,0.7,0.1,0.0,14400.0,0.1,1.0,0.625,0.75,-0.125,0.125,0.625,8,8,16,,0.5,0.5,0.5,1.0,1.0,1.0,0.5,0.5,-0.5,-0.5,0.0,0.5,0.5,0.0,0.0,0.0,2c63a862,longmemeval,ablation_0
mem0,mem0,False,6,21600.0,3024000.0,0.7,0.1,0.0,14400.0,0.1,1.0,0.0,0.0,0.0,,0.0,8,8,0,True,0.0,0.0,0.0,0.0,0.0,0.0,0.0,0.0,0.0,0.0,0.0,0.0,,,,,2c63a862,longmemeval,baseline
mem0,mem0+HindsightTag,True,6,21600.0,3024000.0,0.7,0.1,0.0,14400.0,0.1,1.0,0.0,0.125,-0.125,0.0,0.0,8,8,16,True,0.0,0.0,0.0,0.0,0.0,0.5,0.0,0.0,0.0,-0.5,0.0,0.0,0.0,0.0,0.0,0.0,2c63a862,longmemeval,ablation_0
vector_store,vector_store,False,6,21600.0,3024000.0,0.7,0.1,0.0,14400.0,0.1,1.0,1.0,0.875,0.125,,0.875,8,8,0,,1.0,1.0,1.0,1.0,1.0,1.0,0.5,1.0,0.0,0.0,0.5,0.0,,,,,2c63a862,longmemeval,baseline
vector_store,vector_store+HindsightTag,True,6,21600.0,3024000.0,0.7,0.1,0.0,14400.0,0.1,1.0,1.0,0.875,0.125,0.0,0.875,8,8,16,,1.0,1.0,1.0,1.0,1.0,1.0,0.5,1.0,0.0,0.0,0.5,0.0,0.0,0.0,0.0,0.0,2c63a862,longmemeval,ablation_0
mem0,mem0,False,7,21600.0,3024000.0,0.7,0.1,0.0,14400.0,0.1,1.0,0.0,0.0,0.0,,0.0,8,8,0,True,0.0,0.0,0.0,0.0,0.0,0.0,0.0,0.0,0.0,0.0,0.0,0.0,,,,,2c63a862,longmemeval,baseline
mem0,mem0+HindsightTag,True,7,21600.0,3024000.0,0.7,0.1,0.0,14400.0,0.1,1.0,0.0,0.0,0.0,0.0625,0.0,8,8,16,True,0.0,0.0,0.0,0.0,0.0,0.0,0.0,0.0,0.0,0.0,0.0,0.0,0.25,0.0,0.0,0.0,2c63a862,longmemeval,ablation_0
vector_store,vector_store,False,7,21600.0,3024000.0,0.7,0.1,0.0,14400.0,0.1,1.0,0.625,0.5,0.125,,0.75,8,8,0,,0.5,0.5,0.5,1.0,1.0,0.5,0.0,0.5,-0.5,0.0,0.5,0.5,,,,,2c63a862,longmemeval,baseline
vector_store,vector_store+HindsightTag,True,7,21600.0,3024000.0,0.7,0.1,0.0,14400.0,0.1,1.0,0.625,0.5,0.125,0.0625,0.75,8,8,16,,0.5,0.5,0.5,1.0,1.0,0.5,0.0,0.5,-0.5,0.0,0.5,0.5,0.25,0.0,0.0,0.0,2c63a862,longmemeval,ablation_0
mem0,mem0,False,8,21600.0,3024000.0,0.7,0.1,0.0,14400.0,0.1,1.0,0.0,0.0,0.0,,0.0,8,8,0,True,0.0,0.0,0.0,0.0,0.0,0.0,0.0,0.0,0.0,0.0,0.0,0.0,,,,,2c63a862,longmemeval,baseline
mem0,mem0+HindsightTag,True,8,21600.0,3024000.0,0.7,0.1,0.0,14400.0,0.1,1.0,0.0,0.0,0.0,0.125,0.0,8,8,16,True,0.0,0.0,0.0,0.0,0.0,0.0,0.0,0.0,0.0,0.0,0.0,0.0,0.5,0.0,0.0,0.0,2c63a862,longmemeval,ablation_0
vector_store,vector_store,False,8,21600.0,3024000.0,0.7,0.1,0.0,14400.0,0.1,1.0,0.75,0.75,0.0,,0.875,8,8,0,,1.0,0.5,0.5,1.0,1.0,0.5,0.5,1.0,0.0,0.0,0.0,0.0,,,,,2c63a862,longmemeval,baseline
vector_store,vector_store+HindsightTag,True,8,21600.0,3024000.0,0.7,0.1,0.0,14400.0,0.1,1.0,0.75,0.75,0.0,0.125,0.875,8,8,16,,1.0,0.5,0.5,1.0,1.0,0.5,0.5,1.0,0.0,0.0,0.0,0.0,0.5,0.0,0.0,0.0,2c63a862,longmemeval,ablation_0
mem0,mem0,False,9,21600.0,3024000.0,0.7,0.1,0.0,14400.0,0.1,1.0,0.0,0.0,0.0,,0.0,8,8,0,True,0.0,0.0,0.0,0.0,0.0,0.0,0.0,0.0,0.0,0.0,0.0,0.0,,,,,2c63a862,longmemeval,baseline
mem0,mem0+HindsightTag,True,9,21600.0,3024000.0,0.7,0.1,0.0,14400.0,0.1,1.0,0.0,0.125,-0.125,0.0625,0.0,8,8,16,True,0.0,0.0,0.0,0.0,0.5,0.0,0.0,0.0,-0.5,0.0,0.0,0.0,0.25,0.0,0.0,0.0,2c63a862,longmemeval,ablation_0
vector_store,vector_store,False,9,21600.0,3024000.0,0.7,0.1,0.0,14400.0,0.1,1.0,0.625,0.875,-0.25,,0.875,8,8,0,,1.0,0.5,0.5,0.5,0.5,1.0,1.0,1.0,0.5,-0.5,-0.5,-0.5,,,,,2c63a862,longmemeval,baseline
vector_store,vector_store+HindsightTag,True,9,21600.0,3024000.0,0.7,0.1,0.0,14400.0,0.1,1.0,0.625,0.875,-0.25,0.0625,0.875,8,8,16,,1.0,0.5,0.5,0.5,0.5,1.0,1.0,1.0,0.5,-0.5,-0.5,-0.5,0.25,0.0,0.0,0.0,2c63a862,longmemeval,ablation_0
mem0,mem0,False,0,21600.0,3024000.0,0.7,0.1,0.0,14400.0,0.1,1.0,0.0,0.0,0.0,,0.0,8,8,0,True,0.0,0.0,0.0,0.0,0.0,0.0,0.0,0.0,0.0,0.0,0.0,0.0,,,,,gpt4_385a5000,longmemeval,baseline
mem0,mem0+HindsightTag,True,0,21600.0,3024000.0,0.7,0.1,0.0,14400.0,0.1,1.0,0.125,0.125,0.0,0.0,0.0,8,8,16,True,0.0,0.0,0.0,0.5,0.0,0.0,0.0,0.5,0.0,0.0,0.0,0.0,0.0,0.0,0.0,0.0,gpt4_385a5000,longmemeval,ablation_0
vector_store,vector_store,False,0,21600.0,3024000.0,0.7,0.1,0.0,14400.0,0.1,1.0,0.625,0.375,0.25,,0.625,8,8,0,,0.0,1.0,0.5,1.0,0.5,0.0,1.0,0.0,-0.5,1.0,-0.5,1.0,,,,,gpt4_385a5000,longmemeval,baseline
vector_store,vector_store+HindsightTag,True,0,21600.0,3024000.0,0.7,0.1,0.0,14400.0,0.1,1.0,0.625,0.375,0.25,0.0,0.625,8,8,16,,0.0,1.0,0.5,1.0,0.5,0.0,1.0,0.0,-0.5,1.0,-0.5,1.0,0.0,0.0,0.0,0.0,gpt4_385a5000,longmemeval,ablation_0
mem0,mem0,False,1,21600.0,3024000.0,0.7,0.1,0.0,14400.0,0.1,1.0,0.0,0.0,0.0,,0.0,8,8,0,True,0.0,0.0,0.0,0.0,0.0,0.0,0.0,0.0,0.0,0.0,0.0,0.0,,,,,gpt4_385a5000,longmemeval,baseline
mem0,mem0+HindsightTag,True,1,21600.0,3024000.0,0.7,0.1,0.0,14400.0,0.1,1.0,0.0,0.0,0.0,0.0625,0.0,8,8,16,True,0.0,0.0,0.0,0.0,0.0,0.0,0.0,0.0,0.0,0.0,0.0,0.0,0.25,0.0,0.0,0.0,gpt4_385a5000,longmemeval,ablation_0
vector_store,vector_store,False,1,21600.0,3024000.0,0.7,0.1,0.0,14400.0,0.1,1.0,0.875,0.75,0.125,,0.75,8,8,0,,1.0,1.0,0.5,1.0,1.0,0.5,1.0,0.5,0.0,0.5,-0.5,0.5,,,,,gpt4_385a5000,longmemeval,baseline
vector_store,vector_store+HindsightTag,True,1,21600.0,3024000.0,0.7,0.1,0.0,14400.0,0.1,1.0,0.875,0.75,0.125,0.0625,0.75,8,8,16,,1.0,1.0,0.5,1.0,1.0,0.5,1.0,0.5,0.0,0.5,-0.5,0.5,0.25,0.0,0.0,0.0,gpt4_385a5000,longmemeval,ablation_0
mem0,mem0,False,2,21600.0,3024000.0,0.7,0.1,0.0,14400.0,0.1,1.0,0.0,0.0,0.0,,0.0,8,8,0,True,0.0,0.0,0.0,0.0,0.0,0.0,0.0,0.0,0.0,0.0,0.0,0.0,,,,,gpt4_385a5000,longmemeval,baseline
mem0,mem0+HindsightTag,True,2,21600.0,3024000.0,0.7,0.1,0.0,14400.0,0.1,1.0,0.0,0.0,0.0,0.0,0.0,8,8,16,True,0.0,0.0,0.0,0.0,0.0,0.0,0.0,0.0,0.0,0.0,0.0,0.0,0.0,0.0,0.0,0.0,gpt4_385a5000,longmemeval,ablation_0
vector_store,vector_store,False,2,21600.0,3024000.0,0.7,0.1,0.0,14400.0,0.1,1.0,0.75,0.875,-0.125,,0.75,8,8,0,,1.0,1.0,0.0,1.0,1.0,1.0,1.0,0.5,0.0,0.0,-1.0,0.5,,,,,gpt4_385a5000,longmemeval,baseline
vector_store,vector_store+HindsightTag,True,2,21600.0,3024000.0,0.7,0.1,0.0,14400.0,0.1,1.0,0.75,0.875,-0.125,0.0,0.75,8,8,16,,1.0,1.0,0.0,1.0,1.0,1.0,1.0,0.5,0.0,0.0,-1.0,0.5,0.0,0.0,0.0,0.0,gpt4_385a5000,longmemeval,ablation_0
mem0,mem0,False,3,21600.0,3024000.0,0.7,0.1,0.0,14400.0,0.1,1.0,0.0,0.0,0.0,,0.0,8,8,0,True,0.0,0.0,0.0,0.0,0.0,0.0,0.0,0.0,0.0,0.0,0.0,0.0,,,,,gpt4_385a5000,longmemeval,baseline
mem0,mem0+HindsightTag,True,3,21600.0,3024000.0,0.7,0.1,0.0,14400.0,0.1,1.0,0.125,0.0,0.125,0.0625,0.0,8,8,16,True,0.0,0.5,0.0,0.0,0.0,0.0,0.0,0.0,0.0,0.5,0.0,0.0,0.25,0.0,0.0,0.0,gpt4_385a5000,longmemeval,ablation_0
vector_store,vector_store,False,3,21600.0,3024000.0,0.7,0.1,0.0,14400.0,0.1,1.0,0.375,0.625,-0.25,,0.875,8,8,0,,0.5,0.5,0.0,0.5,1.0,0.5,0.5,0.5,-0.5,0.0,-0.5,0.0,,,,,gpt4_385a5000,longmemeval,baseline
vector_store,vector_store+HindsightTag,True,3,21600.0,3024000.0,0.7,0.1,0.0,14400.0,0.1,1.0,0.375,0.625,-0.25,0.0625,0.875,8,8,16,,0.5,0.5,0.0,0.5,1.0,0.5,0.5,0.5,-0.5,0.0,-0.5,0.0,0.25,0.0,0.0,0.0,gpt4_385a5000,longmemeval,ablation_0
mem0,mem0,False,4,21600.0,3024000.0,0.7,0.1,0.0,14400.0,0.1,1.0,0.0,0.0,0.0,,0.0,8,8,0,True,0.0,0.0,0.0,0.0,0.0,0.0,0.0,0.0,0.0,0.0,0.0,0.0,,,,,gpt4_385a5000,longmemeval,baseline
mem0,mem0+HindsightTag,True,4,21600.0,3024000.0,0.7,0.1,0.0,14400.0,0.1,1.0,0.0,0.25,-0.25,0.0,0.125,8,8,16,True,0.0,0.0,0.0,0.0,0.5,0.5,0.0,0.0,-0.5,-0.5,0.0,0.0,0.0,0.0,0.0,0.0,gpt4_385a5000,longmemeval,ablation_0
vector_store,vector_store,False,4,21600.0,3024000.0,0.7,0.1,0.0,14400.0,0.1,1.0,1.0,0.625,0.375,,0.875,8,8,0,,1.0,1.0,1.0,1.0,1.0,0.5,0.5,0.5,0.0,0.5,0.5,0.5,,,,,gpt4_385a5000,longmemeval,baseline
vector_store,vector_store+HindsightTag,True,4,21600.0,3024000.0,0.7,0.1,0.0,14400.0,0.1,1.0,1.0,0.625,0.375,0.0,0.875,8,8,16,,1.0,1.0,1.0,1.0,1.0,0.5,0.5,0.5,0.0,0.5,0.5,0.5,0.0,0.0,0.0,0.0,gpt4_385a5000,longmemeval,ablation_0
mem0,mem0,False,5,21600.0,3024000.0,0.7,0.1,0.0,14400.0,0.1,1.0,0.0,0.0,0.0,,0.0,8,8,0,True,0.0,0.0,0.0,0.0,0.0,0.0,0.0,0.0,0.0,0.0,0.0,0.0,,,,,gpt4_385a5000,longmemeval,baseline
mem0,mem0+HindsightTag,True,5,21600.0,3024000.0,0.7,0.1,0.0,14400.0,0.1,1.0,0.0,0.25,-0.25,0.0,0.125,8,8,16,True,0.0,0.0,0.0,0.0,0.0,1.0,0.0,0.0,0.0,-1.0,0.0,0.0,0.0,0.0,0.0,0.0,gpt4_385a5000,longmemeval,ablation_0
vector_store,vector_store,False,5,21600.0,3024000.0,0.7,0.1,0.0,14400.0,0.1,1.0,0.75,0.875,-0.125,,1.0,8,8,0,,1.0,0.5,0.5,1.0,1.0,1.0,1.0,0.5,0.0,-0.5,-0.5,0.5,,,,,gpt4_385a5000,longmemeval,baseline
vector_store,vector_store+HindsightTag,True,5,21600.0,3024000.0,0.7,0.1,0.0,14400.0,0.1,1.0,0.75,0.875,-0.125,0.0,1.0,8,8,16,,1.0,0.5,0.5,1.0,1.0,1.0,1.0,0.5,0.0,-0.5,-0.5,0.5,0.0,0.0,0.0,0.0,gpt4_385a5000,longmemeval,ablation_0
mem0,mem0,False,6,21600.0,3024000.0,0.7,0.1,0.0,14400.0,0.1,1.0,0.0,0.0,0.0,,0.0,8,8,0,True,0.0,0.0,0.0,0.0,0.0,0.0,0.0,0.0,0.0,0.0,0.0,0.0,,,,,gpt4_385a5000,longmemeval,baseline
mem0,mem0+HindsightTag,True,6,21600.0,3024000.0,0.7,0.1,0.0,14400.0,0.1,1.0,0.25,0.0,0.25,0.0,0.0,8,8,16,True,0.5,0.5,0.0,0.0,0.0,0.0,0.0,0.0,0.5,0.5,0.0,0.0,0.0,0.0,0.0,0.0,gpt4_385a5000,longmemeval,ablation_0
vector_store,vector_store,False,6,21600.0,3024000.0,0.7,0.1,0.0,14400.0,0.1,1.0,0.625,0.5,0.125,,0.625,8,8,0,,1.0,0.0,0.5,1.0,0.0,1.0,0.5,0.5,1.0,-1.0,0.0,0.5,,,,,gpt4_385a5000,longmemeval,baseline
vector_store,vector_store+HindsightTag,True,6,21600.0,3024000.0,0.7,0.1,0.0,14400.0,0.1,1.0,0.625,0.5,0.125,0.0,0.625,8,8,16,,1.0,0.0,0.5,1.0,0.0,1.0,0.5,0.5,1.0,-1.0,0.0,0.5,0.0,0.0,0.0,0.0,gpt4_385a5000,longmemeval,ablation_0
mem0,mem0,False,7,21600.0,3024000.0,0.7,0.1,0.0,14400.0,0.1,1.0,0.0,0.0,0.0,,0.0,8,8,0,True,0.0,0.0,0.0,0.0,0.0,0.0,0.0,0.0,0.0,0.0,0.0,0.0,,,,,gpt4_385a5000,longmemeval,baseline
mem0,mem0+HindsightTag,True,7,21600.0,3024000.0,0.7,0.1,0.0,14400.0,0.1,1.0,0.125,0.0,0.125,0.0,0.25,8,8,16,True,0.0,0.0,0.5,0.0,0.0,0.0,0.0,0.0,0.0,0.0,0.5,0.0,0.0,0.0,0.0,0.0,gpt4_385a5000,longmemeval,ablation_0
vector_store,vector_store,False,7,21600.0,3024000.0,0.7,0.1,0.0,14400.0,0.1,1.0,0.75,1.0,-0.25,,1.0,8,8,0,,1.0,0.5,1.0,0.5,1.0,1.0,1.0,1.0,0.0,-0.5,0.0,-0.5,,,,,gpt4_385a5000,longmemeval,baseline
vector_store,vector_store+HindsightTag,True,7,21600.0,3024000.0,0.7,0.1,0.0,14400.0,0.1,1.0,0.75,1.0,-0.25,0.0,1.0,8,8,16,,1.0,0.5,1.0,0.5,1.0,1.0,1.0,1.0,0.0,-0.5,0.0,-0.5,0.0,0.0,0.0,0.0,gpt4_385a5000,longmemeval,ablation_0
mem0,mem0,False,8,21600.0,3024000.0,0.7,0.1,0.0,14400.0,0.1,1.0,0.0,0.0,0.0,,0.0,8,8,0,True,0.0,0.0,0.0,0.0,0.0,0.0,0.0,0.0,0.0,0.0,0.0,0.0,,,,,gpt4_385a5000,longmemeval,baseline
mem0,mem0+HindsightTag,True,8,21600.0,3024000.0,0.7,0.1,0.0,14400.0,0.1,1.0,0.0,0.0,0.0,0.0,0.125,8,8,16,True,0.0,0.0,0.0,0.0,0.0,0.0,0.0,0.0,0.0,0.0,0.0,0.0,0.0,0.0,0.0,0.0,gpt4_385a5000,longmemeval,ablation_0
vector_store,vector_store,False,8,21600.0,3024000.0,0.7,0.1,0.0,14400.0,0.1,1.0,0.75,0.5,0.25,,0.5,8,8,0,,1.0,0.0,1.0,1.0,0.5,0.0,1.0,0.5,0.5,0.0,0.0,0.5,,,,,gpt4_385a5000,longmemeval,baseline
vector_store,vector_store+HindsightTag,True,8,21600.0,3024000.0,0.7,0.1,0.0,14400.0,0.1,1.0,0.75,0.5,0.25,0.0,0.5,8,8,16,,1.0,0.0,1.0,1.0,0.5,0.0,1.0,0.5,0.5,0.0,0.0,0.5,0.0,0.0,0.0,0.0,gpt4_385a5000,longmemeval,ablation_0
mem0,mem0,False,9,21600.0,3024000.0,0.7,0.1,0.0,14400.0,0.1,1.0,0.0,0.0,0.0,,0.0,8,8,0,True,0.0,0.0,0.0,0.0,0.0,0.0,0.0,0.0,0.0,0.0,0.0,0.0,,,,,gpt4_385a5000,longmemeval,baseline
mem0,mem0+HindsightTag,True,9,21600.0,3024000.0,0.7,0.1,0.0,14400.0,0.1,1.0,0.0,0.0,0.0,0.0,0.0,8,8,16,True,0.0,0.0,0.0,0.0,0.0,0.0,0.0,0.0,0.0,0.0,0.0,0.0,0.0,0.0,0.0,0.0,gpt4_385a5000,longmemeval,ablation_0
vector_store,vector_store,False,9,21600.0,3024000.0,0.7,0.1,0.0,14400.0,0.1,1.0,0.5,0.875,-0.375,,0.875,8,8,0,,0.5,0.5,0.5,0.5,1.0,0.5,1.0,1.0,-0.5,0.0,-0.5,-0.5,,,,,gpt4_385a5000,longmemeval,baseline
vector_store,vector_store+HindsightTag,True,9,21600.0,3024000.0,0.7,0.1,0.0,14400.0,0.1,1.0,0.5,0.875,-0.375,0.0,0.875,8,8,16,,0.5,0.5,0.5,0.5,1.0,0.5,1.0,1.0,-0.5,0.0,-0.5,-0.5,0.0,0.0,0.0,0.0,gpt4_385a5000,longmemeval,ablation_0
mem0,mem0,False,0,21600.0,3024000.0,0.7,0.1,0.0,14400.0,0.1,1.0,0.0,0.0,0.0,,0.0,8,8,0,True,0.0,0.0,0.0,0.0,0.0,0.0,0.0,0.0,0.0,0.0,0.0,0.0,,,,,2a1811e2,longmemeval,baseline
mem0,mem0+HindsightTag,True,0,21600.0,3024000.0,0.7,0.1,0.0,14400.0,0.1,1.0,0.0,0.0,0.0,0.0625,0.0,8,8,16,True,0.0,0.0,0.0,0.0,0.0,0.0,0.0,0.0,0.0,0.0,0.0,0.0,0.25,0.0,0.0,0.0,2a1811e2,longmemeval,ablation_0
vector_store,vector_store,False,0,21600.0,3024000.0,0.7,0.1,0.0,14400.0,0.1,1.0,0.75,0.625,0.125,,0.875,8,8,0,,0.5,1.0,1.0,0.5,1.0,0.5,1.0,0.0,-0.5,0.5,0.0,0.5,,,,,2a1811e2,longmemeval,baseline
vector_store,vector_store+HindsightTag,True,0,21600.0,3024000.0,0.7,0.1,0.0,14400.0,0.1,1.0,0.75,0.625,0.125,0.0625,0.875,8,8,16,,0.5,1.0,1.0,0.5,1.0,0.5,1.0,0.0,-0.5,0.5,0.0,0.5,0.25,0.0,0.0,0.0,2a1811e2,longmemeval,ablation_0
mem0,mem0,False,1,21600.0,3024000.0,0.7,0.1,0.0,14400.0,0.1,1.0,0.0,0.0,0.0,,0.0,8,8,0,True,0.0,0.0,0.0,0.0,0.0,0.0,0.0,0.0,0.0,0.0,0.0,0.0,,,,,2a1811e2,longmemeval,baseline
mem0,mem0+HindsightTag,True,1,21600.0,3024000.0,0.7,0.1,0.0,14400.0,0.1,1.0,0.0,0.0,0.0,0.0625,0.0,8,8,16,True,0.0,0.0,0.0,0.0,0.0,0.0,0.0,0.0,0.0,0.0,0.0,0.0,0.25,0.0,0.0,0.0,2a1811e2,longmemeval,ablation_0
vector_store,vector_store,False,1,21600.0,3024000.0,0.7,0.1,0.0,14400.0,0.1,1.0,0.75,0.75,0.0,,0.875,8,8,0,,1.0,1.0,0.0,1.0,1.0,0.5,1.0,0.5,0.0,0.5,-1.0,0.5,,,,,2a1811e2,longmemeval,baseline
vector_store,vector_store+HindsightTag,True,1,21600.0,3024000.0,0.7,0.1,0.0,14400.0,0.1,1.0,0.75,0.75,0.0,0.0625,0.875,8,8,16,,1.0,1.0,0.0,1.0,1.0,0.5,1.0,0.5,0.0,0.5,-1.0,0.5,0.25,0.0,0.0,0.0,2a1811e2,longmemeval,ablation_0
mem0,mem0,False,2,21600.0,3024000.0,0.7,0.1,0.0,14400.0,0.1,1.0,0.0,0.0,0.0,,0.0,8,8,0,True,0.0,0.0,0.0,0.0,0.0,0.0,0.0,0.0,0.0,0.0,0.0,0.0,,,,,2a1811e2,longmemeval,baseline
mem0,mem0+HindsightTag,True,2,21600.0,3024000.0,0.7,0.1,0.0,14400.0,0.1,1.0,0.0,0.0,0.0,0.0625,0.0,8,8,16,True,0.0,0.0,0.0,0.0,0.0,0.0,0.0,0.0,0.0,0.0,0.0,0.0,0.25,0.0,0.0,0.0,2a1811e2,longmemeval,ablation_0
vector_store,vector_store,False,2,21600.0,3024000.0,0.7,0.1,0.0,14400.0,0.1,1.0,0.625,0.75,-0.125,,1.0,8,8,0,,0.5,0.5,1.0,0.5,0.5,0.5,1.0,1.0,0.0,0.0,0.0,-0.5,,,,,2a1811e2,longmemeval,baseline
vector_store,vector_store+HindsightTag,True,2,21600.0,3024000.0,0.7,0.1,0.0,14400.0,0.1,1.0,0.625,0.75,-0.125,0.0625,1.0,8,8,16,,0.5,0.5,1.0,0.5,0.5,0.5,1.0,1.0,0.0,0.0,0.0,-0.5,0.25,0.0,0.0,0.0,2a1811e2,longmemeval,ablation_0
mem0,mem0,False,3,21600.0,3024000.0,0.7,0.1,0.0,14400.0,0.1,1.0,0.0,0.0,0.0,,0.0,8,8,0,True,0.0,0.0,0.0,0.0,0.0,0.0,0.0,0.0,0.0,0.0,0.0,0.0,,,,,2a1811e2,longmemeval,baseline
mem0,mem0+HindsightTag,True,3,21600.0,3024000.0,0.7,0.1,0.0,14400.0,0.1,1.0,0.0,0.0,0.0,0.0,0.0,8,8,16,True,0.0,0.0,0.0,0.0,0.0,0.0,0.0,0.0,0.0,0.0,0.0,0.0,0.0,0.0,0.0,0.0,2a1811e2,longmemeval,ablation_0
vector_store,vector_store,False,3,21600.0,3024000.0,0.7,0.1,0.0,14400.0,0.1,1.0,0.0,0.75,-0.75,,0.875,8,8,0,,0.0,0.0,0.0,0.0,1.0,0.5,0.5,1.0,-1.0,-0.5,-0.5,-1.0,,,,,2a1811e2,longmemeval,baseline
vector_store,vector_store+HindsightTag,True,3,21600.0,3024000.0,0.7,0.1,0.0,14400.0,0.1,1.0,0.0,0.75,-0.75,0.0,0.875,8,8,16,,0.0,0.0,0.0,0.0,1.0,0.5,0.5,1.0,-1.0,-0.5,-0.5,-1.0,0.0,0.0,0.0,0.0,2a1811e2,longmemeval,ablation_0
mem0,mem0,False,4,21600.0,3024000.0,0.7,0.1,0.0,14400.0,0.1,1.0,0.0,0.0,0.0,,0.0,8,8,0,True,0.0,0.0,0.0,0.0,0.0,0.0,0.0,0.0,0.0,0.0,0.0,0.0,,,,,2a1811e2,longmemeval,baseline
mem0,mem0+HindsightTag,True,4,21600.0,3024000.0,0.7,0.1,0.0,14400.0,0.1,1.0,0.0,0.125,-0.125,0.0625,0.25,8,8,16,True,0.0,0.0,0.0,0.0,0.0,0.5,0.0,0.0,0.0,-0.5,0.0,0.0,0.25,0.0,0.0,0.0,2a1811e2,longmemeval,ablation_0
vector_store,vector_store,False,4,21600.0,3024000.0,0.7,0.1,0.0,14400.0,0.1,1.0,0.875,0.875,0.0,,0.625,8,8,0,,1.0,1.0,0.5,1.0,1.0,1.0,0.5,1.0,0.0,0.0,0.0,0.0,,,,,2a1811e2,longmemeval,baseline
vector_store,vector_store+HindsightTag,True,4,21600.0,3024000.0,0.7,0.1,0.0,14400.0,0.1,1.0,0.875,0.875,0.0,0.0625,0.625,8,8,16,,1.0,1.0,0.5,1.0,1.0,1.0,0.5,1.0,0.0,0.0,0.0,0.0,0.25,0.0,0.0,0.0,2a1811e2,longmemeval,ablation_0
mem0,mem0,False,5,21600.0,3024000.0,0.7,0.1,0.0,14400.0,0.1,1.0,0.0,0.0,0.0,,0.0,8,8,0,True,0.0,0.0,0.0,0.0,0.0,0.0,0.0,0.0,0.0,0.0,0.0,0.0,,,,,2a1811e2,longmemeval,baseline
mem0,mem0+HindsightTag,True,5,21600.0,3024000.0,0.7,0.1,0.0,14400.0,0.1,1.0,0.0,0.0,0.0,0.0625,0.0,8,8,16,True,0.0,0.0,0.0,0.0,0.0,0.0,0.0,0.0,0.0,0.0,0.0,0.0,0.25,0.0,0.0,0.0,2a1811e2,longmemeval,ablation_0
vector_store,vector_store,False,5,21600.0,3024000.0,0.7,0.1,0.0,14400.0,0.1,1.0,0.75,0.75,0.0,,0.75,8,8,0,,0.5,0.5,1.0,1.0,1.0,0.5,0.5,1.0,-0.5,0.0,0.5,0.0,,,,,2a1811e2,longmemeval,baseline
vector_store,vector_store+HindsightTag,True,5,21600.0,3024000.0,0.7,0.1,0.0,14400.0,0.1,1.0,0.75,0.75,0.0,0.0625,0.75,8,8,16,,0.5,0.5,1.0,1.0,1.0,0.5,0.5,1.0,-0.5,0.0,0.5,0.0,0.25,0.0,0.0,0.0,2a1811e2,longmemeval,ablation_0
mem0,mem0,False,6,21600.0,3024000.0,0.7,0.1,0.0,14400.0,0.1,1.0,0.0,0.0,0.0,,0.0,8,8,0,True,0.0,0.0,0.0,0.0,0.0,0.0,0.0,0.0,0.0,0.0,0.0,0.0,,,,,2a1811e2,longmemeval,baseline
mem0,mem0+HindsightTag,True,6,21600.0,3024000.0,0.7,0.1,0.0,14400.0,0.1,1.0,0.0,0.0,0.0,0.0,0.0,8,8,16,True,0.0,0.0,0.0,0.0,0.0,0.0,0.0,0.0,0.0,0.0,0.0,0.0,0.0,0.0,0.0,0.0,2a1811e2,longmemeval,ablation_0
vector_store,vector_store,False,6,21600.0,3024000.0,0.7,0.1,0.0,14400.0,0.1,1.0,0.625,0.625,0.0,,0.75,8,8,0,,1.0,1.0,0.0,0.5,0.0,1.0,0.5,1.0,1.0,0.0,-0.5,-0.5,,,,,2a1811e2,longmemeval,baseline
vector_store,vector_store+HindsightTag,True,6,21600.0,3024000.0,0.7,0.1,0.0,14400.0,0.1,1.0,0.625,0.625,0.0,0.0,0.75,8,8,16,,1.0,1.0,0.0,0.5,0.0,1.0,0.5,1.0,1.0,0.0,-0.5,-0.5,0.0,0.0,0.0,0.0,2a1811e2,longmemeval,ablation_0
mem0,mem0,False,7,21600.0,3024000.0,0.7,0.1,0.0,14400.0,0.1,1.0,0.0,0.0,0.0,,0.0,8,8,0,True,0.0,0.0,0.0,0.0,0.0,0.0,0.0,0.0,0.0,0.0,0.0,0.0,,,,,2a1811e2,longmemeval,baseline
mem0,mem0+HindsightTag,True,7,21600.0,3024000.0,0.7,0.1,0.0,14400.0,0.1,1.0,0.0,0.125,-0.125,0.125,0.0,8,8,16,True,0.0,0.0,0.0,0.0,0.0,0.0,0.0,0.5,0.0,0.0,0.0,-0.5,0.5,0.0,0.0,0.0,2a1811e2,longmemeval,ablation_0
vector_store,vector_store,False,7,21600.0,3024000.0,0.7,0.1,0.0,14400.0,0.1,1.0,0.625,0.875,-0.25,,0.875,8,8,0,,0.5,0.5,0.5,1.0,1.0,0.5,1.0,1.0,-0.5,0.0,-0.5,0.0,,,,,2a1811e2,longmemeval,baseline
vector_store,vector_store+HindsightTag,True,7,21600.0,3024000.0,0.7,0.1,0.0,14400.0,0.1,1.0,0.625,0.875,-0.25,0.125,0.875,8,8,16,,0.5,0.5,0.5,1.0,1.0,0.5,1.0,1.0,-0.5,0.0,-0.5,0.0,0.5,0.0,0.0,0.0,2a1811e2,longmemeval,ablation_0
mem0,mem0,False,8,21600.0,3024000.0,0.7,0.1,0.0,14400.0,0.1,1.0,0.0,0.0,0.0,,0.0,8,8,0,True,0.0,0.0,0.0,0.0,0.0,0.0,0.0,0.0,0.0,0.0,0.0,0.0,,,,,2a1811e2,longmemeval,baseline
mem0,mem0+HindsightTag,True,8,21600.0,3024000.0,0.7,0.1,0.0,14400.0,0.1,1.0,0.375,0.0,0.375,0.0625,0.0,8,8,16,True,0.5,0.5,0.5,0.0,0.0,0.0,0.0,0.0,0.5,0.5,0.5,0.0,0.25,0.0,0.0,0.0,2a1811e2,longmemeval,ablation_0
vector_store,vector_store,False,8,21600.0,3024000.0,0.7,0.1,0.0,14400.0,0.1,1.0,1.0,0.875,0.125,,1.0,8,8,0,,1.0,1.0,1.0,1.0,1.0,1.0,1.0,0.5,0.0,0.0,0.0,0.5,,,,,2a1811e2,longmemeval,baseline
vector_store,vector_store+HindsightTag,True,8,21600.0,3024000.0,0.7,0.1,0.0,14400.0,0.1,1.0,1.0,0.875,0.125,0.0625,1.0,8,8,16,,1.0,1.0,1.0,1.0,1.0,1.0,1.0,0.5,0.0,0.0,0.0,0.5,0.25,0.0,0.0,0.0,2a1811e2,longmemeval,ablation_0
mem0,mem0,False,9,21600.0,3024000.0,0.7,0.1,0.0,14400.0,0.1,1.0,0.0,0.0,0.0,,0.0,8,8,0,True,0.0,0.0,0.0,0.0,0.0,0.0,0.0,0.0,0.0,0.0,0.0,0.0,,,,,2a1811e2,longmemeval,baseline
mem0,mem0+HindsightTag,True,9,21600.0,3024000.0,0.7,0.1,0.0,14400.0,0.1,1.0,0.0,0.0,0.0,0.0625,0.0,8,8,16,True,0.0,0.0,0.0,0.0,0.0,0.0,0.0,0.0,0.0,0.0,0.0,0.0,0.25,0.0,0.0,0.0,2a1811e2,longmemeval,ablation_0
vector_store,vector_store,False,9,21600.0,3024000.0,0.7,0.1,0.0,14400.0,0.1,1.0,0.875,0.5,0.375,,0.875,8,8,0,,1.0,0.5,1.0,1.0,0.5,0.5,1.0,0.0,0.5,0.0,0.0,1.0,,,,,2a1811e2,longmemeval,baseline
vector_store,vector_store+HindsightTag,True,9,21600.0,3024000.0,0.7,0.1,0.0,14400.0,0.1,1.0,0.875,0.5,0.375,0.0625,0.875,8,8,16,,1.0,0.5,1.0,1.0,0.5,0.5,1.0,0.0,0.5,0.0,0.0,1.0,0.25,0.0,0.0,0.0,2a1811e2,longmemeval,ablation_0
mem0,mem0,False,0,21600.0,3024000.0,0.7,0.1,0.0,14400.0,0.1,1.0,0.0,0.0,0.0,,0.0,8,8,0,True,0.0,0.0,0.0,0.0,0.0,0.0,0.0,0.0,0.0,0.0,0.0,0.0,,,,,bbf86515,longmemeval,baseline
mem0,mem0+HindsightTag,True,0,21600.0,3024000.0,0.7,0.1,0.0,14400.0,0.1,1.0,0.0,0.0,0.0,0.125,0.0,8,8,16,True,0.0,0.0,0.0,0.0,0.0,0.0,0.0,0.0,0.0,0.0,0.0,0.0,0.5,0.0,0.0,0.0,bbf86515,longmemeval,ablation_0
vector_store,vector_store,False,0,21600.0,3024000.0,0.7,0.1,0.0,14400.0,0.1,1.0,0.625,0.875,-0.25,,0.625,8,8,0,,1.0,0.5,0.5,0.5,0.5,1.0,1.0,1.0,0.5,-0.5,-0.5,-0.5,,,,,bbf86515,longmemeval,baseline
vector_store,vector_store+HindsightTag,True,0,21600.0,3024000.0,0.7,0.1,0.0,14400.0,0.1,1.0,0.625,0.875,-0.25,0.125,0.625,8,8,16,,1.0,0.5,0.5,0.5,0.5,1.0,1.0,1.0,0.5,-0.5,-0.5,-0.5,0.5,0.0,0.0,0.0,bbf86515,longmemeval,ablation_0
mem0,mem0,False,1,21600.0,3024000.0,0.7,0.1,0.0,14400.0,0.1,1.0,0.0,0.0,0.0,,0.0,8,8,0,True,0.0,0.0,0.0,0.0,0.0,0.0,0.0,0.0,0.0,0.0,0.0,0.0,,,,,bbf86515,longmemeval,baseline
mem0,mem0+HindsightTag,True,1,21600.0,3024000.0,0.7,0.1,0.0,14400.0,0.1,1.0,0.0,0.0,0.0,0.1875,0.0,8,8,16,True,0.0,0.0,0.0,0.0,0.0,0.0,0.0,0.0,0.0,0.0,0.0,0.0,0.75,0.0,0.0,0.0,bbf86515,longmemeval,ablation_0
vector_store,vector_store,False,1,21600.0,3024000.0,0.7,0.1,0.0,14400.0,0.1,1.0,0.875,0.875,0.0,,0.875,8,8,0,,1.0,1.0,1.0,0.5,1.0,1.0,1.0,0.5,0.0,0.0,0.0,0.0,,,,,bbf86515,longmemeval,baseline
vector_store,vector_store+HindsightTag,True,1,21600.0,3024000.0,0.7,0.1,0.0,14400.0,0.1,1.0,0.875,0.875,0.0,0.1875,0.875,8,8,16,,1.0,1.0,1.0,0.5,1.0,1.0,1.0,0.5,0.0,0.0,0.0,0.0,0.75,0.0,0.0,0.0,bbf86515,longmemeval,ablation_0
mem0,mem0,False,2,21600.0,3024000.0,0.7,0.1,0.0,14400.0,0.1,1.0,0.0,0.0,0.0,,0.0,8,8,0,True,0.0,0.0,0.0,0.0,0.0,0.0,0.0,0.0,0.0,0.0,0.0,0.0,,,,,bbf86515,longmemeval,baseline
mem0,mem0+HindsightTag,True,2,21600.0,3024000.0,0.7,0.1,0.0,14400.0,0.1,1.0,0.0,0.0,0.0,0.1875,0.0,8,8,16,True,0.0,0.0,0.0,0.0,0.0,0.0,0.0,0.0,0.0,0.0,0.0,0.0,0.75,0.0,0.0,0.0,bbf86515,longmemeval,ablation_0
vector_store,vector_store,False,2,21600.0,3024000.0,0.7,0.1,0.0,14400.0,0.1,1.0,0.875,0.875,0.0,,0.625,8,8,0,,0.5,1.0,1.0,1.0,1.0,1.0,0.5,1.0,-0.5,0.0,0.5,0.0,,,,,bbf86515,longmemeval,baseline
vector_store,vector_store+HindsightTag,True,2,21600.0,3024000.0,0.7,0.1,0.0,14400.0,0.1,1.0,0.875,0.875,0.0,0.1875,0.625,8,8,16,,0.5,1.0,1.0,1.0,1.0,1.0,0.5,1.0,-0.5,0.0,0.5,0.0,0.75,0.0,0.0,0.0,bbf86515,longmemeval,ablation_0
mem0,mem0,False,3,21600.0,3024000.0,0.7,0.1,0.0,14400.0,0.1,1.0,0.0,0.0,0.0,,0.0,8,8,0,True,0.0,0.0,0.0,0.0,0.0,0.0,0.0,0.0,0.0,0.0,0.0,0.0,,,,,bbf86515,longmemeval,baseline
mem0,mem0+HindsightTag,True,3,21600.0,3024000.0,0.7,0.1,0.0,14400.0,0.1,1.0,0.0,0.0,0.0,0.1875,0.0,8,8,16,True,0.0,0.0,0.0,0.0,0.0,0.0,0.0,0.0,0.0,0.0,0.0,0.0,0.75,0.0,0.0,0.0,bbf86515,longmemeval,ablation_0
vector_store,vector_store,False,3,21600.0,3024000.0,0.7,0.1,0.0,14400.0,0.1,1.0,0.625,0.875,-0.25,,0.875,8,8,0,,0.0,1.0,1.0,0.5,1.0,1.0,0.5,1.0,-1.0,0.0,0.5,-0.5,,,,,bbf86515,longmemeval,baseline
vector_store,vector_store+HindsightTag,True,3,21600.0,3024000.0,0.7,0.1,0.0,14400.0,0.1,1.0,0.625,0.875,-0.25,0.1875,0.875,8,8,16,,0.0,1.0,1.0,0.5,1.0,1.0,0.5,1.0,-1.0,0.0,0.5,-0.5,0.75,0.0,0.0,0.0,bbf86515,longmemeval,ablation_0
mem0,mem0,False,4,21600.0,3024000.0,0.7,0.1,0.0,14400.0,0.1,1.0,0.0,0.0,0.0,,0.0,8,8,0,True,0.0,0.0,0.0,0.0,0.0,0.0,0.0,0.0,0.0,0.0,0.0,0.0,,,,,bbf86515,longmemeval,baseline
mem0,mem0+HindsightTag,True,4,21600.0,3024000.0,0.7,0.1,0.0,14400.0,0.1,1.0,0.0,0.0,0.0,0.0625,0.0,8,8,16,True,0.0,0.0,0.0,0.0,0.0,0.0,0.0,0.0,0.0,0.0,0.0,0.0,0.25,0.0,0.0,0.0,bbf86515,longmemeval,ablation_0
vector_store,vector_store,False,4,21600.0,3024000.0,0.7,0.1,0.0,14400.0,0.1,1.0,0.375,0.625,-0.25,,0.75,8,8,0,,0.5,0.5,0.0,0.5,0.5,1.0,0.5,0.5,0.0,-0.5,-0.5,0.0,,,,,bbf86515,longmemeval,baseline
vector_store,vector_store+HindsightTag,True,4,21600.0,3024000.0,0.7,0.1,0.0,14400.0,0.1,1.0,0.375,0.625,-0.25,0.0625,0.75,8,8,16,,0.5,0.5,0.0,0.5,0.5,1.0,0.5,0.5,0.0,-0.5,-0.5,0.0,0.25,0.0,0.0,0.0,bbf86515,longmemeval,ablation_0
mem0,mem0,False,5,21600.0,3024000.0,0.7,0.1,0.0,14400.0,0.1,1.0,0.0,0.0,0.0,,0.0,8,8,0,True,0.0,0.0,0.0,0.0,0.0,0.0,0.0,0.0,0.0,0.0,0.0,0.0,,,,,bbf86515,longmemeval,baseline
mem0,mem0+HindsightTag,True,5,21600.0,3024000.0,0.7,0.1,0.0,14400.0,0.1,1.0,0.0,0.0,0.0,0.0625,0.0,8,8,16,True,0.0,0.0,0.0,0.0,0.0,0.0,0.0,0.0,0.0,0.0,0.0,0.0,0.25,0.0,0.0,0.0,bbf86515,longmemeval,ablation_0
vector_store,vector_store,False,5,21600.0,3024000.0,0.7,0.1,0.0,14400.0,0.1,1.0,0.75,1.0,-0.25,,0.75,8,8,0,,1.0,1.0,0.5,0.5,1.0,1.0,1.0,1.0,0.0,0.0,-0.5,-0.5,,,,,bbf86515,longmemeval,baseline
vector_store,vector_store+HindsightTag,True,5,21600.0,3024000.0,0.7,0.1,0.0,14400.0,0.1,1.0,0.75,1.0,-0.25,0.0625,0.75,8,8,16,,1.0,1.0,0.5,0.5,1.0,1.0,1.0,1.0,0.0,0.0,-0.5,-0.5,0.25,0.0,0.0,0.0,bbf86515,longmemeval,ablation_0
mem0,mem0,False,6,21600.0,3024000.0,0.7,0.1,0.0,14400.0,0.1,1.0,0.0,0.0,0.0,,0.0,8,8,0,True,0.0,0.0,0.0,0.0,0.0,0.0,0.0,0.0,0.0,0.0,0.0,0.0,,,,,bbf86515,longmemeval,baseline
mem0,mem0+HindsightTag,True,6,21600.0,3024000.0,0.7,0.1,0.0,14400.0,0.1,1.0,0.0,0.0,0.0,0.125,0.0,8,8,16,True,0.0,0.0,0.0,0.0,0.0,0.0,0.0,0.0,0.0,0.0,0.0,0.0,0.5,0.0,0.0,0.0,bbf86515,longmemeval,ablation_0
vector_store,vector_store,False,6,21600.0,3024000.0,0.7,0.1,0.0,14400.0,0.1,1.0,0.625,0.625,0.0,,0.75,8,8,0,,0.5,0.5,1.0,0.5,1.0,0.5,0.5,0.5,-0.5,0.0,0.5,0.0,,,,,bbf86515,longmemeval,baseline
vector_store,vector_store+HindsightTag,True,6,21600.0,3024000.0,0.7,0.1,0.0,14400.0,0.1,1.0,0.625,0.625,0.0,0.125,0.75,8,8,16,,0.5,0.5,1.0,0.5,1.0,0.5,0.5,0.5,-0.5,0.0,0.5,0.0,0.5,0.0,0.0,0.0,bbf86515,longmemeval,ablation_0
mem0,mem0,False,7,21600.0,3024000.0,0.7,0.1,0.0,14400.0,0.1,1.0,0.0,0.0,0.0,,0.0,8,8,0,True,0.0,0.0,0.0,0.0,0.0,0.0,0.0,0.0,0.0,0.0,0.0,0.0,,,,,bbf86515,longmemeval,baseline
mem0,mem0+HindsightTag,True,7,21600.0,3024000.0,0.7,0.1,0.0,14400.0,0.1,1.0,0.0,0.0,0.0,0.125,0.0,8,8,16,True,0.0,0.0,0.0,0.0,0.0,0.0,0.0,0.0,0.0,0.0,0.0,0.0,0.5,0.0,0.0,0.0,bbf86515,longmemeval,ablation_0
vector_store,vector_store,False,7,21600.0,3024000.0,0.7,0.1,0.0,14400.0,0.1,1.0,0.75,1.0,-0.25,,0.625,8,8,0,,0.5,1.0,0.5,1.0,1.0,1.0,1.0,1.0,-0.5,0.0,-0.5,0.0,,,,,bbf86515,longmemeval,baseline
vector_store,vector_store+HindsightTag,True,7,21600.0,3024000.0,0.7,0.1,0.0,14400.0,0.1,1.0,0.75,1.0,-0.25,0.125,0.625,8,8,16,,0.5,1.0,0.5,1.0,1.0,1.0,1.0,1.0,-0.5,0.0,-0.5,0.0,0.5,0.0,0.0,0.0,bbf86515,longmemeval,ablation_0
mem0,mem0,False,8,21600.0,3024000.0,0.7,0.1,0.0,14400.0,0.1,1.0,0.0,0.0,0.0,,0.0,8,8,0,True,0.0,0.0,0.0,0.0,0.0,0.0,0.0,0.0,0.0,0.0,0.0,0.0,,,,,bbf86515,longmemeval,baseline
mem0,mem0+HindsightTag,True,8,21600.0,3024000.0,0.7,0.1,0.0,14400.0,0.1,1.0,0.0,0.0,0.0,0.0625,0.0,8,8,16,True,0.0,0.0,0.0,0.0,0.0,0.0,0.0,0.0,0.0,0.0,0.0,0.0,0.25,0.0,0.0,0.0,bbf86515,longmemeval,ablation_0
vector_store,vector_store,False,8,21600.0,3024000.0,0.7,0.1,0.0,14400.0,0.1,1.0,0.75,0.625,0.125,,0.875,8,8,0,,0.0,1.0,1.0,1.0,0.5,1.0,1.0,0.0,-0.5,0.0,0.0,1.0,,,,,bbf86515,longmemeval,baseline
vector_store,vector_store+HindsightTag,True,8,21600.0,3024000.0,0.7,0.1,0.0,14400.0,0.1,1.0,0.75,0.625,0.125,0.0625,0.875,8,8,16,,0.0,1.0,1.0,1.0,0.5,1.0,1.0,0.0,-0.5,0.0,0.0,1.0,0.25,0.0,0.0,0.0,bbf86515,longmemeval,ablation_0
mem0,mem0,False,9,21600.0,3024000.0,0.7,0.1,0.0,14400.0,0.1,1.0,0.0,0.0,0.0,,0.0,8,8,0,True,0.0,0.0,0.0,0.0,0.0,0.0,0.0,0.0,0.0,0.0,0.0,0.0,,,,,bbf86515,longmemeval,baseline
mem0,mem0+HindsightTag,True,9,21600.0,3024000.0,0.7,0.1,0.0,14400.0,0.1,1.0,0.0,0.0,0.0,0.0625,0.0,8,8,16,True,0.0,0.0,0.0,0.0,0.0,0.0,0.0,0.0,0.0,0.0,0.0,0.0,0.25,0.0,0.0,0.0,bbf86515,longmemeval,ablation_0
vector_store,vector_store,False,9,21600.0,3024000.0,0.7,0.1,0.0,14400.0,0.1,1.0,0.875,0.75,0.125,,0.75,8,8,0,,1.0,1.0,1.0,0.5,1.0,1.0,0.5,0.5,0.0,0.0,0.5,0.0,,,,,bbf86515,longmemeval,baseline
vector_store,vector_store+HindsightTag,True,9,21600.0,3024000.0,0.7,0.1,0.0,14400.0,0.1,1.0,0.875,0.75,0.125,0.0625,0.75,8,8,16,,1.0,1.0,1.0,0.5,1.0,1.0,0.5,0.5,0.0,0.0,0.5,0.0,0.25,0.0,0.0,0.0,bbf86515,longmemeval,ablation_0
